{
  "parent": "rctmod:trainers/defeat_champion",
  "display": {
    "title": {
      "text": "(DLC)Mineral Badge"
    },
    "description": {
      "text": "Defeat Leader Jasmine"
    },
    "icon": {
      "item": "cobblemon:cherish_ball"
    },
    "announce_to_chat": true,
    "show_toast": true,
    "hidden": false,
    "frame": "goal"
  },
  "criteria": {
    "first_defeat": {
      "conditions": {
        "trainer_id": "leader_jasmine_001d"
      },
      "trigger": "rctmod:defeat_count"
    }
  },
  "requirements": [
    [
      "first_defeat"
    ]
  ]
}
