{
	"format_version": "1.12.0",
	"minecraft:geometry": [
		{
			"description": {
				"identifier": "geometry.tadbulb",
				"texture_width": 32,
				"texture_height": 32,
				"visible_bounds_width": 2,
				"visible_bounds_height": 2.5,
				"visible_bounds_offset": [0, 0.75, 0]
			},
			"bones": [
				{
					"name": "root",
					"pivot": [0, 0, 0]
				},
				{
					"name": "tadbulb",
					"parent": "root",
					"pivot": [0, 13, 0],
					"rotation": [0, 90, 0],
					"cubes": [
						{"origin": [-3, 10, -3], "size": [6, 6, 6], "uv": [0, 0]}
					]
				},
				{
					"name": "face",
					"parent": "tadbulb",
					"pivot": [0, 0, 0]
				},
				{
					"name": "mouth",
					"parent": "face",
					"pivot": [2, 4, -2],
					"cubes": [
						{"origin": [3.1, 11.5, 1.5], "size": [0, 1, 1], "uv": [9, 11]},
						{"origin": [3.1, 11.5, -2.5], "size": [0, 1, 1], "uv": [0, 11]},
						{"origin": [3.1, 10.5, -1.5], "size": [0, 1, 3], "uv": [0, 0]}
					]
				},
				{
					"name": "eye_r",
					"parent": "face",
					"pivot": [2, 4, -2],
					"cubes": [
						{"origin": [3.1, 12.5, 0.5], "size": [0, 2, 1], "uv": [4, 0]}
					]
				},
				{
					"name": "eye_l",
					"parent": "face",
					"pivot": [2, 4, -2],
					"cubes": [
						{"origin": [3.1, 12.5, -1.5], "size": [0, 2, 1], "uv": [4, 3]}
					]
				},
				{
					"name": "body",
					"parent": "tadbulb",
					"pivot": [2, 4, -2],
					"cubes": [
						{"origin": [-1.5, 8, -1.5], "size": [3, 3, 3], "uv": [0, 12]}
					]
				},
				{
					"name": "tail",
					"parent": "body",
					"pivot": [2, 4, -2],
					"cubes": [
						{"origin": [-0.5, 7, -0.5], "size": [1, 2, 1], "uv": [0, 0]}
					]
				},
				{
					"name": "fin",
					"parent": "tail",
					"pivot": [2, 4, -2],
					"cubes": [
						{"origin": [0, 5, -1], "size": [0, 2, 2], "uv": [0, 2]}
					]
				},
				{
					"name": "finend",
					"parent": "fin",
					"pivot": [2, 4, -2],
					"cubes": [
						{"origin": [0, 1, -2], "size": [0, 4, 4], "uv": [12, 8]}
					]
				}
			]
		}
	]
}