{
    "enabled": "true",
    "neededInstalledMods": [],
    "neededUninstalledMods": [],
    "spawns": [
        {
            "id": "girafarig-1",
            "pokemon": "girafarig",
            "presets": [
                "natural"
            ],
            "type": "pokemon",
            "context": "grounded",
            "bucket": "common",
            "level": "19-45",
            "weight": 9.0,
            "condition": {
                "canSeeSky": true,
                "biomes": [
                    "#cobblemon:is_savanna"
                ],
                "timeRange": "day"
            }
        }
    ]
}