{
    "enabled": true,
    "neededInstalledMods": [],
    "neededUninstalledMods": [],
    "spawns": [
        {
            "id": "seviper-1",
            "pokemon": "seviper",
            "type": "pokemon",
            "context": "grounded",
            "bucket": "rare",
            "level": "40-70",
            "weight": 15,
            "condition": {
                "biomes": [
                    "betterend:megalake_grove"
                ]
            }
        },
        {
            "id": "seviper-2",
            "pokemon": "seviper",
            "type": "pokemon",
            "context": "grounded",
            "bucket": "uncommon",
            "level": "19-46",
            "weight": 2,
            "condition": {
                "canSeeSky": true,
                "biomes": [
                    "#cobblemon:is_savanna"
                ]
            }
        }
    ]
}