{
    "enabled": true,
    "neededInstalledMods": [],
    "neededUninstalledMods": [],
    "spawns": [
        {
            "id": "latias-1",
            "pokemon": "latias",
            "type": "pokemon",
            "context": "grounded",
            "bucket": "ultra-rare",
            "level": "70",
            "weight": 0.01,
            "condition": {
                "timeRange": "day",
                "biomes": [
                    "#cobblemon:is_beach",
                    "#cobblemon:is_coast"
                ]
            }
        }
    ]
}