{
    "enabled": "true",
    "neededInstalledMods": [],
    "neededUninstalledMods": [],
    "spawns": [
        {
            "id": "burmy_sandy-1",
            "pokemon": "burmy form=sandy",
            "type": "pokemon",
            "context": "grounded",
            "bucket": "common",
            "level": "25-45",
            "weight": 15.0,
            "condition": {
                "biomes": [
                    "betterend:dust_wastelands"
                ]
            }
        },
        {
            "id": "burmy_sandy-2",
            "pokemon": "burmy form=sandy",
            "type": "pokemon",
            "context": "grounded",
            "bucket": "common",
            "level": "5-26",
            "weight": 2,
            "condition": {
                "biomes": [
                    "#cobblemon:is_desert"
                ]
            }
        }
    ]
}