{
    "enabled": "true",
    "neededInstalledMods": [],
    "neededUninstalledMods": [],
    "spawns": [
        {
            "id": "wormadam_sandy-1",
            "pokemon": "wormadam form=sandy",
            "type": "pokemon",
            "context": "grounded",
            "bucket": "uncommon",
            "level": "35-55",
            "weight": 15.0,
            "condition": {
                "biomes": [
                    "betterend:dust_wastelands"
                ]
            }
        },
        {
            "id": "wormadam_sandy-2",
            "pokemon": "wormadam form=sandy",
            "type": "pokemon",
            "context": "grounded",
            "bucket": "uncommon",
            "level": "15-32",
            "weight": 2,
            "condition": {
                "biomes": [
                    "#cobblemon:is_desert"
                ]
            }
        }
    ]
}