{
    "enabled": "true",
    "neededInstalledMods": [],
    "neededUninstalledMods": [],
    "spawns": [
        {
            "id": "mothim-1",
            "pokemon": "mothim",
            "type": "pokemon",
            "context": "grounded",
            "bucket": "rare",
            "level": "45-65",
            "weight": 15.0,
            "condition": {
                "biomes": [
                    "betterend:amber_land"
                ]
            }
        },
        {
            "id": "mothim-2",
            "pokemon": "mothim",
            "type": "pokemon",
            "context": "grounded",
            "bucket": "rare",
            "level": "28-45",
            "weight": 2,
            "condition": {
                "biomes": [
                    "#minecraft:is_forest"
                ]
            }
        }
    ]
}