{
    "enabled": true,
    "neededInstalledMods": [],
    "neededUninstalledMods": [],
    "spawns": [
        {
            "id": "bellibolt-1",
            "pokemon": "bellibolt",
            "presets": [
                "natural"
            ],
            "type": "pokemon",
            "context": "grounded",
            "bucket": "rare",
            "level": "44-75",
            "weight": 16.0,
            "condition": {
                "biomes": [
                    "betterend:foggy_mushroomland"
                ]
            }
        },
        {
            "id": "bellibolt-2",
            "pokemon": "bellibolt",
            "type": "pokemon",
            "context": "grounded",
            "bucket": "rare",
            "level": "30-50",
            "weight": 1,
            "condition": {
                "biomes": [
                    "#cobblemon:is_coast"
                ]
            }
        }
    ]
}