{
	"format_version": "1.12.0",
	"minecraft:geometry": [
		{
			"description": {
				"identifier": "geometry.Kyogre",
				"texture_width": 1024,
				"texture_height": 1024,
				"visible_bounds_width": 40,
				"visible_bounds_height": 9.5,
				"visible_bounds_offset": [0, 4.25, 0]
			},
			"bones": [
				{
					"name": "kyogre",
					"pivot": [0, 0, 2]
				},
				{
					"name": "hands",
					"parent": "kyogre",
					"pivot": [0.30991, 9.62674, -0.26589],
					"rotation": [0, 90, 0]
				},
				{
					"name": "righthand",
					"parent": "hands",
					"pivot": [2.09909, 59.35074, -53.39095],
					"cubes": [
						{"origin": [-18, 50, -85], "size": [37, 9, 40], "uv": [565, 588]}
					]
				},
				{
					"name": "rhseg1",
					"parent": "righthand",
					"pivot": [0.09909, 56.35074, -70.46043],
					"cubes": [
						{"origin": [-32, 50, -112], "size": [65, 11, 31], "uv": [585, 416]}
					]
				},
				{
					"name": "rhseg2",
					"parent": "rhseg1",
					"pivot": [-1.90091, 56.35074, -107.05075],
					"cubes": [
						{"origin": [-38, 49, -141], "size": [80, 13, 30], "uv": [552, 43]}
					]
				},
				{
					"name": "rpalm",
					"parent": "rhseg2",
					"pivot": [-5.90091, 57.48443, -136.26781],
					"cubes": [
						{"origin": [-57, 48, -240], "size": [118, 14, 104], "uv": [0, 118]}
					]
				},
				{
					"name": "rfingee",
					"parent": "rpalm",
					"pivot": [4.09909, 64.48443, -236.26781],
					"cubes": [
						{"origin": [-50, 54, -271], "size": [21, 4, 31], "pivot": [-26.49124, 56.11117, -240.93288], "rotation": [0, 12.5, 0], "uv": [0, 35]},
						{"origin": [31, 54, -265], "size": [21, 4, 37], "pivot": [54.35783, 56.11117, -237.17246], "rotation": [0, -12.5, 0], "uv": [404, 637]},
						{"origin": [5, 54, -272], "size": [21, 4, 37], "uv": [630, 306]},
						{"origin": [-22, 54, -272], "size": [21, 4, 37], "pivot": [1.08519, 56.11117, -244.06657], "rotation": [0, 5, 0], "uv": [630, 265]}
					]
				},
				{
					"name": "handleft",
					"parent": "hands",
					"pivot": [-1.90091, 51.35074, 43.10968],
					"cubes": [
						{"origin": [-18, 50, 45], "size": [37, 9, 40], "uv": [411, 588]}
					]
				},
				{
					"name": "lhseg1",
					"parent": "handleft",
					"pivot": [-2.90091, 56.35074, 81.46043],
					"cubes": [
						{"origin": [-32, 50, 81], "size": [65, 11, 31], "uv": [0, 560]}
					]
				},
				{
					"name": "lhseg2",
					"parent": "lhseg1",
					"pivot": [-15.90091, 51.35074, 107.05075],
					"cubes": [
						{"origin": [-38, 49, 111], "size": [80, 13, 30], "uv": [552, 0]}
					]
				},
				{
					"name": "lpalm",
					"parent": "lhseg2",
					"pivot": [4.09909, 62.48443, 136.26781],
					"cubes": [
						{"origin": [-57, 48, 136], "size": [118, 14, 104], "uv": [0, 0]}
					]
				},
				{
					"name": "lfingee",
					"parent": "lpalm",
					"pivot": [-4.90091, 50.48443, 229.26781],
					"cubes": [
						{"origin": [-50, 54, 240], "size": [21, 4, 31], "pivot": [-26.49124, 56.11117, 240.93288], "rotation": [0, -12.5, 0], "uv": [0, 0]},
						{"origin": [31, 54, 228], "size": [21, 4, 37], "pivot": [54.35783, 56.11117, 237.17246], "rotation": [0, 12.5, 0], "uv": [325, 621]},
						{"origin": [5, 54, 235], "size": [21, 4, 37], "uv": [374, 492]},
						{"origin": [-21.47707, 54, 234.97717], "size": [21, 4, 37], "pivot": [1.08519, 56.11117, 238.06657], "rotation": [0, -5, 0], "uv": [256, 268]}
					]
				},
				{
					"name": "torso",
					"parent": "kyogre",
					"pivot": [-24.0207, 9.62674, -94.58884],
					"rotation": [0, 90, 0]
				},
				{
					"name": "bodyseg2",
					"parent": "torso",
					"pivot": [-30.91481, 47.23095, -68.26589],
					"cubes": [
						{"origin": [-140, 21, -125], "size": [72, 75, 112], "uv": [0, 236]}
					]
				},
				{
					"name": "FIN1",
					"parent": "bodyseg2",
					"pivot": [-36.31586, 39.21706, -68.26589],
					"rotation": [0, 0, 20],
					"cubes": [
						{"origin": [-173.1874, 43.22208, -44.18048], "size": [29, 40, 2], "pivot": [-42.58323, 37.33685, -56.98462], "rotation": [-37.39455, 3.04137, 3.9705], "uv": [0, 278]},
						{"origin": [-177.30902, 66.01773, -17.18048], "size": [34, 17, 2], "pivot": [-101.49651, 77.44801, -46.33009], "rotation": [-36.54514, 9.06524, 12.0012], "uv": [0, 320]},
						{"origin": [-171.64116, 32.75558, -14.18048], "size": [24, 18, 1], "pivot": [-119.04514, 74.94107, -26.27451], "rotation": [-30.44729, 23.03568, 33.65181], "uv": [62, 255]},
						{"origin": [-158.09114, 13.28067, -53.18048], "size": [31, 41, 3], "pivot": [-35.06239, 26.05558, -65.75894], "rotation": [-35.79355, 12.0174, 16.10644], "uv": [0, 162]}
					]
				},
				{
					"name": "FIN2",
					"parent": "bodyseg2",
					"pivot": [-36.31586, 39.21706, -68.26589],
					"rotation": [0, 0, 20],
					"cubes": [
						{"origin": [-173.1874, 43.22208, -94.81952], "size": [29, 40, 2], "pivot": [-42.58323, 37.33685, -80.80063], "rotation": [37.39455, -3.04137, 3.9705], "uv": [0, 236]},
						{"origin": [-177.30902, 66.01773, -121.81952], "size": [34, 16, 2], "pivot": [-101.49651, 77.44801, -91.45516], "rotation": [36.54514, -9.06524, 12.0012], "uv": [340, 0]},
						{"origin": [-171.64116, 32.75558, -123.81952], "size": [24, 18, 1], "pivot": [-119.04514, 74.94107, -111.51074], "rotation": [30.44729, -23.03568, 33.65181], "uv": [62, 236]},
						{"origin": [-158.09114, 13.28067, -87.81952], "size": [31, 41, 3], "pivot": [-35.06239, 26.05558, -72.02631], "rotation": [35.79355, -12.0174, 16.10644], "uv": [0, 118]}
					]
				},
				{
					"name": "head",
					"parent": "bodyseg2",
					"pivot": [-75.1127, 40.33685, -68.26589],
					"cubes": [
						{"origin": [-79, 24, -120], "size": [57, 69, 103], "uv": [265, 320]},
						{"origin": [-60, 10, -14], "size": [28, 28, 3], "pivot": [-83.09881, 40.44274, -11.96935], "rotation": [45.95539, 28.87909, -25.03818], "uv": [256, 309]},
						{"origin": [-60, 10, -125], "size": [28, 28, 3], "pivot": [-83.09881, 40.44274, -124.57243], "rotation": [-45.95539, -28.87909, -25.03818], "uv": [0, 70]}
					]
				},
				{
					"name": "face",
					"parent": "head",
					"pivot": [-31.51376, 54, -61.58884]
				},
				{
					"name": "topjaw",
					"parent": "face",
					"pivot": [-25.82616, 72.03306, -77.66694],
					"cubes": [
						{"origin": [-39, 59, -112], "size": [57, 28, 87], "uv": [0, 423]},
						{"origin": [3, 59, -113], "size": [15, 4, 1], "uv": [62, 75]},
						{"origin": [-22, 59, -113], "size": [5, 4, 1], "uv": [14, 26]},
						{"origin": [2, 59, -25], "size": [16, 4, 1], "uv": [62, 70]},
						{"origin": [-23, 59, -25], "size": [6, 4, 1], "uv": [0, 26]},
						{"origin": [18, 59, -113], "size": [1, 4, 89], "uv": [352, 883]}
					]
				},
				{
					"name": "eyes",
					"parent": "topjaw",
					"pivot": [46.17384, 63.15285, -77.66694],
					"cubes": [
						{"origin": [-14, 56, -113], "size": [13, 12, 1], "uv": [0, 13]},
						{"origin": [-1, 57, -113], "size": [4, 9, 1], "uv": [89, 21]},
						{"origin": [-18, 57, -113], "size": [4, 10, 1], "uv": [89, 0]},
						{"origin": [-18, 57, -25], "size": [4, 10, 1], "uv": [16, 52]},
						{"origin": [-14, 56, -25], "size": [13, 12, 1], "uv": [0, 0]},
						{"origin": [-1, 57, -25], "size": [4, 9, 1], "uv": [89, 11]}
					]
				},
				{
					"name": "eyelids",
					"parent": "eyes",
					"pivot": [-17.94595, 37.40633, -53.51074]
				},
				{
					"name": "leftlid",
					"parent": "eyelids",
					"pivot": [-17.94595, 37.40633, -53.51074],
					"cubes": [
						{"origin": [-16, 66, -25], "size": [15, 2, 1], "uv": [492, 972]}
					]
				},
				{
					"name": "rightlid",
					"parent": "eyelids",
					"pivot": [-20.94595, 63.40633, -105.51074],
					"cubes": [
						{"origin": [-16, 66, -113], "size": [15, 2, 1], "uv": [11, 165]}
					]
				},
				{
					"name": "teeths",
					"parent": "topjaw",
					"pivot": [-21.51376, -1.40105, -92.08189],
					"cubes": [
						{"origin": [-17, 53, -109], "size": [7, 8, 1], "pivot": [-11.65079, 62.63201, -110.51074], "rotation": [0, 0, 47.5], "uv": [68, 163]},
						{"origin": [-5, 53, -110], "size": [7, 8, 1], "pivot": [0.25721, 62.63201, -111.51074], "rotation": [0, 0, 47.5], "uv": [84, 154]},
						{"origin": [7, 53, -110], "size": [7, 8, 1], "pivot": [12.16521, 62.63201, -111.51074], "rotation": [0, 0, 47.5], "uv": [84, 145]},
						{"origin": [7, 54, -28], "size": [7, 8, 1], "pivot": [12.16521, 63.25875, -29.52799], "rotation": [0, 0, 47.5], "uv": [68, 136]},
						{"origin": [-5, 54, -28], "size": [7, 8, 1], "pivot": [0.25721, 63.25875, -29.52799], "rotation": [0, 0, 47.5], "uv": [84, 136]},
						{"origin": [-17, 54, -28], "size": [7, 8, 1], "pivot": [-11.65079, 63.25875, -29.52799], "rotation": [0, 0, 47.5], "uv": [68, 145]},
						{"origin": [13, 54, -96], "size": [7, 8, 1], "pivot": [17.80585, 63.25875, -97.72253], "rotation": [-90, -42.5, 90], "uv": [68, 154]},
						{"origin": [13, 54, -84], "size": [7, 8, 1], "pivot": [17.80585, 63.25875, -85.18779], "rotation": [-90, -42.5, 90], "uv": [84, 127]},
						{"origin": [13, 54, -72], "size": [7, 8, 1], "pivot": [17.80585, 63.25875, -73.27978], "rotation": [-90, -42.5, 90], "uv": [68, 127]},
						{"origin": [13, 54, -58], "size": [7, 8, 1], "pivot": [17.80585, 63.25875, -59.49157], "rotation": [-90, -42.5, 90], "uv": [84, 118]},
						{"origin": [13, 54, -45], "size": [7, 8, 1], "pivot": [17.80585, 63.25875, -46.33009], "rotation": [-90, -42.5, 90], "uv": [68, 118]},
						{"origin": [13, 54, -33], "size": [7, 8, 1], "pivot": [17.80585, 63.25875, -34.42209], "rotation": [-90, -42.5, 90], "uv": [78, 89]}
					]
				},
				{
					"name": "bottomjaw",
					"parent": "face",
					"pivot": [-33.31922, 40.96359, -66.66694],
					"cubes": [
						{"origin": [-39, 31, -112], "size": [57, 29, 87], "uv": [357, 186]},
						{"origin": [-38, 35, -99], "size": [43, 30, 62], "uv": [482, 302]}
					]
				},
				{
					"name": "teeths2",
					"parent": "bottomjaw",
					"pivot": [-21.51376, -1.02779, -92.08189],
					"cubes": [
						{"origin": [-16, 52, -110], "size": [7, 8, 1], "pivot": [-10.65079, 62.00527, -111.51074], "rotation": [0, 0, 47.5], "uv": [62, 89]},
						{"origin": [-5, 52, -110], "size": [7, 8, 1], "pivot": [0.25721, 62.00527, -111.51074], "rotation": [0, 0, 47.5], "uv": [78, 80]},
						{"origin": [7, 52, -110], "size": [7, 8, 1], "pivot": [12.16521, 62.00527, -111.51074], "rotation": [0, 0, 47.5], "uv": [62, 80]},
						{"origin": [7, 52, -28], "size": [7, 8, 1], "pivot": [12.16521, 61.63201, -29.52799], "rotation": [0, 0, 47.5], "uv": [73, 53]},
						{"origin": [-5, 52, -28], "size": [7, 8, 1], "pivot": [0.25721, 61.63201, -29.52799], "rotation": [0, 0, 47.5], "uv": [73, 44]},
						{"origin": [-17, 52, -28], "size": [7, 8, 1], "pivot": [-11.65079, 61.63201, -29.52799], "rotation": [0, 0, 47.5], "uv": [73, 35]},
						{"origin": [13, 53, -96], "size": [7, 8, 1], "pivot": [17.80585, 62.63201, -97.72253], "rotation": [-90, -42.5, 90], "uv": [73, 18]},
						{"origin": [13, 53, -84], "size": [7, 8, 1], "pivot": [17.80585, 62.63201, -85.18779], "rotation": [-90, -42.5, 90], "uv": [73, 9]},
						{"origin": [13, 53, -72], "size": [7, 8, 1], "pivot": [17.80585, 62.63201, -73.27978], "rotation": [-90, -42.5, 90], "uv": [73, 0]},
						{"origin": [13, 53, -58], "size": [7, 8, 1], "pivot": [17.80585, 62.63201, -59.49157], "rotation": [-90, -42.5, 90], "uv": [0, 51]},
						{"origin": [13.31279, 52.98663, -45.07662], "size": [7, 8, 1], "pivot": [17.80585, 62.63201, -46.33009], "rotation": [-90, -42.5, 90], "uv": [15, 43]},
						{"origin": [13, 53, -33], "size": [7, 8, 1], "pivot": [17.80585, 62.63201, -34.42209], "rotation": [-90, -42.5, 90], "uv": [0, 35]}
					]
				},
				{
					"name": "bodyseg3",
					"parent": "bodyseg2",
					"pivot": [-131.97039, 45.97748, -68.26589],
					"cubes": [
						{"origin": [-187, 24, -118], "size": [54, 68, 101], "uv": [343, 17]}
					]
				},
				{
					"name": "tail",
					"parent": "bodyseg3",
					"pivot": [-108.63019, 32.816, -84.56105]
				},
				{
					"name": "Tailsect1",
					"parent": "tail",
					"pivot": [-109.59378, 52.87159, -61.37178],
					"cubes": [
						{"origin": [-225, 31, -105], "size": [89, 52, 77], "uv": [0, 754]}
					]
				},
				{
					"name": "tailset2",
					"parent": "Tailsect1",
					"pivot": [-140.59378, 52.87159, -61.37178],
					"cubes": [
						{"origin": [-267, 35, -92], "size": [67, 43, 53], "uv": [40, 898]}
					]
				},
				{
					"name": "tailsect3",
					"parent": "tailset2",
					"pivot": [-163.59378, 52.87159, -61.37178],
					"cubes": [
						{"origin": [-305, 40, -87], "size": [76, 33, 41], "uv": [290, 734]}
					]
				},
				{
					"name": "tailsect4",
					"parent": "tailsect3",
					"pivot": [-290.59378, 52.87159, -85.37178],
					"cubes": [
						{"origin": [-340, 43, -80], "size": [59, 27, 28], "uv": [512, 823]}
					]
				},
				{
					"name": "Tailthing",
					"parent": "tailsect3",
					"pivot": [-272.28472, 59.816, -65.73115],
					"cubes": [
						{"origin": [-344.82127, 49.34263, -72.98093], "size": [50, 12, 28], "pivot": [-280.41318, 53.70727, -65.35789], "rotation": [0, 77.5, 0], "uv": [0, 602]},
						{"origin": [-332.38529, 49.34263, -18], "size": [46, 7, 20], "pivot": [-281.53297, 53.70727, -19.38041], "rotation": [0, 27.5, 0], "uv": [230, 621]},
						{"origin": [-351.87331, 49.34263, -95.80573], "size": [50, 12, 28], "pivot": [-289.41318, 53.70727, -66.78673], "rotation": [0, -77.5, 0], "uv": [596, 480]},
						{"origin": [-332.38529, 49.34263, -134], "size": [46, 7, 20], "pivot": [-281.53297, 53.70727, -112.76421], "rotation": [0, -27.5, 0], "uv": [256, 241]}
					]
				},
				{
					"name": "flappybits",
					"parent": "Tailthing",
					"pivot": [-211.67001, 56.15864, -58.73115]
				},
				{
					"name": "in",
					"parent": "flappybits",
					"pivot": [-283.67001, 42.15864, -73.73115],
					"cubes": [
						{"origin": [-399.38529, 55.34263, -36], "size": [107, 0, 21], "uv": [482, 394]},
						{"origin": [-399.38529, 55.34263, -117], "size": [107, 0, 21], "uv": [482, 394]}
					]
				},
				{
					"name": "9ut",
					"parent": "flappybits",
					"pivot": [-315.67001, 49.15864, -77.73115],
					"cubes": [
						{"origin": [-397.38529, 52.34263, 2], "size": [81, 0, 21], "uv": [552, 86]},
						{"origin": [-397.63024, 52.34316, -154.75559], "size": [81, 0, 21], "uv": [552, 86]}
					]
				}
			]
		}
	]
}