{
	"format_version": "1.12.0",
	"minecraft:geometry": [
		{
			"description": {
				"identifier": "geometry.bellibolt",
				"texture_width": 64,
				"texture_height": 64,
				"visible_bounds_width": 2,
				"visible_bounds_height": 2.5,
				"visible_bounds_offset": [0, 0.75, 0]
			},
			"bones": [
				{
					"name": "root",
					"pivot": [0, 0, 0]
				},
				{
					"name": "bellibolt",
					"parent": "root",
					"pivot": [0, 7.5, 0.5],
					"cubes": [
						{"origin": [-4.5, 2, -3.5], "size": [9, 11, 8], "uv": [0, 0]}
					]
				},
				{
					"name": "belly",
					"parent": "bellibolt",
					"pivot": [0, 7.5, -3.75],
					"cubes": [
						{"origin": [-4, 3, -4.25], "size": [8, 9, 1], "uv": [0, 29]}
					]
				},
				{
					"name": "neck",
					"parent": "bellibolt",
					"pivot": [0, 14.5, 0.5],
					"cubes": [
						{"origin": [-4, 13, -3], "size": [8, 3, 7], "uv": [0, 19]}
					]
				},
				{
					"name": "face",
					"parent": "neck",
					"pivot": [-0.5, -2, -2.5],
					"cubes": [
						{"origin": [-1.5, 13, -3.1], "size": [3, 1, 0], "uv": [0, 39]},
						{"origin": [1.5, 14, -3.1], "size": [1, 1, 0], "uv": [0, 40]},
						{"origin": [0.25, 15, -3.1], "size": [1, 1, 0], "uv": [0, 41]},
						{"origin": [-1.25, 15, -3.1], "size": [1, 1, 0], "uv": [2, 41]},
						{"origin": [-2.5, 14, -3.1], "size": [1, 1, 0], "uv": [2, 40]}
					]
				},
				{
					"name": "head",
					"parent": "neck",
					"pivot": [-0.5, -2, -2.5],
					"cubes": [
						{"origin": [-3, 16, -2], "size": [6, 1, 5], "uv": [23, 19]},
						{"origin": [-3, 17.01, -2], "size": [6, 0, 5], "uv": [29, 14]}
					]
				},
				{
					"name": "eyeballs",
					"parent": "head",
					"pivot": [-0.5, -2, -2.5]
				},
				{
					"name": "right",
					"parent": "eyeballs",
					"pivot": [-0.5, -2, -2.5],
					"cubes": [
						{"origin": [2, 15, -1], "size": [3, 3, 3], "uv": [26, 0]}
					]
				},
				{
					"name": "left",
					"parent": "eyeballs",
					"pivot": [-0.5, -2, -2.5],
					"cubes": [
						{"origin": [-5, 15, -1], "size": [3, 3, 3], "uv": [27, 26]}
					]
				},
				{
					"name": "legs",
					"parent": "bellibolt",
					"pivot": [0, 0, 0]
				},
				{
					"name": "leftleg",
					"parent": "legs",
					"pivot": [-0.5, -2, -2.5],
					"cubes": [
						{"origin": [-3.5, 0, -1.5], "size": [2, 2, 4], "uv": [18, 29]}
					]
				},
				{
					"name": "rightleg",
					"parent": "legs",
					"pivot": [-0.5, -2, -2.5],
					"cubes": [
						{"origin": [1.5, 0, -1.5], "size": [2, 2, 4], "uv": [26, 32]}
					]
				},
				{
					"name": "arms",
					"parent": "bellibolt",
					"pivot": [0, 0, 0]
				},
				{
					"name": "leftarm",
					"parent": "arms",
					"pivot": [-0.5, -2, -2.5],
					"cubes": [
						{"origin": [-6.5, 7, -0.5], "size": [2, 4, 2], "uv": [0, 0]}
					]
				},
				{
					"name": "rightarm",
					"parent": "arms",
					"pivot": [-0.5, -2, -2.5],
					"cubes": [
						{"origin": [4.5, 7, -0.5], "size": [2, 4, 2], "uv": [34, 6]}
					]
				}
			]
		}
	]
}