{
  "species": "cobblemon:sawsbuck",
  "order": 2,
  "variations": [
    {"aspects": ["autumn"],
	"model": "cobblemon:sawsbuck_autumn.geo"
    },
    {"aspects": ["spring"],
	"model": "cobblemon:sawsbuck_spring.geo"
    },
    {"aspects": ["summer"],
	"model": "cobblemon:sawsbuck_summer.geo"
    },
    {"aspects": ["winter"],
	"model": "cobblemon:sawsbuck_winter.geo"
    },

	
	{"aspects": ["autumn", "deerling-body-base"],
    "layers": [
        {
        "name": "sawsbuck-body",
        "texture": "cobblemon:textures/pokemon/0586_sawsbuck/autumn_body_base.png"
        }
    ]
    },
	{"aspects": ["autumn", "deerling-body-base", "shiny"],
    "layers": [
        {
        "name": "sawsbuck-body",
        "texture": "cobblemon:textures/pokemon/0586_sawsbuck/autumn_body_base_shiny.png"
        }
    ]
    },
	{"aspects": ["autumn", "deerling-body-nosocks"],
    "layers": [
        {
        "name": "sawsbuck-body",
        "texture": "cobblemon:textures/pokemon/0586_sawsbuck/autumn_body_nosocks.png"
        }
    ]
    },
	{"aspects": ["autumn", "deerling-body-nosocks", "shiny"],
    "layers": [
        {
        "name": "sawsbuck-body",
        "texture": "cobblemon:textures/pokemon/0586_sawsbuck/autumn_body_nosocks_shiny.png"
        }
    ]
    },
	{"aspects": ["autumn", "deerling-body-frontsocks"],
    "layers": [
        {
        "name": "sawsbuck-body",
        "texture": "cobblemon:textures/pokemon/0586_sawsbuck/autumn_body_frontsocks.png"
        }
    ]
    },
	{"aspects": ["autumn", "deerling-body-frontsocks", "shiny"],
    "layers": [
        {
        "name": "sawsbuck-body",
        "texture": "cobblemon:textures/pokemon/0586_sawsbuck/autumn_body_frontsocks_shiny.png"
        }
    ]
    },
	{"aspects": ["autumn", "deerling-body-backsocks"],
    "layers": [
        {
        "name": "sawsbuck-body",
        "texture": "cobblemon:textures/pokemon/0586_sawsbuck/autumn_body_backsocks.png"
        }
    ]
    },
	{"aspects": ["autumn", "deerling-body-backsocks", "shiny"],
    "layers": [
        {
        "name": "sawsbuck-body",
        "texture": "cobblemon:textures/pokemon/0586_sawsbuck/autumn_body_backsocks_shiny.png"
        }
    ]
    },
	{"aspects": ["autumn", "deerling-body-dark"],
    "layers": [
        {
        "name": "sawsbuck-body",
        "texture": "cobblemon:textures/pokemon/0586_sawsbuck/autumn_body_dark.png"
        }
    ]
    },
	{"aspects": ["autumn", "deerling-body-dark", "shiny"],
    "layers": [
        {
        "name": "sawsbuck-body",
        "texture": "cobblemon:textures/pokemon/0586_sawsbuck/autumn_body_dark_shiny.png"
        }
    ]
    },
	{"aspects": ["autumn", "deerling-body-darknosocks"],
    "layers": [
        {
        "name": "sawsbuck-body",
        "texture": "cobblemon:textures/pokemon/0586_sawsbuck/autumn_body_darknosocks.png"
        }
    ]
    },
	{"aspects": ["autumn", "deerling-body-darknosocks", "shiny"],
    "layers": [
        {
        "name": "sawsbuck-body",
        "texture": "cobblemon:textures/pokemon/0586_sawsbuck/autumn_body_darknosocks_shiny.png"
        }
    ]
    },
	{"aspects": ["autumn", "deerling-body-darkfrontsocks"],
    "layers": [
        {
        "name": "sawsbuck-body",
        "texture": "cobblemon:textures/pokemon/0586_sawsbuck/autumn_body_darkfrontsocks.png"
        }
    ]
    },
	{"aspects": ["autumn", "deerling-body-darkfrontsocks", "shiny"],
    "layers": [
        {
        "name": "sawsbuck-body",
        "texture": "cobblemon:textures/pokemon/0586_sawsbuck/autumn_body_darkfrontsocks_shiny.png"
        }
    ]
    },
	{"aspects": ["autumn", "deerling-body-darkbacksocks"],
    "layers": [
        {
        "name": "sawsbuck-body",
        "texture": "cobblemon:textures/pokemon/0586_sawsbuck/autumn_body_darkbacksocks.png"
        }
    ]
    },
	{"aspects": ["autumn", "deerling-body-darkbacksocks", "shiny"],
    "layers": [
        {
        "name": "sawsbuck-body",
        "texture": "cobblemon:textures/pokemon/0586_sawsbuck/autumn_body_darkbacksocks_shiny.png"
        }
    ]
    },
	{"aspects": ["autumn", "deerling-markings-base"],
    "layers": [
        {
        "name": "sawsbuck-markings",
        "texture": "cobblemon:textures/pokemon/none.png"
        }
    ]
    },
	{"aspects": ["autumn", "deerling-markings-whitetail"],
    "layers": [
        {
        "name": "sawsbuck-markings",
        "texture": "cobblemon:textures/pokemon/0586_sawsbuck/spring_whitetail.png"
        }
    ]
    },
	{"aspects": ["autumn", "deerling-markings-whitetail", "shiny"],
    "layers": [
        {
        "name": "sawsbuck-markings",
        "texture": "cobblemon:textures/pokemon/0586_sawsbuck/spring_whitetail_shiny.png"
        }
    ]
    },
	{"aspects": ["autumn", "deerling-markings-whiteear"],
    "layers": [
        {
        "name": "sawsbuck-markings",
        "texture": "cobblemon:textures/pokemon/0586_sawsbuck/spring_whiteear.png"
        }
    ]
    },
	{"aspects": ["autumn", "deerling-markings-whiteear", "shiny"],
    "layers": [
        {
        "name": "sawsbuck-markings",
        "texture": "cobblemon:textures/pokemon/0586_sawsbuck/spring_whiteear_shiny.png"
        }
    ]
    },
	{"aspects": ["autumn", "deerling-markings-whitetailwhiteear"],
    "layers": [
        {
        "name": "sawsbuck-markings",
        "texture": "cobblemon:textures/pokemon/0586_sawsbuck/spring_whitetailwhiteear.png"
        }
    ]
    },
	{"aspects": ["autumn", "deerling-markings-whitetailwhiteear", "shiny"],
    "layers": [
        {
        "name": "sawsbuck-markings",
        "texture": "cobblemon:textures/pokemon/0586_sawsbuck/spring_whitetailwhiteear_shiny.png"
        }
    ]
    },
	{"aspects": ["autumn", "deerling-special-base"],
    "layers": [
        {
        "name": "sawsbuck-special",
        "texture": "cobblemon:textures/pokemon/0586_sawsbuck/autumn_spots.png"
        }
    ]
    },
	{"aspects": ["autumn", "deerling-special-base", "shiny"],
    "layers": [
        {
        "name": "sawsbuck-special",
        "texture": "cobblemon:textures/pokemon/0586_sawsbuck/autumn_spots_shiny.png"
        }
    ]
    },
	{"aspects": ["autumn", "deerling-special-nailpolish"],
    "layers": [
        {
        "name": "sawsbuck-special",
        "texture": "cobblemon:textures/pokemon/0586_sawsbuck/autumn_nailpolish.png"
        }
    ]
    },
	{"aspects": ["autumn", "deerling-special-nailpolish", "shiny"],
    "layers": [
        {
        "name": "sawsbuck-special",
        "texture": "cobblemon:textures/pokemon/0586_sawsbuck/autumn_nailpolish_shiny.png"
        }
    ]
    },
	{"aspects": ["autumn", "deerling-special-nospots"],
    "layers": [
        {
        "name": "sawsbuck-special",
        "texture": "cobblemon:textures/pokemon/none.png"
        }
    ]
    },
	{"aspects": ["autumn", "deerling-special-nospotsnailpolish"],
    "layers": [
        {
        "name": "sawsbuck-special",
        "texture": "cobblemon:textures/pokemon/0586_sawsbuck/autumn_nospotsnailpolish.png"
        }
    ]
    },
	{"aspects": ["autumn", "deerling-special-nospotsnailpolish", "shiny"],
    "layers": [
        {
        "name": "sawsbuck-special",
        "texture": "cobblemon:textures/pokemon/0586_sawsbuck/autumn_nospotsnailpolish_shiny.png"
        }
    ]
    },
	{"aspects": ["autumn", "deerling-special-hue"],
    "layers": [
        {
        "name": "sawsbuck-special",
        "texture": "cobblemon:textures/pokemon/0586_sawsbuck/autumn_hue.png"
        }
    ]
    },
	{"aspects": ["autumn", "deerling-special-hue", "shiny"],
    "layers": [
        {
        "name": "sawsbuck-special",
        "texture": "cobblemon:textures/pokemon/0586_sawsbuck/autumn_hue_shiny.png"
        }
    ]
    },
	{"aspects": ["autumn", "deerling-special-huenailpolish"],
    "layers": [
        {
        "name": "sawsbuck-special",
        "texture": "cobblemon:textures/pokemon/0586_sawsbuck/autumn_huenailpolish.png"
        }
    ]
    },
	{"aspects": ["autumn", "deerling-special-huenailpolish", "shiny"],
    "layers": [
        {
        "name": "sawsbuck-special",
        "texture": "cobblemon:textures/pokemon/0586_sawsbuck/autumn_huenailpolish_shiny.png"
        }
    ]
    },
	{"aspects": ["autumn", "deerling-special-huenospotsnailpolish"],
    "layers": [
        {
        "name": "sawsbuck-special",
        "texture": "cobblemon:textures/pokemon/0586_sawsbuck/autumn_huenospotsnailpolish.png"
        }
    ]
    },
	{"aspects": ["autumn", "deerling-special-huenospotsnailpolish", "shiny"],
    "layers": [
        {
        "name": "sawsbuck-special",
        "texture": "cobblemon:textures/pokemon/0586_sawsbuck/autumn_huenospotsnailpolish_shiny.png"
        }
    ]
    },
	
	
	{"aspects": ["spring", "deerling-body-base"],
    "layers": [
        {
        "name": "sawsbuck-body",
        "texture": "cobblemon:textures/pokemon/0586_sawsbuck/spring_body_base.png"
        }
    ]
    },
	{"aspects": ["spring", "deerling-body-base", "shiny"],
    "layers": [
        {
        "name": "sawsbuck-body",
        "texture": "cobblemon:textures/pokemon/0586_sawsbuck/spring_body_base_shiny.png"
        }
    ]
    },
	{"aspects": ["spring", "deerling-body-nosocks"],
    "layers": [
        {
        "name": "sawsbuck-body",
        "texture": "cobblemon:textures/pokemon/0586_sawsbuck/spring_body_nosocks.png"
        }
    ]
    },
	{"aspects": ["spring", "deerling-body-nosocks", "shiny"],
    "layers": [
        {
        "name": "sawsbuck-body",
        "texture": "cobblemon:textures/pokemon/0586_sawsbuck/spring_body_nosocks_shiny.png"
        }
    ]
    },
	{"aspects": ["spring", "deerling-body-frontsocks"],
    "layers": [
        {
        "name": "sawsbuck-body",
        "texture": "cobblemon:textures/pokemon/0586_sawsbuck/spring_body_frontsocks.png"
        }
    ]
    },
	{"aspects": ["spring", "deerling-body-frontsocks", "shiny"],
    "layers": [
        {
        "name": "sawsbuck-body",
        "texture": "cobblemon:textures/pokemon/0586_sawsbuck/spring_body_frontsocks_shiny.png"
        }
    ]
    },
	{"aspects": ["spring", "deerling-body-backsocks"],
    "layers": [
        {
        "name": "sawsbuck-body",
        "texture": "cobblemon:textures/pokemon/0586_sawsbuck/spring_body_backsocks.png"
        }
    ]
    },
	{"aspects": ["spring", "deerling-body-backsocks", "shiny"],
    "layers": [
        {
        "name": "sawsbuck-body",
        "texture": "cobblemon:textures/pokemon/0586_sawsbuck/spring_body_backsocks_shiny.png"
        }
    ]
    },
	{"aspects": ["spring", "deerling-body-dark"],
    "layers": [
        {
        "name": "sawsbuck-body",
        "texture": "cobblemon:textures/pokemon/0586_sawsbuck/spring_body_dark.png"
        }
    ]
    },
	{"aspects": ["spring", "deerling-body-dark", "shiny"],
    "layers": [
        {
        "name": "sawsbuck-body",
        "texture": "cobblemon:textures/pokemon/0586_sawsbuck/spring_body_dark_shiny.png"
        }
    ]
    },
	{"aspects": ["spring", "deerling-body-darknosocks"],
    "layers": [
        {
        "name": "sawsbuck-body",
        "texture": "cobblemon:textures/pokemon/0586_sawsbuck/spring_body_darknosocks.png"
        }
    ]
    },
	{"aspects": ["spring", "deerling-body-darknosocks", "shiny"],
    "layers": [
        {
        "name": "sawsbuck-body",
        "texture": "cobblemon:textures/pokemon/0586_sawsbuck/spring_body_darknosocks_shiny.png"
        }
    ]
    },
	{"aspects": ["spring", "deerling-body-darkfrontsocks"],
    "layers": [
        {
        "name": "sawsbuck-body",
        "texture": "cobblemon:textures/pokemon/0586_sawsbuck/spring_body_darkfrontsocks.png"
        }
    ]
    },
	{"aspects": ["spring", "deerling-body-darkfrontsocks", "shiny"],
    "layers": [
        {
        "name": "sawsbuck-body",
        "texture": "cobblemon:textures/pokemon/0586_sawsbuck/spring_body_darkfrontsocks_shiny.png"
        }
    ]
    },
	{"aspects": ["spring", "deerling-body-darkbacksocks"],
    "layers": [
        {
        "name": "sawsbuck-body",
        "texture": "cobblemon:textures/pokemon/0586_sawsbuck/spring_body_darkbacksocks.png"
        }
    ]
    },
	{"aspects": ["spring", "deerling-body-darkbacksocks", "shiny"],
    "layers": [
        {
        "name": "sawsbuck-body",
        "texture": "cobblemon:textures/pokemon/0586_sawsbuck/spring_body_darkbacksocks_shiny.png"
        }
    ]
    },
	{"aspects": ["spring", "deerling-markings-base"],
    "layers": [
        {
        "name": "sawsbuck-markings",
        "texture": "cobblemon:textures/pokemon/none.png"
        }
    ]
    },
	{"aspects": ["spring", "deerling-markings-whitetail"],
    "layers": [
        {
        "name": "sawsbuck-markings",
        "texture": "cobblemon:textures/pokemon/0586_sawsbuck/spring_whitetail.png"
        }
    ]
    },
	{"aspects": ["spring", "deerling-markings-whitetail", "shiny"],
    "layers": [
        {
        "name": "sawsbuck-markings",
        "texture": "cobblemon:textures/pokemon/0586_sawsbuck/spring_whitetail_shiny.png"
        }
    ]
    },
	{"aspects": ["spring", "deerling-markings-whiteear"],
    "layers": [
        {
        "name": "sawsbuck-markings",
        "texture": "cobblemon:textures/pokemon/0586_sawsbuck/spring_whiteear.png"
        }
    ]
    },
	{"aspects": ["spring", "deerling-markings-whiteear", "shiny"],
    "layers": [
        {
        "name": "sawsbuck-markings",
        "texture": "cobblemon:textures/pokemon/0586_sawsbuck/spring_whiteear_shiny.png"
        }
    ]
    },
	{"aspects": ["spring", "deerling-markings-whitetailwhiteear"],
    "layers": [
        {
        "name": "sawsbuck-markings",
        "texture": "cobblemon:textures/pokemon/0586_sawsbuck/spring_whitetailwhiteear.png"
        }
    ]
    },
	{"aspects": ["spring", "deerling-markings-whitetailwhiteear", "shiny"],
    "layers": [
        {
        "name": "sawsbuck-markings",
        "texture": "cobblemon:textures/pokemon/0586_sawsbuck/spring_whitetailwhiteear_shiny.png"
        }
    ]
    },
	{"aspects": ["spring", "deerling-special-base"],
    "layers": [
        {
        "name": "sawsbuck-special",
        "texture": "cobblemon:textures/pokemon/0586_sawsbuck/spring_spots.png"
        }
    ]
    },
	{"aspects": ["spring", "deerling-special-nailpolish"],
    "layers": [
        {
        "name": "sawsbuck-special",
        "texture": "cobblemon:textures/pokemon/0586_sawsbuck/spring_nailpolish.png"
        }
    ]
    },
	{"aspects": ["spring", "deerling-special-nospots"],
    "layers": [
        {
        "name": "sawsbuck-special",
        "texture": "cobblemon:textures/pokemon/none.png"
        }
    ]
    },
	{"aspects": ["spring", "deerling-special-nospotsnailpolish"],
    "layers": [
        {
        "name": "sawsbuck-special",
        "texture": "cobblemon:textures/pokemon/0586_sawsbuck/spring_nospotsnailpolish.png"
        }
    ]
    },
	{"aspects": ["spring", "deerling-special-hue"],
    "layers": [
        {
        "name": "sawsbuck-special",
        "texture": "cobblemon:textures/pokemon/0586_sawsbuck/spring_hue.png"
        }
    ]
    },
	{"aspects": ["spring", "deerling-special-huenailpolish"],
    "layers": [
        {
        "name": "sawsbuck-special",
        "texture": "cobblemon:textures/pokemon/0586_sawsbuck/spring_huenailpolish.png"
        }
    ]
    },
	{"aspects": ["spring", "deerling-special-huenospotsnailpolish"],
    "layers": [
        {
        "name": "sawsbuck-special",
        "texture": "cobblemon:textures/pokemon/0586_sawsbuck/spring_huenospotsnailpolish.png"
        }
    ]
    },
	
	
	{"aspects": ["summer", "deerling-body-base"],
    "layers": [
        {
        "name": "sawsbuck-body",
        "texture": "cobblemon:textures/pokemon/0586_sawsbuck/summer_body_base.png"
        }
    ]
    },
	{"aspects": ["summer", "deerling-body-base", "shiny"],
    "layers": [
        {
        "name": "sawsbuck-body",
        "texture": "cobblemon:textures/pokemon/0586_sawsbuck/summer_body_base_shiny.png"
        }
    ]
    },
	{"aspects": ["summer", "deerling-body-nosocks"],
    "layers": [
        {
        "name": "sawsbuck-body",
        "texture": "cobblemon:textures/pokemon/0586_sawsbuck/summer_body_nosocks.png"
        }
    ]
    },
	{"aspects": ["summer", "deerling-body-nosocks", "shiny"],
    "layers": [
        {
        "name": "sawsbuck-body",
        "texture": "cobblemon:textures/pokemon/0586_sawsbuck/summer_body_nosocks_shiny.png"
        }
    ]
    },
	{"aspects": ["summer", "deerling-body-frontsocks"],
    "layers": [
        {
        "name": "sawsbuck-body",
        "texture": "cobblemon:textures/pokemon/0586_sawsbuck/summer_body_frontsocks.png"
        }
    ]
    },
	{"aspects": ["summer", "deerling-body-frontsocks", "shiny"],
    "layers": [
        {
        "name": "sawsbuck-body",
        "texture": "cobblemon:textures/pokemon/0586_sawsbuck/summer_body_frontsocks_shiny.png"
        }
    ]
    },
	{"aspects": ["summer", "deerling-body-backsocks"],
    "layers": [
        {
        "name": "sawsbuck-body",
        "texture": "cobblemon:textures/pokemon/0586_sawsbuck/summer_body_backsocks.png"
        }
    ]
    },
	{"aspects": ["summer", "deerling-body-backsocks", "shiny"],
    "layers": [
        {
        "name": "sawsbuck-body",
        "texture": "cobblemon:textures/pokemon/0586_sawsbuck/summer_body_backsocks_shiny.png"
        }
    ]
    },
	{"aspects": ["summer", "deerling-body-dark"],
    "layers": [
        {
        "name": "sawsbuck-body",
        "texture": "cobblemon:textures/pokemon/0586_sawsbuck/summer_body_dark.png"
        }
    ]
    },
	{"aspects": ["summer", "deerling-body-dark", "shiny"],
    "layers": [
        {
        "name": "sawsbuck-body",
        "texture": "cobblemon:textures/pokemon/0586_sawsbuck/summer_body_dark_shiny.png"
        }
    ]
    },
	{"aspects": ["summer", "deerling-body-darknosocks"],
    "layers": [
        {
        "name": "sawsbuck-body",
        "texture": "cobblemon:textures/pokemon/0586_sawsbuck/summer_body_darknosocks.png"
        }
    ]
    },
	{"aspects": ["summer", "deerling-body-darknosocks", "shiny"],
    "layers": [
        {
        "name": "sawsbuck-body",
        "texture": "cobblemon:textures/pokemon/0586_sawsbuck/summer_body_darknosocks_shiny.png"
        }
    ]
    },
	{"aspects": ["summer", "deerling-body-darkfrontsocks"],
    "layers": [
        {
        "name": "sawsbuck-body",
        "texture": "cobblemon:textures/pokemon/0586_sawsbuck/summer_body_darkfrontsocks.png"
        }
    ]
    },
	{"aspects": ["summer", "deerling-body-darkfrontsocks", "shiny"],
    "layers": [
        {
        "name": "sawsbuck-body",
        "texture": "cobblemon:textures/pokemon/0586_sawsbuck/summer_body_darkfrontsocks_shiny.png"
        }
    ]
    },
	{"aspects": ["summer", "deerling-body-darkbacksocks"],
    "layers": [
        {
        "name": "sawsbuck-body",
        "texture": "cobblemon:textures/pokemon/0586_sawsbuck/summer_body_darkbacksocks.png"
        }
    ]
    },
	{"aspects": ["summer", "deerling-body-darkbacksocks", "shiny"],
    "layers": [
        {
        "name": "sawsbuck-body",
        "texture": "cobblemon:textures/pokemon/0586_sawsbuck/summer_body_darkbacksocks_shiny.png"
        }
    ]
    },
	{"aspects": ["summer", "deerling-markings-base"],
    "layers": [
        {
        "name": "sawsbuck-markings",
        "texture": "cobblemon:textures/pokemon/none.png"
        }
    ]
    },
	{"aspects": ["summer", "deerling-markings-whitetail"],
    "layers": [
        {
        "name": "sawsbuck-markings",
        "texture": "cobblemon:textures/pokemon/0586_sawsbuck/summer_whitetail.png"
        }
    ]
    },
	{"aspects": ["summer", "deerling-markings-whitetail", "shiny"],
    "layers": [
        {
        "name": "sawsbuck-markings",
        "texture": "cobblemon:textures/pokemon/0586_sawsbuck/summer_whitetail_shiny.png"
        }
    ]
    },
	{"aspects": ["summer", "deerling-markings-whiteear"],
    "layers": [
        {
        "name": "sawsbuck-markings",
        "texture": "cobblemon:textures/pokemon/0586_sawsbuck/spring_whiteear.png"
        }
    ]
    },
	{"aspects": ["summer", "deerling-markings-whiteear", "shiny"],
    "layers": [
        {
        "name": "sawsbuck-markings",
        "texture": "cobblemon:textures/pokemon/0586_sawsbuck/spring_whiteear_shiny.png"
        }
    ]
    },
	{"aspects": ["summer", "deerling-markings-whitetailwhiteear"],
    "layers": [
        {
        "name": "sawsbuck-markings",
        "texture": "cobblemon:textures/pokemon/0586_sawsbuck/summer_whitetailwhiteear.png"
        }
    ]
    },
	{"aspects": ["summer", "deerling-markings-whitetailwhiteear", "shiny"],
    "layers": [
        {
        "name": "sawsbuck-markings",
        "texture": "cobblemon:textures/pokemon/0586_sawsbuck/summer_whitetailwhiteear_shiny.png"
        }
    ]
    },
	{"aspects": ["summer", "deerling-special-base"],
    "layers": [
        {
        "name": "sawsbuck-special",
        "texture": "cobblemon:textures/pokemon/0586_sawsbuck/summer_spots.png"
        }
    ]
    },
	{"aspects": ["summer", "deerling-special-base", "shiny"],
    "layers": [
        {
        "name": "sawsbuck-special",
        "texture": "cobblemon:textures/pokemon/0586_sawsbuck/summer_spots_shiny.png"
        }
    ]
    },
	{"aspects": ["summer", "deerling-special-nailpolish"],
    "layers": [
        {
        "name": "sawsbuck-special",
        "texture": "cobblemon:textures/pokemon/0586_sawsbuck/summer_nailpolish.png"
        }
    ]
    },
	{"aspects": ["summer", "deerling-special-nailpolish", "shiny"],
    "layers": [
        {
        "name": "sawsbuck-special",
        "texture": "cobblemon:textures/pokemon/0586_sawsbuck/summer_nailpolish_shiny.png"
        }
    ]
    },
	{"aspects": ["summer", "deerling-special-nospots"],
    "layers": [
        {
        "name": "sawsbuck-special",
        "texture": "cobblemon:textures/pokemon/none.png"
        }
    ]
    },
	{"aspects": ["summer", "deerling-special-nospotsnailpolish"],
    "layers": [
        {
        "name": "sawsbuck-special",
        "texture": "cobblemon:textures/pokemon/0586_sawsbuck/summer_nospotsnailpolish.png"
        }
    ]
    },
	{"aspects": ["summer", "deerling-special-nospotsnailpolish", "shiny"],
    "layers": [
        {
        "name": "sawsbuck-special",
        "texture": "cobblemon:textures/pokemon/0586_sawsbuck/summer_nospotsnailpolish_shiny.png"
        }
    ]
    },
	{"aspects": ["summer", "deerling-special-hue"],
    "layers": [
        {
        "name": "sawsbuck-special",
        "texture": "cobblemon:textures/pokemon/0586_sawsbuck/summer_hue.png"
        }
    ]
    },
	{"aspects": ["summer", "deerling-special-hue", "shiny"],
    "layers": [
        {
        "name": "sawsbuck-special",
        "texture": "cobblemon:textures/pokemon/0586_sawsbuck/summer_hue_shiny.png"
        }
    ]
    },
	{"aspects": ["summer", "deerling-special-huenailpolish"],
    "layers": [
        {
        "name": "sawsbuck-special",
        "texture": "cobblemon:textures/pokemon/0586_sawsbuck/summer_huenailpolish.png"
        }
    ]
    },
	{"aspects": ["summer", "deerling-special-huenailpolish", "shiny"],
    "layers": [
        {
        "name": "sawsbuck-special",
        "texture": "cobblemon:textures/pokemon/0586_sawsbuck/summer_huenailpolish_shiny.png"
        }
    ]
    },
	{"aspects": ["summer", "deerling-special-huenospotsnailpolish"],
    "layers": [
        {
        "name": "sawsbuck-special",
        "texture": "cobblemon:textures/pokemon/0586_sawsbuck/summer_huenospotsnailpolish.png"
        }
    ]
    },
	{"aspects": ["summer", "deerling-special-huenospotsnailpolish", "shiny"],
    "layers": [
        {
        "name": "sawsbuck-special",
        "texture": "cobblemon:textures/pokemon/0586_sawsbuck/summer_huenospotsnailpolish_shiny.png"
        }
    ]
    },
	
	
	{"aspects": ["winter", "deerling-body-base"],
    "layers": [
        {
        "name": "eyestype",
        "texture": "cobblemon:textures/pokemon/0586_sawsbuck/winter_body_base.png"
        }
    ]
    },
	{"aspects": ["winter", "deerling-body-base", "shiny"],
    "layers": [
        {
        "name": "sawsbuck-body",
        "texture": "cobblemon:textures/pokemon/0586_sawsbuck/winter_body_base_shiny.png"
        }
    ]
    },
	{"aspects": ["winter", "deerling-body-nosocks"],
    "layers": [
        {
        "name": "sawsbuck-body",
        "texture": "cobblemon:textures/pokemon/0586_sawsbuck/winter_body_nosocks.png"
        }
    ]
    },
	{"aspects": ["winter", "deerling-body-nosocks", "shiny"],
    "layers": [
        {
        "name": "sawsbuck-body",
        "texture": "cobblemon:textures/pokemon/0586_sawsbuck/winter_body_nosocks_shiny.png"
        }
    ]
    },
	{"aspects": ["winter", "deerling-body-frontsocks"],
    "layers": [
        {
        "name": "sawsbuck-body",
        "texture": "cobblemon:textures/pokemon/0586_sawsbuck/winter_body_frontsocks.png"
        }
    ]
    },
	{"aspects": ["winter", "deerling-body-frontsocks", "shiny"],
    "layers": [
        {
        "name": "sawsbuck-body",
        "texture": "cobblemon:textures/pokemon/0586_sawsbuck/winter_body_frontsocks_shiny.png"
        }
    ]
    },
	{"aspects": ["winter", "deerling-body-backsocks"],
    "layers": [
        {
        "name": "sawsbuck-body",
        "texture": "cobblemon:textures/pokemon/0586_sawsbuck/winter_body_backsocks.png"
        }
    ]
    },
	{"aspects": ["winter", "deerling-body-backsocks", "shiny"],
    "layers": [
        {
        "name": "sawsbuck-body",
        "texture": "cobblemon:textures/pokemon/0586_sawsbuck/winter_body_backsocks_shiny.png"
        }
    ]
    },
	{"aspects": ["winter", "deerling-body-dark"],
    "layers": [
        {
        "name": "sawsbuck-body",
        "texture": "cobblemon:textures/pokemon/0586_sawsbuck/winter_body_dark.png"
        }
    ]
    },
	{"aspects": ["winter", "deerling-body-dark", "shiny"],
    "layers": [
        {
        "name": "sawsbuck-body",
        "texture": "cobblemon:textures/pokemon/0586_sawsbuck/winter_body_dark_shiny.png"
        }
    ]
    },
	{"aspects": ["winter", "deerling-body-darknosocks"],
    "layers": [
        {
        "name": "sawsbuck-body",
        "texture": "cobblemon:textures/pokemon/0586_sawsbuck/winter_body_darknosocks.png"
        }
    ]
    },
	{"aspects": ["winter", "deerling-body-darknosocks", "shiny"],
    "layers": [
        {
        "name": "sawsbuck-body",
        "texture": "cobblemon:textures/pokemon/0586_sawsbuck/winter_body_darknosocks_shiny.png"
        }
    ]
    },
	{"aspects": ["winter", "deerling-body-darkfrontsocks"],
    "layers": [
        {
        "name": "sawsbuck-body",
        "texture": "cobblemon:textures/pokemon/0586_sawsbuck/winter_body_darkfrontsocks.png"
        }
    ]
    },
	{"aspects": ["winter", "deerling-body-darkfrontsocks", "shiny"],
    "layers": [
        {
        "name": "sawsbuck-body",
        "texture": "cobblemon:textures/pokemon/0586_sawsbuck/winter_body_darkfrontsocks_shiny.png"
        }
    ]
    },
	{"aspects": ["winter", "deerling-body-darkbacksocks"],
    "layers": [
        {
        "name": "sawsbuck-body",
        "texture": "cobblemon:textures/pokemon/0586_sawsbuck/winter_body_darkbacksocks.png"
        }
    ]
    },
	{"aspects": ["winter", "deerling-body-darkbacksocks", "shiny"],
    "layers": [
        {
        "name": "sawsbuck-body",
        "texture": "cobblemon:textures/pokemon/0586_sawsbuck/winter_body_darkbacksocks_shiny.png"
        }
    ]
    },
	{"aspects": ["winter", "deerling-markings-base"],
    "layers": [
        {
        "name": "sawsbuck-markings",
        "texture": "cobblemon:textures/pokemon/none.png"
        }
    ]
    },
	{"aspects": ["winter", "deerling-markings-whitetail"],
    "layers": [
        {
        "name": "sawsbuck-markings",
        "texture": "cobblemon:textures/pokemon/0586_sawsbuck/winter_whitetail.png"
        }
    ]
    },
	{"aspects": ["winter", "deerling-markings-whiteear"],
    "layers": [
        {
        "name": "sawsbuck-markings",
        "texture": "cobblemon:textures/pokemon/0586_sawsbuck/winter_whiteear.png"
        }
    ]
    },
	{"aspects": ["winter", "deerling-markings-whitetailwhiteear"],
    "layers": [
        {
        "name": "sawsbuck-markings",
        "texture": "cobblemon:textures/pokemon/0586_sawsbuck/winter_whitetailwhiteear.png"
        }
    ]
    },
	{"aspects": ["winter", "deerling-special-base"],
    "layers": [
        {
        "name": "sawsbuck-special",
        "texture": "cobblemon:textures/pokemon/0586_sawsbuck/winter_spots.png"
        }
    ]
    },
	{"aspects": ["winter", "deerling-special-nailpolish"],
    "layers": [
        {
        "name": "sawsbuck-special",
        "texture": "cobblemon:textures/pokemon/0586_sawsbuck/winter_nailpolish.png"
        }
    ]
    },
	{"aspects": ["winter", "deerling-special-nospots"],
    "layers": [
        {
        "name": "sawsbuck-special",
        "texture": "cobblemon:textures/pokemon/none.png"
        }
    ]
    },
	{"aspects": ["winter", "deerling-special-nospotsnailpolish"],
    "layers": [
        {
        "name": "sawsbuck-special",
        "texture": "cobblemon:textures/pokemon/0586_sawsbuck/winter_nospotsnailpolish.png"
        }
    ]
    },
	{"aspects": ["winter", "deerling-special-hue"],
    "layers": [
        {
        "name": "sawsbuck-special",
        "texture": "cobblemon:textures/pokemon/0586_sawsbuck/winter_hue.png"
        }
    ]
    },
	{"aspects": ["winter", "deerling-special-hue", "shiny"],
    "layers": [
        {
        "name": "sawsbuck-special",
        "texture": "cobblemon:textures/pokemon/0586_sawsbuck/winter_hue_shiny.png"
        }
    ]
    },
	{"aspects": ["winter", "deerling-special-huenailpolish"],
    "layers": [
        {
        "name": "sawsbuck-special",
        "texture": "cobblemon:textures/pokemon/0586_sawsbuck/winter_huenailpolish.png"
        }
    ]
    },
	{"aspects": ["winter", "deerling-special-huenailpolish", "shiny"],
    "layers": [
        {
        "name": "sawsbuck-special",
        "texture": "cobblemon:textures/pokemon/0586_sawsbuck/winter_huenailpolish_shiny.png"
        }
    ]
    },
	{"aspects": ["winter", "deerling-special-huenospotsnailpolish"],
    "layers": [
        {
        "name": "sawsbuck-special",
        "texture": "cobblemon:textures/pokemon/0586_sawsbuck/winter_huenospotsnailpolish.png"
        }
    ]
    },
	{"aspects": ["winter", "deerling-special-huenospotsnailpolish", "shiny"],
    "layers": [
        {
        "name": "sawsbuck-special",
        "texture": "cobblemon:textures/pokemon/0586_sawsbuck/winter_huenospotsnailpolish_shiny.png"
        }
    ]
    },
	{"aspects": ["eyestype-aqua"],
    "layers": [
        {
        "name": "eyestype",
        "texture": "cobblemon:textures/pokemon/0586_sawsbuck/eyestype_aqua.png"
        }
    ]
    },
	{"aspects": ["eyestype-blue"],
    "layers": [
        {
        "name": "eyestype",
        "texture": "cobblemon:textures/pokemon/0586_sawsbuck/eyestype_blue.png"
        }
    ]
    },
	{"aspects": ["eyestype-extraone"],
    "layers": [
        {
        "name": "eyestype",
        "texture": "cobblemon:textures/pokemon/0586_sawsbuck/eyestype_extraone.png"
        }
    ]
    },
	{"aspects": ["eyestype-extratwo"],
    "layers": [
        {
        "name": "eyestype",
        "texture": "cobblemon:textures/pokemon/0586_sawsbuck/eyestype_extratwo.png"
        }
    ]
    },
	{"aspects": ["eyestype-green"],
    "layers": [
        {
        "name": "eyestype",
        "texture": "cobblemon:textures/pokemon/0586_sawsbuck/eyestype_green.png"
        }
    ]
    },
	{"aspects": ["eyestype-magenta"],
    "layers": [
        {
        "name": "eyestype",
        "texture": "cobblemon:textures/pokemon/0586_sawsbuck/eyestype_orange.png"
        }
    ]
    },
	{"aspects": ["eyestype-purple"],
    "layers": [
        {
        "name": "eyestype",
        "texture": "cobblemon:textures/pokemon/0586_sawsbuck/eyestype_pink.png"
        }
    ]
    },
	{"aspects": ["eyestype-red"],
    "layers": [
        {
        "name": "eyestype",
        "texture": "cobblemon:textures/pokemon/0586_sawsbuck/eyestype_red.png"
        }
    ]
    },
	{"aspects": ["eyestype-silver"],
    "layers": [
        {
        "name": "eyestype",
        "texture": "cobblemon:textures/pokemon/0586_sawsbuck/eyestype_silver.png"
        }
    ]
    },
	{"aspects": ["eyestype-yellow"],
    "layers": [
        {
        "name": "eyestype",
        "texture": "cobblemon:textures/pokemon/0586_sawsbuck/eyestype_yellow.png"
        }
    ]
    }
  ]
}