{
	"format_version": "1.12.0",
	"minecraft:geometry": [
		{
			"description": {
				"identifier": "geometry.arceus",
				"texture_width": 256,
				"texture_height": 256,
				"visible_bounds_width": 11,
				"visible_bounds_height": 7.5,
				"visible_bounds_offset": [0, 3.25, 0]
			},
			"bones": [
				{
					"name": "arceus",
					"pivot": [0, 0, 0]
				},
				{
					"name": "body",
					"parent": "arceus",
					"pivot": [0, 0, 0],
					"cubes": [
						{"origin": [-9, 45, -9], "size": [19, 14, 35], "uv": [0, 0]},
						{"origin": [-10, 44, 20], "size": [21, 16, 15], "uv": [3, 15]}
					]
				},
				{
					"name": "tail",
					"parent": "body",
					"pivot": [0, 44, 35],
					"rotation": [-55, 0, 0],
					"cubes": [
						{"origin": [-8, 45.98858, 31.52343], "size": [17, 14, 14], "pivot": [0, 44, 35], "rotation": [57.5, 0, 0], "uv": [0, 49]}
					]
				},
				{
					"name": "bone13",
					"parent": "tail",
					"pivot": [0, 50, 44],
					"cubes": [
						{"origin": [-6, 47.98858, 45.52343], "size": [13, 11, 14], "pivot": [0, 44, 35], "rotation": [57.5, 0, 0], "uv": [73, 0]}
					]
				},
				{
					"name": "bone14",
					"parent": "bone13",
					"pivot": [0, 62, 51],
					"cubes": [
						{"origin": [-5, 62, 33], "size": [11, 9, 8], "pivot": [0, 62, 51], "rotation": [-35, 0, 0], "uv": [126, 138]}
					]
				},
				{
					"name": "bone15",
					"parent": "bone14",
					"pivot": [0, 70, 55],
					"cubes": [
						{"origin": [-5, 71, 33], "size": [11, 9, 8], "pivot": [0, 62, 51], "rotation": [-35, 0, 0], "uv": [137, 56]}
					]
				},
				{
					"name": "neck",
					"parent": "body",
					"pivot": [0, 51, -4],
					"cubes": [
						{"origin": [-6, 53, -11], "size": [13, 17, 13], "pivot": [0, 51, -4], "rotation": [32.5, 0, 0], "uv": [49, 65]},
						{"origin": [-3, 63, -13], "size": [7, 17, 6], "uv": [0, 147]},
						{"origin": [-1, 58, -22], "size": [3, 8, 3], "pivot": [0, 51, -4], "rotation": [-27.5, 0, 0], "uv": [0, 49]}
					]
				},
				{
					"name": "bone3",
					"parent": "neck",
					"pivot": [0, 75, -10],
					"cubes": [
						{"origin": [-10, 74, -10], "size": [8, 4, 0], "uv": [48, 57]},
						{"origin": [4, 74, -10], "size": [7, 4, 0], "uv": [113, 0]}
					]
				},
				{
					"name": "bone4",
					"parent": "neck",
					"pivot": [0, 62, -7],
					"cubes": [
						{"origin": [-13, 61, -7], "size": [7, 4, 0], "uv": [88, 71]},
						{"origin": [7, 61, -7], "size": [7, 4, 0], "uv": [73, 9]}
					]
				},
				{
					"name": "head",
					"parent": "neck",
					"pivot": [-1, 80, -10],
					"cubes": [
						{"origin": [-6, 80, -13], "size": [13, 10, 7], "uv": [128, 0]},
						{"origin": [-6, 97, 6], "size": [13, 2, 7], "pivot": [0, 11, 31], "rotation": [17.5, 0, 0], "uv": [73, 25]},
						{"origin": [-4.5, 81.77808, -17.62836], "size": [10, 6, 6], "pivot": [0, 81.9806, -12.52816], "rotation": [10, 0, 0], "uv": [74, 213]},
						{"origin": [-6, 80, -16], "size": [13, 2, 3], "uv": [0, 28]},
						{"origin": [-5, 80, -19], "size": [11, 2, 3], "uv": [166, 125]},
						{"origin": [-6, 78, -14], "size": [2, 3, 2], "pivot": [-1, 81, -10], "rotation": [-42.5, 0, 0], "uv": [24, 0]},
						{"origin": [5, 78, -14], "size": [2, 3, 2], "pivot": [-1, 81, -10], "rotation": [-42.5, 0, 0], "uv": [0, 0]}
					]
				},
				{
					"name": "deadeyesleft",
					"parent": "head",
					"pivot": [-1, 81, -10],
					"cubes": [
						{"origin": [-3.55, 84.52682, -16.63846], "size": [1, 2, 3], "pivot": [-3.6, 84.52682, -15.63846], "rotation": [23, 0, 0], "uv": [0, 220]}
					]
				},
				{
					"name": "deadeyesright",
					"parent": "head",
					"pivot": [-1, 81, -10],
					"cubes": [
						{"origin": [3.55, 84.52682, -16.63846], "size": [1, 2, 3], "pivot": [3.5, 84.52682, -15.63846], "rotation": [23, 0, 0], "uv": [0, 220]}
					]
				},
				{
					"name": "face",
					"parent": "head",
					"pivot": [-1, 107, -10],
					"cubes": [
						{"origin": [4.55, 82.52682, -15.63846], "size": [1, 2, 3], "pivot": [4.5, 82.52682, -14.63846], "rotation": [-57, 0, 0], "uv": [46, 220]},
						{"origin": [-4.55, 82.52682, -15.63846], "size": [1, 2, 3], "pivot": [-4.6, 82.52682, -14.63846], "rotation": [-57, 0, 0], "uv": [46, 220]}
					]
				},
				{
					"name": "eyesright",
					"parent": "head",
					"pivot": [-1, 80, -10],
					"cubes": [
						{"origin": [4.65, 85.22682, -16.73846], "size": [1, 1, 1], "pivot": [4.5, 85.22682, -15.73846], "rotation": [23, 0, 0], "uv": [4, 203]},
						{"origin": [4.6, 84.82682, -16.63846], "size": [1, 2, 2], "pivot": [4.5, 84.82682, -15.63846], "rotation": [23, 0, 0], "uv": [0, 203]},
						{"origin": [4.55, 84.52682, -16.63846], "size": [1, 2, 3], "pivot": [4.5, 84.52682, -15.63846], "rotation": [23, 0, 0], "uv": [46, 220]}
					]
				},
				{
					"name": "eyesleft",
					"parent": "head",
					"pivot": [-1, 107, -10],
					"cubes": [
						{"origin": [-4.65, 85.22682, -16.73846], "size": [1, 1, 1], "pivot": [-4.8, 85.22682, -15.73846], "rotation": [23, 0, 0], "uv": [4, 203]},
						{"origin": [-4.6, 84.82682, -16.63846], "size": [1, 2, 2], "pivot": [-4.7, 84.82682, -15.63846], "rotation": [23, 0, 0], "uv": [0, 203]},
						{"origin": [-4.55, 84.52682, -16.63846], "size": [1, 2, 3], "pivot": [-4.6, 84.52682, -15.63846], "rotation": [23, 0, 0], "uv": [46, 220]}
					]
				},
				{
					"name": "ekorpala",
					"parent": "head",
					"pivot": [-1, 86, -6],
					"cubes": [
						{"origin": [-5, 81, -6], "size": [11, 9, 7], "uv": [111, 27]}
					]
				},
				{
					"name": "bone",
					"parent": "ekorpala",
					"pivot": [-1, 86, 3],
					"cubes": [
						{"origin": [-5, 83, 1], "size": [11, 7, 10], "uv": [102, 65]}
					]
				},
				{
					"name": "bone2",
					"parent": "bone",
					"pivot": [-1, 86, 13],
					"cubes": [
						{"origin": [-4, 85, 11], "size": [9, 5, 8], "uv": [4, 79]}
					]
				},
				{
					"name": "telinga",
					"parent": "head",
					"pivot": [-1, 80, -10],
					"cubes": [
						{"origin": [-7, 82, -13], "size": [2, 6, 3], "pivot": [0, 80, -10], "rotation": [0, 0, -7.5], "uv": [54, 103]},
						{"origin": [-6, 86, -13], "size": [0, 10, 3], "uv": [36, 74]},
						{"origin": [6, 82, -13], "size": [2, 6, 3], "pivot": [-2, 80, -10], "rotation": [0, 0, 7.5], "uv": [73, 0]},
						{"origin": [7, 86, -13], "size": [0, 10, 3], "uv": [0, 74]}
					]
				},
				{
					"name": "ring",
					"parent": "body",
					"pivot": [0, 17, -2],
					"cubes": [
						{"origin": [-11, 42, 12], "size": [23, 18, 4], "uv": [0, 95]},
						{"origin": [3, 42, -5], "size": [11, 18, 4], "pivot": [0, 17, -2], "rotation": [0, -90, 0], "uv": [0, 95]},
						{"origin": [3, 5, -39], "size": [11, 23, 4], "pivot": [0, 17, -2], "rotation": [0, -90, -90], "uv": [226, 194]}
					]
				},
				{
					"name": "ring2",
					"parent": "ring",
					"pivot": [12, 51, 14],
					"cubes": [
						{"origin": [10, 57, 13], "size": [4, 26, 2], "pivot": [12, 60, 13], "rotation": [0, 0, 45], "uv": [90, 147]},
						{"origin": [23, 69, 12], "size": [4, 18, 4], "pivot": [25, 71, 13], "rotation": [0, 0, 155], "uv": [88, 145]},
						{"origin": [23, 27, 12], "size": [4, 19, 4], "pivot": [25, 29, 13], "rotation": [0, 0, 25], "uv": [88, 145]},
						{"origin": [30, 43, 12], "size": [4, 15, 4], "uv": [88, 145]},
						{"origin": [6, 74, 11], "size": [6, 7, 6], "pivot": [9, 57, 13], "rotation": [0, 0, 45], "uv": [226, 202]},
						{"origin": [0, 78, 14], "size": [8, 7, 0], "pivot": [5, 61, 13], "rotation": [0, 0, 45], "uv": [241, 249]},
						{"origin": [-9, 59, 14], "size": [8, 7, 0], "pivot": [-4, 42, 13], "rotation": [0, 0, -142.5], "uv": [241, 249]},
						{"origin": [11, 79, 14], "size": [6, 9, 0], "pivot": [14, 62, 13], "rotation": [0, 0, 45], "uv": [205, 247]},
						{"origin": [12, 56, 14], "size": [6, 9, 0], "pivot": [15, 39, 13], "rotation": [0, 0, 137.5], "uv": [205, 247]},
						{"origin": [7, 75, 10], "size": [4, 5, 8], "pivot": [9, 57, 13], "rotation": [0, 0, 45], "uv": [109, 244]},
						{"origin": [22, 71, 13], "size": [4, 26, 2], "pivot": [12, 60, 13], "rotation": [0, 0, 137.5], "uv": [74, 137]},
						{"origin": [20, 94, 10], "size": [4, 5, 8], "pivot": [10, 62, 13], "rotation": [0, 0, 137.5], "uv": [109, 244]},
						{"origin": [19, 93, 11], "size": [6, 7, 6], "pivot": [10, 62, 13], "rotation": [0, 0, 137.5], "uv": [232, 206]}
					]
				},
				{
					"name": "ring3",
					"parent": "ring",
					"pivot": [-11, 51, 14],
					"rotation": [0, 0, -45],
					"cubes": [
						{"origin": [-16, 53, 13], "size": [22, 4, 2], "pivot": [-10, 60, 14], "rotation": [0, 0, -90], "uv": [64, 59]},
						{"origin": [-24, 65.6, 12], "size": [20, 4, 4], "pivot": [-25, 72.6, 14], "rotation": [0, 0, -20], "uv": [69, 57]},
						{"origin": [-38, 51.6, 12], "size": [19, 4, 4], "pivot": [-39, 58.6, 14], "rotation": [0, 0, -45], "uv": [69, 57]},
						{"origin": [5, 47, 11], "size": [7, 6, 6], "pivot": [-10, 55, 14], "rotation": [0, 0, -90], "uv": [230, 198]},
						{"origin": [11, 45, 14], "size": [7, 8, 0], "pivot": [-4, 55, 14], "rotation": [0, 0, -90], "uv": [0, 248]},
						{"origin": [10.17426, 15.87663, 14], "size": [7, 8, 0], "pivot": [-2, 26, 14], "rotation": [0, 0, 92.5], "uv": [0, 248]},
						{"origin": [5, 54, 14], "size": [9, 6, 0], "pivot": [-10, 62, 14], "rotation": [0, 0, -90], "uv": [64, 250]},
						{"origin": [-17.79305, 29.33625, 14], "size": [9, 6, 0], "pivot": [-27, 38, 14], "rotation": [0, 0, 172.5], "uv": [64, 250]},
						{"origin": [6, 48, 10], "size": [5, 4, 8], "pivot": [-10, 55, 14], "rotation": [0, 0, -90], "uv": [109, 244]},
						{"origin": [-5, 73, 13], "size": [20, 4, 2], "pivot": [-11, 60, 14], "rotation": [0, 0, 175], "uv": [50, 51]},
						{"origin": [-14, 46.6, 12], "size": [17, 4, 4], "pivot": [-20, 33.6, 14], "rotation": [0, 0, -87.5], "uv": [48, 49]},
						{"origin": [10.20695, 71.33625, 11], "size": [7, 6, 6], "pivot": [-11, 60, 14], "rotation": [0, 0, 172.5], "uv": [231, 207]},
						{"origin": [11.20695, 72.33625, 10], "size": [5, 4, 8], "pivot": [-11, 60, 14], "rotation": [0, 0, 172.5], "uv": [109, 244]}
					]
				},
				{
					"name": "leg_left",
					"parent": "body",
					"pivot": [10, 48, -4],
					"cubes": [
						{"origin": [4, 30, -11], "size": [10, 20, 10], "uv": [0, 117]},
						{"origin": [6, 33, 4], "size": [6, 13, 4], "pivot": [-7, 48, -4], "rotation": [-35, 0, 0], "uv": [225, 118]}
					]
				},
				{
					"name": "bone5",
					"parent": "leg_left",
					"pivot": [10, 30, -6],
					"cubes": [
						{"origin": [5, 6, -10], "size": [8, 20, 8], "uv": [40, 135]},
						{"origin": [3, 24.16231, -12.04087], "size": [12, 6, 12], "uv": [14, 17]}
					]
				},
				{
					"name": "bone6",
					"parent": "bone5",
					"pivot": [10, 10, -6],
					"cubes": [
						{"origin": [6, 0, -9], "size": [6, 6, 6], "uv": [66, 175]}
					]
				},
				{
					"name": "leg_right",
					"parent": "body",
					"pivot": [-7, 48, -4],
					"cubes": [
						{"origin": [-13, 30, -11], "size": [10, 20, 10], "uv": [91, 85]},
						{"origin": [-11, 33, 4], "size": [6, 13, 4], "pivot": [-7, 48, -4], "rotation": [-35, 0, 0], "uv": [225, 118]}
					]
				},
				{
					"name": "bone11",
					"parent": "leg_right",
					"pivot": [-7, 30, -6],
					"cubes": [
						{"origin": [-12, 6, -10], "size": [8, 20, 8], "uv": [0, 0]},
						{"origin": [-14, 24.16231, -12.04087], "size": [12, 6, 12], "uv": [14, 17]}
					]
				},
				{
					"name": "bone12",
					"parent": "bone11",
					"pivot": [-7, 10, -6],
					"cubes": [
						{"origin": [-11, 0, -9], "size": [6, 6, 6], "uv": [171, 0]}
					]
				},
				{
					"name": "leg_left2",
					"parent": "body",
					"pivot": [9, 41, 30],
					"cubes": [
						{"origin": [4, 30, 27], "size": [10, 20, 10], "uv": [94, 115]},
						{"origin": [6, 55, 35], "size": [6, 13, 4], "pivot": [-7, 48, -4], "rotation": [-35, 0, 0], "uv": [225, 118]}
					]
				},
				{
					"name": "bone7",
					"parent": "leg_left2",
					"pivot": [10, 23, 32],
					"cubes": [
						{"origin": [5, 6, 28], "size": [8, 20, 8], "uv": [134, 110]},
						{"origin": [3, 24.16231, 25.95913], "size": [12, 6, 12], "uv": [14, 17]}
					]
				},
				{
					"name": "bone8",
					"parent": "bone7",
					"pivot": [10, 3, 32],
					"cubes": [
						{"origin": [6, 0, 29], "size": [6, 6, 6], "uv": [175, 60]}
					]
				},
				{
					"name": "leg_right2",
					"parent": "body",
					"pivot": [-8, 41, 30],
					"cubes": [
						{"origin": [-13, 30, 27], "size": [10, 20, 10], "uv": [54, 105]},
						{"origin": [-11, 55, 35], "size": [6, 13, 4], "pivot": [-7, 48, -4], "rotation": [-35, 0, 0], "uv": [225, 118]}
					]
				},
				{
					"name": "bone9",
					"parent": "leg_right2",
					"pivot": [-7, 23, 32],
					"cubes": [
						{"origin": [-12, 6, 28], "size": [8, 20, 8], "uv": [131, 82]},
						{"origin": [-14, 24.16231, 25.95913], "size": [12, 6, 12], "uv": [14, 17]}
					]
				},
				{
					"name": "bone10",
					"parent": "bone9",
					"pivot": [-7, 3, 32],
					"cubes": [
						{"origin": [-11, 0, 29], "size": [6, 6, 6], "uv": [173, 12]}
					]
				}
			]
		}
	]
}