{
  "portraitScale": 1.25,
  "portraitTranslation": [ 0, -0.2, 0 ],
  "profileScale": 0.8,
  "profileTranslation": [ 0, 0.4, 0 ],
  "poses": {
    "battle_idle": {
      "poseName": "battle_idle",
      "isBattle": true,
      "transformTicks": 10,
      "poseTypes": [
        "STAND",
        "FLOAT",
        "WALK",
        "FLY",
        "HOVER"
      ],
      "animations":
      [
        "bedrock(combee, battle_idle)"
      ]
    },
    "standing": {
      "poseName": "standing",
      "transformTicks": 10,
      "isBattle": false,
      "poseTypes": [
        "STAND"
      ],
      "animations":
      [
        "bedrock(combee, ground_idle)"
      ]
    },
    "walking": {
      "poseName": "walking",
      "transformTicks": 10,
      "isBattle": false,
      "poseTypes": [
        "WALK",
        "HOVER",
        "FLOAT",
        "FLY",
        "SWIM",
        "PORTRAIT",
        "PROFILE"
      ],
      "animations":
      [
        "bedrock(combee, air_fly)"
      ]
    }
  }
}
