{
  "portraitScale": 1.5,
  "portraitTranslation": [ -0.1, 0.7, 0 ],
  "profileScale": 0.7,
  "profileTranslation": [ 0, 0.6, 0 ],
  "faint": "bedrock(vespiquen, faint)",
  "poses": {
    "sleeping": {
      "poseName": "sleeping",
      "transformTicks": 10,
      "poseTypes": [
        "SLEEP"
      ],
      "quirks": [
        {
          "name": "twitch",
          "loopTimes": 1,
          "minSecondsBetweenOccurrences": 8,
          "maxSecondsBetweenOccurrences": 30,
          "animations": [
            "bedrock(vespiquen, sleep_flap)",
            "bedrock(vespiquen, sleep)"
          ]
        }
      ],
      "animations":
      [
        "bedrock(vespiquen, sleep)"
      ]
    },
    "battle_idle": {
      "poseName": "battle_idle",
      "isBattle": true,
      "transformTicks": 10,
      "poseTypes": [
        "STAND",
        "FLOAT",
        "WALK",
        "FLY",
        "HOVER"
      ],
      "quirks": [
        {
          "name": "blink",
          "loopTimes": 1,
          "minSecondsBetweenOccurrences": 8,
          "maxSecondsBetweenOccurrences": 30,
          "animations": [
            "bedrock(vespiquen, angry_blink)",
            "bedrock(vespiquen, battle_idle)"
          ]
        }
      ],
      "animations":
      [
        "bedrock(vespiquen, battle_idle)"
      ]
    },
    "standing": {
      "poseName": "standing",
      "transformTicks": 10,
      "isBattle": false,
      "poseTypes": [
        "STAND"
      ],
      "quirks": [
        {
          "name": "blink",
          "loopTimes": 1,
          "minSecondsBetweenOccurrences": 8,
          "maxSecondsBetweenOccurrences": 30,
          "animations": [
            "bedrock(vespiquen, blink)",
            "bedrock(vespiquen, ground_idle)"
          ]
        }
      ],
      "animations":
      [
        "bedrock(vespiquen, ground_idle)"
      ]
    },
    "hovering": {
      "poseName": "hovering",
      "isBattle": false,
      "transformTicks": 10,
      "poseTypes": [
        "HOVER",
        "FLOAT",
        "PORTRAIT",
        "PROFILE"
      ],
      "quirks": [
        {
          "name": "blink",
          "loopTimes": 1,
          "minSecondsBetweenOccurrences": 8,
          "maxSecondsBetweenOccurrences": 30,
          "animations": [
            "bedrock(vespiquen, blink)",
            "bedrock(vespiquen, air_idle)"
          ]
        }
      ],
      "animations":
      [
        "bedrock(vespiquen, air_idle)"
      ]
    },
    "flying": {
      "poseName": "flying",
      "isBattle": false,
      "transformTicks": 10,
      "poseTypes": [
        "FLY",
        "SWIM",
        "WALK"
      ],
      "quirks": [
        {
          "name": "blink",
          "loopTimes": 1,
          "minSecondsBetweenOccurrences": 8,
          "maxSecondsBetweenOccurrences": 30,
          "animations": [
            "bedrock(vespiquen, blink)",
            "bedrock(vespiquen, air_idle)"
          ]
        }
      ],
      "animations":
      [
        "bedrock(vespiquen, air_idle)"
      ]
    }
  }
}
