{
	"format_version": "1.12.0",
	"minecraft:geometry": [
		{
			"description": {
				"identifier": "geometry.mothim",
				"texture_width": 32,
				"texture_height": 32,
				"visible_bounds_width": 4,
				"visible_bounds_height": 3.5,
				"visible_bounds_offset": [0, 1.25, 0]
			},
			"bones": [
				{
					"name": "mothim",
					"pivot": [0, 0, 0]
				},
				{
					"name": "body",
					"parent": "mothim",
					"pivot": [-0.1, 10.65, -1.8],
					"cubes": [
						{"origin": [-2.15, 7.9, -3.4], "size": [4.1, 5.5, 3.2], "uv": [18, 21]}
					]
				},
				{
					"name": "torso",
					"parent": "body",
					"pivot": [-0.1, 10.65, -1.8]
				},
				{
					"name": "head",
					"parent": "torso",
					"pivot": [-0.05, 15.3, -2],
					"cubes": [
						{"origin": [-2.85, 13.3, -4], "size": [5.6, 4, 4], "uv": [0, 21]}
					]
				},
				{
					"name": "antenna",
					"parent": "head",
					"pivot": [8.35, 14.05, -10.5]
				},
				{
					"name": "antenna_r",
					"parent": "antenna",
					"pivot": [1.075, 20.15, -4],
					"cubes": [
						{"origin": [-0.725, 17.3, -4], "size": [3.6, 1.7, 0], "uv": [22, 18]}
					]
				},
				{
					"name": "antenna_r_2",
					"parent": "antenna_r",
					"pivot": [1.075, 20, -4],
					"cubes": [
						{"origin": [-0.725, 18.875, -4], "size": [3.6, 1.7, 0], "uv": [22, 17]}
					]
				},
				{
					"name": "antenna_r_3",
					"parent": "antenna_r_2",
					"pivot": [1.075, 21.7, -4],
					"cubes": [
						{"origin": [-0.725, 20.575, -4], "size": [3.6, 1.7, 0], "uv": [22, 16]}
					]
				},
				{
					"name": "antenna_r_4",
					"parent": "antenna_r_3",
					"pivot": [1.075, 23.4, -4],
					"cubes": [
						{"origin": [-0.725, 22.275, -4], "size": [3.6, 1.7, 0], "uv": [22, 15]}
					]
				},
				{
					"name": "antenna_r2",
					"parent": "antenna",
					"pivot": [-1.075, 18.15, -4],
					"cubes": [
						{"origin": [-2.875, 17.3, -4], "size": [3.6, 1.7, 0], "uv": [22, 18], "mirror": true}
					]
				},
				{
					"name": "antenna_r_5",
					"parent": "antenna_r2",
					"pivot": [-1.075, 19.725, -4],
					"cubes": [
						{"origin": [-2.875, 18.875, -4], "size": [3.6, 1.7, 0], "uv": [22, 17], "mirror": true}
					]
				},
				{
					"name": "antenna_r_6",
					"parent": "antenna_r_5",
					"pivot": [-1.075, 21.425, -4],
					"cubes": [
						{"origin": [-2.875, 20.575, -4], "size": [3.6, 1.7, 0], "uv": [22, 16], "mirror": true}
					]
				},
				{
					"name": "antenna_r_7",
					"parent": "antenna_r_6",
					"pivot": [-1.075, 23.125, -4],
					"cubes": [
						{"origin": [-2.875, 22.275, -4], "size": [3.6, 1.7, 0], "uv": [22, 15], "mirror": true}
					]
				},
				{
					"name": "eyes_closed",
					"parent": "head",
					"pivot": [-0.05, 15.3, -1.9]
				},
				{
					"name": "eye_closed_1",
					"parent": "eyes_closed",
					"pivot": [-0.05, 15.3, -1.9],
					"cubes": [
						{"origin": [1.075, 14.875, -3.85], "size": [1, 2, 0], "inflate": 0.01, "uv": [18, 17]}
					]
				},
				{
					"name": "eye_closed_2",
					"parent": "eyes_closed",
					"pivot": [0.05, 15.3, -1.9],
					"cubes": [
						{"origin": [-2.175, 14.875, -3.875], "size": [1, 2, 0], "inflate": 0.01, "uv": [18, 17], "mirror": true}
					]
				},
				{
					"name": "wings",
					"parent": "torso",
					"pivot": [0, 0, 0]
				},
				{
					"name": "wing_r",
					"parent": "wings",
					"pivot": [0, 0, 0]
				},
				{
					"name": "top_wing_r",
					"parent": "wing_r",
					"pivot": [8.25677, 15.96558, -0.1],
					"cubes": [
						{"origin": [0.55, 9.525, -0.1], "size": [17.2, 12.6, 0], "pivot": [8.35, 13.65, -0.1], "rotation": [0, 0, -22.5], "uv": [0, 0]}
					]
				},
				{
					"name": "bottom_wing_r",
					"parent": "wing_r",
					"pivot": [6.12709, 8.29741, -0.05],
					"cubes": [
						{"origin": [-0.125, 3, -0.05], "size": [9.8, 9.8, 0], "pivot": [6.45, 4.7, -0.1], "rotation": [0, 0, 22.5], "uv": [0, 12]}
					]
				},
				{
					"name": "wing_l",
					"parent": "wings",
					"pivot": [0, 0, 0]
				},
				{
					"name": "top_wing_l",
					"parent": "wing_l",
					"pivot": [-7.35677, 15.96558, -0.1],
					"cubes": [
						{"origin": [-16.85, 9.525, -0.1], "size": [17.2, 12.6, 0], "pivot": [-7.45, 13.65, -0.1], "rotation": [0, 0, 22.5], "uv": [0, 0], "mirror": true}
					]
				},
				{
					"name": "bottom_wing_l",
					"parent": "wing_l",
					"pivot": [-5.22709, 8.29741, -0.05],
					"cubes": [
						{"origin": [-8.775, 3, -0.05], "size": [9.8, 9.8, 0], "pivot": [-5.55, 4.7, -0.1], "rotation": [0, 0, -22.5], "uv": [0, 12], "mirror": true}
					]
				},
				{
					"name": "tail",
					"parent": "torso",
					"pivot": [-1.05, 6.9, -2]
				},
				{
					"name": "tail_r",
					"parent": "tail",
					"pivot": [-1.05, 6.9, -2],
					"cubes": [
						{"origin": [0.075, 5.17496, -2.00406], "size": [1.4, 2.4, 0], "pivot": [-1.05, 6.89996, -2.00406], "rotation": [0, 0, -22.5], "uv": [22, 29]}
					]
				},
				{
					"name": "tail_l",
					"parent": "tail",
					"pivot": [-1.05, 6.9, -2],
					"cubes": [
						{"origin": [-1.525, 4.77496, -2.00394], "size": [1.4, 2.4, 0], "pivot": [1.95, 6.89996, -2.00394], "rotation": [0, 0, 22.5], "uv": [22, 29], "mirror": true}
					]
				},
				{
					"name": "legs",
					"parent": "body",
					"pivot": [-0.65, 6, -2]
				},
				{
					"name": "leg_r",
					"parent": "legs",
					"pivot": [1.175, 8.675, -3.6],
					"cubes": [
						{"origin": [0.675, 8.175, -4.1], "size": [1, 1, 1], "uv": [18, 29]}
					]
				},
				{
					"name": "leg_l",
					"parent": "legs",
					"pivot": [-1.35, 8.675, -3.6],
					"cubes": [
						{"origin": [-1.85, 8.175, -4.1], "size": [1, 1, 1], "uv": [18, 29], "mirror": true}
					]
				},
				{
					"name": "arms",
					"parent": "body",
					"pivot": [-1.65, 11.8, -3.6]
				},
				{
					"name": "arm_r",
					"parent": "arms",
					"pivot": [0, 0, 0]
				},
				{
					"name": "arm_r_1",
					"parent": "arm_r",
					"pivot": [2.34943, 11.87139, -2.95157],
					"cubes": [
						{"origin": [1.84943, 11.37139, -3.30157], "size": [1, 1, 1], "uv": [10, 30]}
					]
				},
				{
					"name": "arm_r_2",
					"parent": "arm_r_1",
					"pivot": [3.34943, 11.87139, -2.80157],
					"cubes": [
						{"origin": [2.84943, 11.37139, -3.30157], "size": [1, 1, 1], "uv": [10, 30]}
					]
				},
				{
					"name": "arm_r_3",
					"parent": "arm_r_2",
					"pivot": [4.13773, 11.87139, -2.96068],
					"cubes": [
						{"origin": [3.65919, 11.37139, -3.3165], "size": [1, 1, 1], "uv": [11, 30]}
					]
				},
				{
					"name": "arm_l",
					"parent": "arms",
					"pivot": [-3.64533, 11.83017, -2.975]
				},
				{
					"name": "arm_l_1",
					"parent": "arm_l",
					"pivot": [-2.64533, 11.83017, -2.975],
					"cubes": [
						{"origin": [-3.14533, 11.33017, -3.475], "size": [1, 1, 1], "uv": [10, 30], "mirror": true}
					]
				},
				{
					"name": "arm_l_2",
					"parent": "arm_l_1",
					"pivot": [-3.64533, 11.83017, -2.975],
					"cubes": [
						{"origin": [-4.14533, 11.33017, -3.475], "size": [1, 1, 1], "uv": [10, 30], "mirror": true}
					]
				},
				{
					"name": "arm_l_3",
					"parent": "arm_l_2",
					"pivot": [-4.64533, 11.83017, -2.975],
					"cubes": [
						{"origin": [-5.14533, 11.33017, -3.475], "size": [1, 1, 1], "uv": [11, 30], "mirror": true}
					]
				}
			]
		}
	]
}