{
	"format_version": "1.12.0",
	"minecraft:geometry": [
		{
			"description": {
				"identifier": "geometry.girafarig",
				"texture_width": 64,
				"texture_height": 64,
				"visible_bounds_width": 3,
				"visible_bounds_height": 3.5,
				"visible_bounds_offset": [0, 1.25, 0]
			},
			"bones": [
				{
					"name": "girafarig",
					"pivot": [0, 0, 0]
				},
				{
					"name": "body",
					"parent": "girafarig",
					"pivot": [0, 16, 0]
				},
				{
					"name": "torso",
					"parent": "body",
					"pivot": [0, 14.25, 0],
					"cubes": [
						{"origin": [-4, 11.25, -8], "size": [8, 7, 16], "uv": [0, 15]},
						{"origin": [0, 17.75, -4], "size": [0, 3, 9], "uv": [22, -5]}
					]
				},
				{
					"name": "neck",
					"parent": "torso",
					"pivot": [0, 16, -6],
					"rotation": [15, 0, 0],
					"cubes": [
						{"origin": [-2, 14, -8.5], "size": [4, 7, 5], "inflate": 0.02, "uv": [32, 14]},
						{"origin": [0, 18, -4], "size": [0, 3, 3], "inflate": 0.01, "uv": [12, 9]}
					]
				},
				{
					"name": "neck2",
					"parent": "neck",
					"pivot": [0, 21, -6],
					"cubes": [
						{"origin": [-2, 20.5, -8], "size": [4, 7, 4], "uv": [0, 20]},
						{"origin": [2.01, 20.5, -7.5], "size": [0, 1, 3], "uv": [42, 23]},
						{"origin": [-2.01, 20.5, -7.5], "size": [0, 1, 3], "uv": [42, 24], "mirror": true},
						{"origin": [0, 21, -4], "size": [0, 4, 3], "uv": [6, 9]}
					]
				},
				{
					"name": "head",
					"parent": "neck2",
					"pivot": [0, 25, -6],
					"cubes": [
						{"origin": [-2.5, 25, -9.5], "size": [5, 6, 6], "uv": [0, 0]},
						{"origin": [0, 25, -4], "size": [0, 3, 3], "uv": [0, 9]}
					]
				},
				{
					"name": "eyes",
					"parent": "head",
					"pivot": [0, 28.25, -8]
				},
				{
					"name": "eye_left",
					"parent": "eyes",
					"pivot": [0, 28.75, -8],
					"cubes": [
						{"origin": [1.51, 26.75, -9.51], "size": [1, 3, 2], "uv": [0, 0]}
					]
				},
				{
					"name": "eye_angry_left",
					"parent": "eye_left",
					"pivot": [2.16, 29.5, -8.415],
					"cubes": [
						{"origin": [1.41, 28.75, -9.42], "size": [1, 1, 1], "inflate": 0.01, "uv": [20, 0]},
						{"origin": [2.41, 29.25, -8.41], "size": [0, 1, 1], "inflate": 0.01, "uv": [22, 1]}
					]
				},
				{
					"name": "eye_sad_left",
					"parent": "eye_left",
					"pivot": [2.41, 29.5, -8.415],
					"cubes": [
						{"origin": [2.41, 29.25, -9.4], "size": [0, 1, 1], "inflate": 0.01, "uv": [24, 1]},
						{"origin": [2.41, 28.75, -8.4], "size": [0, 1, 1], "inflate": 0.01, "uv": [24, 2]}
					]
				},
				{
					"name": "pupil_left",
					"parent": "eye_left",
					"pivot": [2.01, 28.75, -9.52],
					"cubes": [
						{"origin": [1.51, 28.25, -9.52], "size": [1, 1, 0], "uv": [0, 0]}
					]
				},
				{
					"name": "eyelid_left",
					"parent": "eye_left",
					"pivot": [1.91, 28.25, -8.42],
					"cubes": [
						{"origin": [1.41, 26.75, -9.42], "size": [1, 3, 2], "inflate": 0.01, "uv": [32, 26]}
					]
				},
				{
					"name": "eyelid_happy_left",
					"parent": "eye_left",
					"pivot": [1.81, 28.25, -8.32],
					"cubes": [
						{"origin": [1.41, 26.75, -9.42], "size": [1, 3, 2], "inflate": 0.01, "uv": [50, 44]}
					]
				},
				{
					"name": "eyelid_recoil_left",
					"parent": "eye_left",
					"pivot": [1.81, 28.25, -8.32],
					"cubes": [
						{"origin": [1.41, 26.75, -9.42], "size": [1, 3, 2], "inflate": 0.01, "uv": [50, 49]}
					]
				},
				{
					"name": "eye_right",
					"parent": "eyes",
					"pivot": [0, 28.75, -8],
					"cubes": [
						{"origin": [-2.51, 26.75, -9.51], "size": [1, 3, 2], "uv": [16, 0], "mirror": true}
					]
				},
				{
					"name": "eye_angry_right",
					"parent": "eye_right",
					"pivot": [-2.16, 29.5, -8.415],
					"cubes": [
						{"origin": [-2.41, 28.75, -9.42], "size": [1, 1, 1], "inflate": 0.01, "uv": [24, 0], "mirror": true},
						{"origin": [-2.41, 29.25, -8.41], "size": [0, 1, 1], "inflate": 0.01, "uv": [22, 2], "mirror": true}
					]
				},
				{
					"name": "eye_sad_right",
					"parent": "eye_right",
					"pivot": [-2.41, 29.5, -8.415],
					"cubes": [
						{"origin": [-2.41, 29.25, -9.4], "size": [0, 1, 1], "inflate": 0.01, "uv": [26, 1], "mirror": true},
						{"origin": [-2.41, 28.75, -8.4], "size": [0, 1, 1], "inflate": 0.01, "uv": [26, 2], "mirror": true}
					]
				},
				{
					"name": "pupil_right",
					"parent": "eye_right",
					"pivot": [-2.01, 28.75, -9.52],
					"cubes": [
						{"origin": [-2.51, 28.25, -9.52], "size": [1, 1, 0], "uv": [16, 0], "mirror": true}
					]
				},
				{
					"name": "eyelid_right",
					"parent": "eye_right",
					"pivot": [-1.91, 28.25, -8.42],
					"cubes": [
						{"origin": [-2.41, 26.75, -9.42], "size": [1, 3, 2], "inflate": 0.01, "uv": [38, 26], "mirror": true}
					]
				},
				{
					"name": "eyelid_happy_right",
					"parent": "eye_right",
					"pivot": [-1.81, 28.25, -8.32],
					"cubes": [
						{"origin": [-2.41, 26.75, -9.42], "size": [1, 3, 2], "inflate": 0.01, "uv": [56, 44], "mirror": true}
					]
				},
				{
					"name": "eyelid_recoil_right",
					"parent": "eye_right",
					"pivot": [-1.81, 28.25, -8.32],
					"cubes": [
						{"origin": [-2.41, 26.75, -9.42], "size": [1, 3, 2], "inflate": 0.01, "uv": [56, 49], "mirror": true}
					]
				},
				{
					"name": "muzzle",
					"parent": "head",
					"pivot": [0, 28.5, -9.5],
					"cubes": [
						{"origin": [-1.5, 25.5, -13], "size": [3, 3, 4], "inflate": 0.01, "uv": [32, 7]},
						{"origin": [-1, 25.49, -12.5], "size": [2, 0, 2], "inflate": 0.01, "uv": [30, 7]},
						{"origin": [-1, 28.51, -12.5], "size": [2, 0, 1], "inflate": 0.01, "uv": [41, 10]},
						{"origin": [-1.5, 25, -10.5], "size": [3, 1, 1], "uv": [34, 0]}
					]
				},
				{
					"name": "jaw",
					"parent": "muzzle",
					"pivot": [0.5, 26, -10.5],
					"cubes": [
						{"origin": [-1, 25, -12.5], "size": [2, 1, 2], "uv": [40, 2]}
					]
				},
				{
					"name": "ear_left",
					"parent": "head",
					"pivot": [2.5, 31, -6.45],
					"rotation": [0, -15, -20],
					"cubes": [
						{"origin": [2.5, 31, -6.45], "size": [5, 0, 3], "uv": [19, 7]}
					]
				},
				{
					"name": "ear_right",
					"parent": "head",
					"pivot": [-2.5, 31, -6.45],
					"rotation": [0, 15, 20],
					"cubes": [
						{"origin": [-7.5, 31, -6.45], "size": [5, 0, 3], "uv": [19, 10], "mirror": true}
					]
				},
				{
					"name": "horns",
					"parent": "head",
					"pivot": [0, 31, -6.5]
				},
				{
					"name": "horn_left",
					"parent": "horns",
					"pivot": [1.25, 31, -6.5],
					"rotation": [0, 0, 10],
					"cubes": [
						{"origin": [0.25, 33, -7.5], "size": [2, 2, 2], "uv": [0, 16]},
						{"origin": [0.75, 30.5, -7], "size": [1, 3, 1], "uv": [0, 20]}
					]
				},
				{
					"name": "horn_right",
					"parent": "horns",
					"pivot": [-1.25, 31, -6.5],
					"rotation": [0, 0, -10],
					"cubes": [
						{"origin": [-1.75, 30.5, -7], "size": [1, 3, 1], "uv": [12, 20], "mirror": true},
						{"origin": [-2.25, 33, -7.5], "size": [2, 2, 2], "uv": [8, 16], "mirror": true}
					]
				},
				{
					"name": "tail",
					"parent": "torso",
					"pivot": [0, 18.25, 6.5],
					"rotation": [-50, 0, 0],
					"cubes": [
						{"origin": [-0.5, 16.75, 6], "size": [1, 8, 1], "uv": [46, 9]}
					]
				},
				{
					"name": "tail2",
					"parent": "tail",
					"pivot": [0, 24.75, 6.5],
					"rotation": [50, 0, 0],
					"cubes": [
						{"origin": [-2, 22.75, 4.5], "size": [4, 4, 4], "uv": [44, 1]}
					]
				},
				{
					"name": "tail_eyes",
					"parent": "tail2",
					"pivot": [0, 24.95, 6.5]
				},
				{
					"name": "tail_eye_left",
					"parent": "tail_eyes",
					"pivot": [2.01, 25.7, 6.5],
					"cubes": [
						{"origin": [2.01, 24.7, 5.5], "size": [0, 2, 2], "inflate": 0.01, "uv": [56, -2]}
					]
				},
				{
					"name": "tail_pupil_left",
					"parent": "tail_eye_left",
					"pivot": [2.01, 26.2, 7],
					"cubes": [
						{"origin": [2.02, 25.2, 6], "size": [0, 1, 1], "inflate": 0.01, "uv": [60, -1]}
					]
				},
				{
					"name": "tail_eyelid_left",
					"parent": "tail_eye_left",
					"pivot": [1.42, 25.7, 6.5],
					"cubes": [
						{"origin": [0.92, 24.7, 5.5], "size": [1, 2, 2], "inflate": 0.02, "uv": [50, 13]}
					]
				},
				{
					"name": "tail_eye_right",
					"parent": "tail_eyes",
					"pivot": [-2.01, 25.7, 6.5],
					"cubes": [
						{"origin": [-2.01, 24.7, 5.5], "size": [0, 2, 2], "inflate": 0.01, "uv": [56, 0], "mirror": true}
					]
				},
				{
					"name": "tail_pupil_right",
					"parent": "tail_eye_right",
					"pivot": [-2.01, 26.2, 7],
					"cubes": [
						{"origin": [-2.02, 25.2, 6], "size": [0, 1, 1], "inflate": 0.01, "uv": [60, 0], "mirror": true}
					]
				},
				{
					"name": "tail_eyelid_right",
					"parent": "tail_eye_right",
					"pivot": [-1.42, 25.7, 6.5],
					"cubes": [
						{"origin": [-1.92, 24.7, 5.5], "size": [1, 2, 2], "inflate": 0.02, "uv": [56, 13], "mirror": true}
					]
				},
				{
					"name": "tail_mouth",
					"parent": "tail2",
					"pivot": [0, 23.5, 7.5],
					"cubes": [
						{"origin": [-2, 23, 6.5], "size": [4, 2, 2], "inflate": 0.01, "uv": [50, 9]}
					]
				},
				{
					"name": "legs",
					"parent": "body",
					"pivot": [0, 14, 0]
				},
				{
					"name": "leg_front_left",
					"parent": "legs",
					"pivot": [2.5, 14, -5.5],
					"cubes": [
						{"origin": [0.5, 7.5, -7.5], "size": [4, 8, 4], "inflate": 0.01, "uv": [0, 38]}
					]
				},
				{
					"name": "leg_front_left2",
					"parent": "leg_front_left",
					"pivot": [2.5, 7.5, -7],
					"cubes": [
						{"origin": [1.5, 1.5, -7], "size": [2, 6, 3], "uv": [0, 50]}
					]
				},
				{
					"name": "leg_front_left3",
					"parent": "leg_front_left2",
					"pivot": [2.5, 1.5, -5.5],
					"cubes": [
						{"origin": [1.5, 0, -7.25], "size": [2, 2, 3], "inflate": 0.02, "uv": [0, 59]}
					]
				},
				{
					"name": "leg_back_left",
					"parent": "legs",
					"pivot": [2.5, 13.5, 6],
					"rotation": [2.5, 0, 0],
					"cubes": [
						{"origin": [0.75, 7.5, 3.5], "size": [4, 8, 5], "inflate": 0.01, "uv": [32, 38]}
					]
				},
				{
					"name": "leg_back_left2",
					"parent": "leg_back_left",
					"pivot": [2.5, 8, 8.5],
					"rotation": [-7.5, 0, 0],
					"cubes": [
						{"origin": [1.5, 1, 6], "size": [2, 7, 3], "uv": [50, 17]}
					]
				},
				{
					"name": "leg_back_left3",
					"parent": "leg_back_left2",
					"pivot": [2.5, 1, 7.5],
					"rotation": [5, 0, 0],
					"cubes": [
						{"origin": [1.5, -0.25, 5.75], "size": [2, 2, 3], "inflate": 0.02, "uv": [45, 37]}
					]
				},
				{
					"name": "leg_front_right",
					"parent": "legs",
					"pivot": [-2.5, 14, -5.5],
					"cubes": [
						{"origin": [-4.5, 7.5, -7.5], "size": [4, 8, 4], "inflate": 0.01, "uv": [16, 38], "mirror": true}
					]
				},
				{
					"name": "leg_front_right2",
					"parent": "leg_front_right",
					"pivot": [-2.5, 7.5, -7],
					"cubes": [
						{"origin": [-3.5, 1.5, -7], "size": [2, 6, 3], "uv": [10, 50], "mirror": true}
					]
				},
				{
					"name": "leg_front_right3",
					"parent": "leg_front_right2",
					"pivot": [-2.5, 1.5, -5.5],
					"cubes": [
						{"origin": [-3.5, 0, -7.25], "size": [2, 2, 3], "inflate": 0.02, "uv": [10, 59], "mirror": true}
					]
				},
				{
					"name": "leg_back_right",
					"parent": "legs",
					"pivot": [-2.5, 13.5, 6],
					"rotation": [2.5, 0, 0],
					"cubes": [
						{"origin": [-4.75, 7.5, 3.5], "size": [4, 8, 5], "inflate": 0.01, "uv": [20, 51], "mirror": true}
					]
				},
				{
					"name": "leg_back_right2",
					"parent": "leg_back_right",
					"pivot": [-2.5, 8, 8.5],
					"rotation": [-7.5, 0, 0],
					"cubes": [
						{"origin": [-3.5, 1, 6], "size": [2, 7, 3], "uv": [48, 27], "mirror": true}
					]
				},
				{
					"name": "leg_back_right3",
					"parent": "leg_back_right2",
					"pivot": [-2.5, 1, 7.5],
					"rotation": [5, 0, 0],
					"cubes": [
						{"origin": [-3.5, -0.25, 5.75], "size": [2, 2, 3], "inflate": 0.02, "uv": [52, 39], "mirror": true}
					]
				}
			]
		}
	]
}