{
    "species_data": {
      "species": "mimikyu",
      "spawns_per_wave": 5,
      "waves": 3,
      "shiny_chance": 158.2,
      "pokemon_rarity": "epic"
    },
	"rewards": {
	  "item_rewards": [
		"cobblemon:cherish_ball",
		"cobblemon:exp_candy_xs",
		"cobblemon:exp_candy_s",
		"cobblemon:exp_candy_m",
		"cobblemon:rare_candy"
		]
	},
	"algorithms": {
		"level_algorithm": "cobblemonoutbreaks:scaled",
		"spawn_range": 15.0,
		"leash_range": 15.0
	},
    "biome": [
      "#cobblemon:is_spooky",
      "#cobblemon:is_forest"
    ]
  }
  