{
  "species": "cobblemon:giratina",
  "order": 0,
  "variations": [
    {
      "aspects": [],
      "poser": "cobblemon:giratina",
      "model": "cobblemon:giratina.geo",
      "texture": "cobblemon:textures/pokemon/giratina/giratina_altered.png",
      "layers": [
        {
              "name": "emissive",
              "emissive": true,
              "texture": "cobblemon:textures/pokemon/giratina/giratina_emissive.png",
              "translucent": true
        }
      ]
    },
    {
      "aspects": [ "shiny" ],
      "texture": "cobblemon:textures/pokemon/giratina/giratina_altered_shiny.png",
      "layers": [
        {
              "name": "emissive",
              "emissive": true,
              "texture": "cobblemon:textures/pokemon/giratina/giratina_shiny_emissive.png",
              "translucent": true
        }
      ]
    }
  ]
}