{
	"format_version": "1.12.0",
	"minecraft:geometry": [
		{
			"description": {
				"identifier": "geometry.combee_mc_female",
				"texture_width": 64,
				"texture_height": 64,
				"visible_bounds_width": 3,
				"visible_bounds_height": 2.5,
				"visible_bounds_offset": [0, 0.75, 0]
			},
			"bones": [
				{
					"name": "combee",
					"pivot": [0, 0, 0]
				},
				{
					"name": "bodies",
					"parent": "combee",
					"pivot": [0, 0, 0]
				},
				{
					"name": "body",
					"parent": "bodies",
					"pivot": [0.5, 5, 0],
					"cubes": [
						{"origin": [-3, 2, -5], "size": [7, 7, 10], "uv": [24, 10]},
						{"origin": [-1, 7, -8], "size": [0, 2, 3], "uv": [0, 18]},
						{"origin": [2, 7, -8], "size": [0, 2, 3], "uv": [0, 16]}
					]
				},
				{
					"name": "gender_difference",
					"parent": "body",
					"pivot": [0.5, 5, 0]
				},
				{
					"name": "stinger",
					"parent": "body",
					"pivot": [0.5, 6, 1],
					"cubes": [
						{"origin": [0.5, 5, 5], "size": [0, 1, 2], "uv": [6, 1]}
					]
				},
				{
					"name": "rightwing_bone",
					"parent": "body",
					"pivot": [-1, 9, -3],
					"rotation": [15, -15, 0]
				},
				{
					"name": "leftwing_bone",
					"parent": "body",
					"pivot": [2, 9, -3],
					"rotation": [15, 15, 0]
				},
				{
					"name": "leg_front",
					"parent": "body",
					"pivot": [2, 2, -2],
					"cubes": [
						{"origin": [-3, 0, -2], "size": [7, 2, 0], "uv": [28, 34]}
					]
				},
				{
					"name": "leg_mid",
					"parent": "body",
					"pivot": [2, 2, 0],
					"cubes": [
						{"origin": [-3, 0, 0], "size": [7, 2, 0], "uv": [14, 34]}
					]
				},
				{
					"name": "leg_back",
					"parent": "body",
					"pivot": [2, 2, 2],
					"cubes": [
						{"origin": [-3, 0, 2], "size": [7, 2, 0], "uv": [0, 34]}
					]
				},
				{
					"name": "angry_eyes",
					"parent": "body",
					"pivot": [0.5, 5, 0],
					"cubes": [
						{"origin": [2, 3, -5], "size": [2, 4, 1], "inflate": 0.01, "uv": [6, 37]},
						{"origin": [-3, 3, -5], "size": [2, 4, 1], "inflate": 0.01, "uv": [0, 37]}
					]
				},
				{
					"name": "body2",
					"parent": "bodies",
					"pivot": [-3, 12, 0],
					"rotation": [0, 2.5, 0],
					"cubes": [
						{"origin": [-6.5, 9, -5], "size": [7, 7, 10], "uv": [0, 17]},
						{"origin": [-4.5, 14, -8], "size": [0, 2, 3], "uv": [0, 14]},
						{"origin": [-1.5, 14, -8], "size": [0, 2, 3], "uv": [0, 4]}
					]
				},
				{
					"name": "stinger2",
					"parent": "body2",
					"pivot": [-3, 13, 1],
					"cubes": [
						{"origin": [-3, 12, 5], "size": [0, 1, 2], "uv": [4, 0]}
					]
				},
				{
					"name": "rightwing_bone2",
					"parent": "body2",
					"pivot": [-4.5, 16, -3],
					"rotation": [15, -15, 0],
					"cubes": [
						{"origin": [-13.5, 16, -3], "size": [9, 0, 6], "uv": [20, 2]}
					]
				},
				{
					"name": "leftwing_bone2",
					"parent": "body2",
					"pivot": [-1.5, 16, -3],
					"rotation": [15, 15, 0]
				},
				{
					"name": "leg_front2",
					"parent": "body2",
					"pivot": [-1.5, 9, -2]
				},
				{
					"name": "leg_mid2",
					"parent": "body2",
					"pivot": [-1.5, 9, 0]
				},
				{
					"name": "leg_back2",
					"parent": "body2",
					"pivot": [-1.5, 9, 2]
				},
				{
					"name": "angry_eyes2",
					"parent": "body2",
					"pivot": [0.5, 5, 0],
					"cubes": [
						{"origin": [-1.5, 10, -5], "size": [2, 4, 1], "inflate": 0.01, "uv": [6, 37]},
						{"origin": [-6.5, 10, -5], "size": [2, 4, 1], "inflate": 0.01, "uv": [0, 37]}
					]
				},
				{
					"name": "body3",
					"parent": "bodies",
					"pivot": [4, 12, 0],
					"rotation": [0, -2.5, 0],
					"cubes": [
						{"origin": [0.5, 9, -5], "size": [7, 7, 10], "uv": [0, 0], "mirror": true},
						{"origin": [2.5, 14, -8], "size": [0, 2, 3], "uv": [0, 2]},
						{"origin": [5.5, 14, -8], "size": [0, 2, 3], "uv": [0, 0]}
					]
				},
				{
					"name": "stinger3",
					"parent": "body3",
					"pivot": [4, 13, 1],
					"cubes": [
						{"origin": [4, 12, 5], "size": [0, 1, 2], "uv": [0, 0]}
					]
				},
				{
					"name": "rightwing_bone3",
					"parent": "body3",
					"pivot": [2.5, 16, -3],
					"rotation": [15, -15, 0]
				},
				{
					"name": "leftwing_bone3",
					"parent": "body3",
					"pivot": [5.5, 16, -3],
					"rotation": [15, 15, 0],
					"cubes": [
						{"origin": [5.5, 16, -3], "size": [9, 0, 6], "uv": [40, 2]}
					]
				},
				{
					"name": "leg_front3",
					"parent": "body3",
					"pivot": [5.5, 9, -2]
				},
				{
					"name": "leg_mid3",
					"parent": "body3",
					"pivot": [5.5, 9, 0]
				},
				{
					"name": "leg_back3",
					"parent": "body3",
					"pivot": [5.5, 9, 2]
				},
				{
					"name": "angry_eyes3",
					"parent": "body3",
					"pivot": [0.5, 5, 0],
					"cubes": [
						{"origin": [5.5, 10, -5], "size": [2, 4, 1], "inflate": 0.01, "uv": [6, 37]},
						{"origin": [0.5, 10, -5], "size": [2, 4, 1], "inflate": 0.01, "uv": [0, 37]}
					]
				}
			]
		}
	]
}