{
	"format_version": "1.12.0",
	"minecraft:geometry": [
		{
			"description": {
				"identifier": "geometry.deerlingqv",
				"texture_width": 64,
				"texture_height": 32,
				"visible_bounds_width": 3,
				"visible_bounds_height": 2.5,
				"visible_bounds_offset": [0, 0.75, 0]
			},
			"bones": [
				{
					"name": "deerling",
					"pivot": [0, 0, 0]
				},
				{
					"name": "body",
					"parent": "deerling",
					"pivot": [0, 0, 0]
				},
				{
					"name": "torso",
					"parent": "body",
					"pivot": [0, 8, 2.5],
					"cubes": [
						{"origin": [-2.5, 6, -5.5], "size": [5, 5, 10], "uv": [0, 0]}
					]
				},
				{
					"name": "neck",
					"parent": "torso",
					"pivot": [0, 9, -4],
					"rotation": [5, 0, 0],
					"cubes": [
						{"origin": [-1.5, 8, -5.5], "size": [3, 6, 3], "inflate": 0.01, "uv": [30, 10]}
					]
				},
				{
					"name": "head",
					"parent": "neck",
					"pivot": [0, 12.75, -4],
					"cubes": [
						{"origin": [-2.5, 12.75, -7], "size": [5, 5, 5], "uv": [0, 15]}
					]
				},
				{
					"name": "eyes",
					"parent": "head",
					"pivot": [0, 15.1, -5.75]
				},
				{
					"name": "eye_right",
					"parent": "eyes",
					"pivot": [-2.5, 15.1, -5.75],
					"cubes": [
						{"origin": [-2.5, 14.1, -6.75], "size": [0, 2, 2], "inflate": 0.01, "uv": [16, 15], "mirror": true}
					]
				},
				{
					"name": "eyelid_right",
					"parent": "eye_right",
					"pivot": [-1.9, 15.1, -5.75],
					"cubes": [
						{"origin": [-2.4, 14.1, -6.75], "size": [1, 2, 2], "inflate": 0.02, "uv": [27, 13], "mirror": true}
					]
				},
				{
					"name": "eye_left",
					"parent": "eyes",
					"pivot": [2.5, 15.1, -5.75],
					"cubes": [
						{"origin": [2.5, 14.1, -6.75], "size": [0, 2, 2], "inflate": 0.01, "uv": [16, 13]}
					]
				},
				{
					"name": "eyelid_left",
					"parent": "eye_left",
					"pivot": [1.9, 15.1, -5.75],
					"cubes": [
						{"origin": [1.4, 14.1, -6.75], "size": [1, 2, 2], "inflate": 0.02, "uv": [20, 13]}
					]
				},
				{
					"name": "muzzle",
					"parent": "head",
					"pivot": [0, 12.85, -7],
					"rotation": [-7.5, 0, 0],
					"cubes": [
						{"origin": [-1, 12.85, -9], "size": [2, 2, 2], "uv": [36, 0]}
					]
				},
				{
					"name": "ear_right",
					"parent": "head",
					"pivot": [-2, 17, -3.75],
					"rotation": [-17.5, 30, -55],
					"cubes": [
						{"origin": [-3.5, 17, -3.75], "size": [3, 5, 0], "uv": [20, 4]}
					]
				},
				{
					"name": "ear_left",
					"parent": "head",
					"pivot": [2, 17, -3.75],
					"rotation": [-17.5, -30, 55],
					"cubes": [
						{"origin": [0.5, 17, -3.75], "size": [3, 5, 0], "uv": [26, 4]}
					]
				},
				{
					"name": "flower",
					"parent": "head",
					"pivot": [0, 18, -4.75],
					"rotation": [5, 0, 0]
				},
				{
					"name": "petal",
					"parent": "flower",
					"pivot": [0, 18, -4.75],
					"rotation": [-2.5, 0, 0],
					"cubes": [
						{"origin": [-1, 18, -7.75], "size": [2, 0, 3], "uv": [33, 7]}
					]
				},
				{
					"name": "petal2",
					"parent": "flower",
					"pivot": [0, 18, -4.75],
					"rotation": [0, 60, 0],
					"cubes": [
						{"origin": [-1, 18, -7.75], "size": [2, 0, 3], "uv": [-3, 15]}
					]
				},
				{
					"name": "petal3",
					"parent": "flower",
					"pivot": [0, 18, -4.75],
					"rotation": [0, -60, 0],
					"cubes": [
						{"origin": [-1, 18, -7.75], "size": [2, 0, 3], "uv": [29, 7]}
					]
				},
				{
					"name": "petal4",
					"parent": "flower",
					"pivot": [0, 18, -4.75],
					"rotation": [0, -140, 0],
					"cubes": [
						{"origin": [-1, 18, -7.75], "size": [2, 0, 3], "uv": [33, 4]}
					]
				},
				{
					"name": "petal5",
					"parent": "flower",
					"pivot": [0, 18, -4.75],
					"rotation": [0, 140, 0],
					"cubes": [
						{"origin": [-1, 18, -7.75], "size": [2, 0, 3], "uv": [29, 4]}
					]
				},
				{
					"name": "tail",
					"parent": "torso",
					"pivot": [0, 10, 4],
					"rotation": [-40, 0, 0],
					"cubes": [
						{"origin": [0, 10, 2], "size": [0, 6, 4], "uv": [0, -4]}
					]
				},
				{
					"name": "leg_front_right",
					"parent": "torso",
					"pivot": [-2, 7.4, -4],
					"rotation": [5, 0, 0],
					"cubes": [
						{"origin": [-3, 3.9, -5], "size": [2, 5, 2], "inflate": 0.01, "uv": [0, 25]}
					]
				},
				{
					"name": "leg_front_right2",
					"parent": "leg_front_right",
					"pivot": [-2, 3.9, -3],
					"rotation": [-15, 0, 0],
					"cubes": [
						{"origin": [-3, 0.9, -5], "size": [2, 3, 2], "uv": [44, 12]}
					]
				},
				{
					"name": "leg_front_right3",
					"parent": "leg_front_right2",
					"pivot": [-2, 1.4, -4],
					"rotation": [10, 0, 0],
					"cubes": [
						{"origin": [-3, -0.35, -5.25], "size": [2, 2, 2], "inflate": 0.01, "uv": [0, 6]}
					]
				},
				{
					"name": "leg_front_left",
					"parent": "torso",
					"pivot": [2, 7.4, -4],
					"rotation": [5, 0, 0],
					"cubes": [
						{"origin": [1, 3.9, -5], "size": [2, 5, 2], "inflate": 0.01, "uv": [8, 25]}
					]
				},
				{
					"name": "leg_front_left2",
					"parent": "leg_front_left",
					"pivot": [2, 3.9, -3],
					"rotation": [-15, 0, 0],
					"cubes": [
						{"origin": [1, 0.9, -5], "size": [2, 3, 2], "uv": [44, 17]}
					]
				},
				{
					"name": "leg_front_left3",
					"parent": "leg_front_left2",
					"pivot": [2, 1.4, -4],
					"rotation": [10, 0, 0],
					"cubes": [
						{"origin": [1, -0.35, -5.25], "size": [2, 2, 2], "inflate": 0.01, "uv": [33, 19]}
					]
				},
				{
					"name": "leg_back_right",
					"parent": "body",
					"pivot": [-2, 8, 2.5],
					"rotation": [5, 0, 0],
					"cubes": [
						{"origin": [-3, 4.5, 1], "size": [2, 5, 3], "inflate": 0.01, "uv": [52, 8]}
					]
				},
				{
					"name": "leg_back_right2",
					"parent": "leg_back_right",
					"pivot": [-2, 4.25, 3.5],
					"rotation": [-15, 0, 0],
					"cubes": [
						{"origin": [-3, 0.75, 2.5], "size": [2, 4, 2], "uv": [44, 0]}
					]
				},
				{
					"name": "leg_back_right3",
					"parent": "leg_back_right2",
					"pivot": [-2, 1.25, 3.5],
					"rotation": [10, 0, 0],
					"cubes": [
						{"origin": [-3, -0.25, 2.25], "size": [2, 2, 2], "inflate": 0.01, "uv": [28, 0]}
					]
				},
				{
					"name": "leg_back_left",
					"parent": "body",
					"pivot": [2, 8, 2.5],
					"rotation": [5, 0, 0],
					"cubes": [
						{"origin": [1, 4.5, 1], "size": [2, 5, 3], "inflate": 0.01, "uv": [52, 0]}
					]
				},
				{
					"name": "leg_back_left2",
					"parent": "leg_back_left",
					"pivot": [2, 4.25, 3.5],
					"rotation": [-15, 0, 0],
					"cubes": [
						{"origin": [1, 0.75, 2.5], "size": [2, 4, 2], "uv": [44, 6]}
					]
				},
				{
					"name": "leg_back_left3",
					"parent": "leg_back_left2",
					"pivot": [2, 1.25, 3.5],
					"rotation": [10, 0, 0],
					"cubes": [
						{"origin": [1, -0.25, 2.25], "size": [2, 2, 2], "inflate": 0.01, "uv": [20, 0]}
					]
				}
			]
		}
	]
}