{
  "species": "cobblemon:rattata",
  "order": 2,
  "variations": [
    {"aspects": ["biomevar-base"],
    "layers": [
        {
        "name": "color",
        "texture": "cobblemon:textures/pokemon/0019_rattata/rattata_base.png"
        }
    ]
    },
    {"aspects": ["biomevar-base", "shiny"],
    "layers": [
        {
        "name": "color",
        "texture": "cobblemon:textures/pokemon/0019_rattata/rattata_base_shiny.png"
        }
    ]
    },
    {"aspects": ["biomevar-night"],
    "layers": [
        {
        "name": "color",
        "texture": "cobblemon:textures/pokemon/0019_rattata/rattata_night.png"
        }
    ]
    },
    {"aspects": ["biomevar-night", "shiny"],
    "layers": [
        {
        "name": "color",
        "texture": "cobblemon:textures/pokemon/0019_rattata/rattata_night_shiny.png"
        }
    ]
	},
    {"aspects": ["alolan"],
    "layers": [
        {
        "name": "color",
        "texture": "cobblemon:textures/pokemon/0019_rattata/rattata_alolan.png"
        }
    ]
    },
    {"aspects": ["alolan", "shiny"],
    "layers": [
        {
        "name": "color",
        "texture": "cobblemon:textures/pokemon/0019_rattata/rattata_alolan_shiny.png"
        }
    ]
	},


    {"aspects": ["rattata-body-base"],
    "layers": [
        {
        "name": "body",
        "texture": "cobblemon:textures/pokemon/0019_rattata/body_allmittens.png"
        }
    ]
    },
    {"aspects": ["rattata-body-base", "shiny"],
    "layers": [
        {
        "name": "body",
        "texture": "cobblemon:textures/pokemon/0019_rattata/body_allmittens_shiny.png"
        }
    ]
    },
    {"aspects": ["rattata-body-base", "alolan"],
    "layers": [
        {
        "name": "body",
        "texture": "cobblemon:textures/pokemon/0019_rattata/alolan_body_allmittens.png"
        }
    ]
    },
    {"aspects": ["rattata-body-base", "shiny", "alolan"],
    "layers": [
        {
        "name": "body",
        "texture": "cobblemon:textures/pokemon/0019_rattata/alolan_body_allmittens_shiny.png"
        }
    ]
    },
    {"aspects": ["rattata-body-allmittens"],
    "layers": [
        {
        "name": "body",
        "texture": "cobblemon:textures/pokemon/0019_rattata/body_allmittens.png"
        }
    ]
    },
    {"aspects": ["rattata-body-allmittens", "shiny"],
    "layers": [
        {
        "name": "body",
        "texture": "cobblemon:textures/pokemon/0019_rattata/body_allmittens_shiny.png"
        }
    ]
    },
    {"aspects": ["rattata-body-allmittens", "alolan"],
    "layers": [
        {
        "name": "body",
        "texture": "cobblemon:textures/pokemon/0019_rattata/alolan_body_allmittens.png"
        }
    ]
    },
    {"aspects": ["rattata-body-allmittens", "shiny", "alolan"],
    "layers": [
        {
        "name": "body",
        "texture": "cobblemon:textures/pokemon/0019_rattata/alolan_body_allmittens_shiny.png"
        }
    ]
    },
	
    {"aspects": ["rattata-body-mittens1"],
    "layers": [
        {
        "name": "body",
        "texture": "cobblemon:textures/pokemon/0019_rattata/body_allmittens.png"
        }
    ]
    },
    {"aspects": ["rattata-body-mittens1"],
    "layers": [
        {
        "name": "body",
        "texture": "cobblemon:textures/pokemon/0019_rattata/body_mittens1.png"
        }
    ]
    },
    {"aspects": ["rattata-body-mittens1", "shiny"],
    "layers": [
        {
        "name": "body",
        "texture": "cobblemon:textures/pokemon/0019_rattata/body_mittens1_shiny.png"
        }
    ]
    },
    {"aspects": ["rattata-body-mittens1", "alolan"],
    "layers": [
        {
        "name": "body",
        "texture": "cobblemon:textures/pokemon/0019_rattata/alolan_body_mittens1.png"
        }
    ]
    },
    {"aspects": ["rattata-body-mittens1", "shiny", "alolan"],
    "layers": [
        {
        "name": "body",
        "texture": "cobblemon:textures/pokemon/0019_rattata/alolan_body_mittens1_shiny.png"
        }
    ]
    },
    {"aspects": ["rattata-body-mittens2"],
    "layers": [
        {
        "name": "body",
        "texture": "cobblemon:textures/pokemon/0019_rattata/body_mittens2.png"
        }
    ]
    },
    {"aspects": ["rattata-body-mittens2", "shiny"],
    "layers": [
        {
        "name": "body",
        "texture": "cobblemon:textures/pokemon/0019_rattata/body_mittens2_shiny.png"
        }
    ]
    },
    {"aspects": ["rattata-body-mittens2", "alolan"],
    "layers": [
        {
        "name": "body",
        "texture": "cobblemon:textures/pokemon/0019_rattata/alolan_body_mittens2.png"
        }
    ]
    },
    {"aspects": ["rattata-body-mittens2", "shiny", "alolan"],
    "layers": [
        {
        "name": "body",
        "texture": "cobblemon:textures/pokemon/0019_rattata/alolan_body_mittens2_shiny.png"
        }
    ]
    },
    {"aspects": ["rattata-body-mittens3"],
    "layers": [
        {
        "name": "body",
        "texture": "cobblemon:textures/pokemon/0019_rattata/body_mittens3.png"
        }
    ]
    },
    {"aspects": ["rattata-body-mittens3", "shiny"],
    "layers": [
        {
        "name": "body",
        "texture": "cobblemon:textures/pokemon/0019_rattata/body_mittens3_shiny.png"
        }
    ]
    },
    {"aspects": ["rattata-body-mittens3", "alolan"],
    "layers": [
        {
        "name": "body",
        "texture": "cobblemon:textures/pokemon/0019_rattata/alolan_body_mittens3.png"
        }
    ]
    },
    {"aspects": ["rattata-body-mittens3", "shiny", "alolan"],
    "layers": [
        {
        "name": "body",
        "texture": "cobblemon:textures/pokemon/0019_rattata/alolan_body_mittens3_shiny.png"
        }
    ]
    },
    {"aspects": ["rattata-body-mittens4"],
    "layers": [
        {
        "name": "body",
        "texture": "cobblemon:textures/pokemon/0019_rattata/body_mittens4.png"
        }
    ]
    },
    {"aspects": ["rattata-body-mittens4", "shiny"],
    "layers": [
        {
        "name": "body",
        "texture": "cobblemon:textures/pokemon/0019_rattata/body_mittens4_shiny.png"
        }
    ]
    },
    {"aspects": ["rattata-body-mittens4", "alolan"],
    "layers": [
        {
        "name": "body",
        "texture": "cobblemon:textures/pokemon/0019_rattata/alolan_body_mittens4.png"
        }
    ]
    },
    {"aspects": ["rattata-body-mittens4", "shiny", "alolan"],
    "layers": [
        {
        "name": "body",
        "texture": "cobblemon:textures/pokemon/0019_rattata/alolan_body_mittens4_shiny.png"
        }
    ]
    },
	
	

    {"aspects": ["detail6-1"],
    "layers": [
        {
        "name": "detail",
        "texture": "cobblemon:textures/pokemon/0019_rattata/detail_nosnaggletooth.png"
        }
    ]
    },
    {"aspects": ["detail6-2"],
    "layers": [
        {
        "name": "detail",
        "texture": "cobblemon:textures/pokemon/0019_rattata/detail_nosnaggletooth.png"
        }
    ]
    },
    {"aspects": ["detail6-3"],
    "layers": [
        {
        "name": "detail",
        "texture": "cobblemon:textures/pokemon/0019_rattata/detail_nosnaggletooth.png"
        }
    ]
    },
    {"aspects": ["detail6-4"],
    "layers": [
        {
        "name": "detail",
        "texture": "cobblemon:textures/pokemon/0019_rattata/detail_nosnaggletooth.png"
        }
    ]
    },
    {"aspects": ["detail6-5"],
    "layers": [
        {
        "name": "detail",
        "texture": "cobblemon:textures/pokemon/0019_rattata/detail_nosnaggletooth.png"
        }
    ]
    },
	
	
	
    {"aspects": ["eyestype-aqua"],
    "layers": [
        {
        "name": "eyestype",
        "texture": "cobblemon:textures/pokemon/0019_rattata/eyestype_aqua.png"
        }
    ]
    },
    {"aspects": ["eyestype-blue"],
    "layers": [
        {
        "name": "eyestype",
        "texture": "cobblemon:textures/pokemon/0019_rattata/eyestype_blue.png"
        }
    ]
    },
    {"aspects": ["eyestype-extraone"],
    "layers": [
        {
        "name": "eyestype",
        "texture": "cobblemon:textures/pokemon/0019_rattata/eyestype_extraone.png"
        }
    ]
    },
    {"aspects": ["eyestype-green"],
    "layers": [
        {
        "name": "eyestype",
        "texture": "cobblemon:textures/pokemon/0019_rattata/eyestype_green.png"
        }
    ]
    },
    {"aspects": ["eyestype-magenta"],
    "layers": [
        {
        "name": "eyestype",
        "texture": "cobblemon:textures/pokemon/0019_rattata/eyestype_magenta.png"
        }
    ]
    },
    {"aspects": ["eyestype-orange"],
    "layers": [
        {
        "name": "eyestype",
        "texture": "cobblemon:textures/pokemon/0019_rattata/eyestype_orange.png"
        }
    ]
    },
    {"aspects": ["eyestype-pink"],
    "layers": [
        {
        "name": "eyestype",
        "texture": "cobblemon:textures/pokemon/0019_rattata/eyestype_pink.png"
        }
    ]
    },
    {"aspects": ["eyestype-purple"],
    "layers": [
        {
        "name": "eyestype",
        "texture": "cobblemon:textures/pokemon/0019_rattata/eyestype_purple.png"
        }
    ]
    },
    {"aspects": ["eyestype-silver"],
    "layers": [
        {
        "name": "eyestype",
        "texture": "cobblemon:textures/pokemon/0019_rattata/eyestype_silver.png"
        }
    ]
    }
  ]
}