{
  "species": "cobblemon:deerling",
  "order": 2,
  "variations": [
	{"aspects": [],
	"model": "cobblemon:deerlingqv.geo"
    },
	
	{"aspects": ["autumn", "deerling-body-base"],
    "layers": [
        {
        "name": "deerling-body",
        "texture": "cobblemon:textures/pokemon/0585_deerling/autumn_body_base.png"
        }
    ]
    },
	{"aspects": ["autumn", "deerling-body-base", "shiny"],
    "layers": [
        {
        "name": "deerling-body",
        "texture": "cobblemon:textures/pokemon/0585_deerling/autumn_body_base_shiny.png"
        }
    ]
    },
	{"aspects": ["autumn", "deerling-body-nosocks"],
    "layers": [
        {
        "name": "deerling-body",
        "texture": "cobblemon:textures/pokemon/0585_deerling/autumn_body_nosocks.png"
        }
    ]
    },
	{"aspects": ["autumn", "deerling-body-nosocks", "shiny"],
    "layers": [
        {
        "name": "deerling-body",
        "texture": "cobblemon:textures/pokemon/0585_deerling/autumn_body_nosocks_shiny.png"
        }
    ]
    },
	{"aspects": ["autumn", "deerling-body-frontsocks"],
    "layers": [
        {
        "name": "deerling-body",
        "texture": "cobblemon:textures/pokemon/0585_deerling/autumn_body_frontsocks.png"
        }
    ]
    },
	{"aspects": ["autumn", "deerling-body-frontsocks", "shiny"],
    "layers": [
        {
        "name": "deerling-body",
        "texture": "cobblemon:textures/pokemon/0585_deerling/autumn_body_frontsocks_shiny.png"
        }
    ]
    },
	{"aspects": ["autumn", "deerling-body-backsocks"],
    "layers": [
        {
        "name": "deerling-body",
        "texture": "cobblemon:textures/pokemon/0585_deerling/autumn_body_backsocks.png"
        }
    ]
    },
	{"aspects": ["autumn", "deerling-body-backsocks", "shiny"],
    "layers": [
        {
        "name": "deerling-body",
        "texture": "cobblemon:textures/pokemon/0585_deerling/autumn_body_backsocks_shiny.png"
        }
    ]
    },
	{"aspects": ["autumn", "deerling-body-dark"],
    "layers": [
        {
        "name": "deerling-body",
        "texture": "cobblemon:textures/pokemon/0585_deerling/autumn_body_base.png"
        }
    ]
    },
	{"aspects": ["autumn", "deerling-body-dark", "shiny"],
    "layers": [
        {
        "name": "deerling-body",
        "texture": "cobblemon:textures/pokemon/0585_deerling/autumn_body_base_shiny.png"
        }
    ]
    },
	{"aspects": ["autumn", "deerling-body-darknosocks"],
    "layers": [
        {
        "name": "deerling-body",
        "texture": "cobblemon:textures/pokemon/0585_deerling/autumn_body_nosocks.png"
        }
    ]
    },
	{"aspects": ["autumn", "deerling-body-darknosocks", "shiny"],
    "layers": [
        {
        "name": "deerling-body",
        "texture": "cobblemon:textures/pokemon/0585_deerling/autumn_body_nosocks_shiny.png"
        }
    ]
    },
	{"aspects": ["autumn", "deerling-body-darkfrontsocks"],
    "layers": [
        {
        "name": "deerling-body",
        "texture": "cobblemon:textures/pokemon/0585_deerling/autumn_body_frontsocks.png"
        }
    ]
    },
	{"aspects": ["autumn", "deerling-body-darkfrontsocks", "shiny"],
    "layers": [
        {
        "name": "deerling-body",
        "texture": "cobblemon:textures/pokemon/0585_deerling/autumn_body_frontsocks_shiny.png"
        }
    ]
    },
	{"aspects": ["autumn", "deerling-body-darkbacksocks"],
    "layers": [
        {
        "name": "deerling-body",
        "texture": "cobblemon:textures/pokemon/0585_deerling/autumn_body_backsocks.png"
        }
    ]
    },
	{"aspects": ["autumn", "deerling-body-darkbacksocks", "shiny"],
    "layers": [
        {
        "name": "deerling-body",
        "texture": "cobblemon:textures/pokemon/0585_deerling/autumn_body_backsocks_shiny.png"
        }
    ]
    },
	{"aspects": ["autumn", "deerling-markings-whitetail"],
    "layers": [
        {
        "name": "deerling-markings",
        "texture": "cobblemon:textures/pokemon/0585_deerling/whitetail.png"
        }
    ]
    },
	{"aspects": ["autumn", "deerling-markings-whitetail", "shiny"],
    "layers": [
        {
        "name": "deerling-markings",
        "texture": "cobblemon:textures/pokemon/0585_deerling/whitetail_shiny.png"
        }
    ]
    },
	{"aspects": ["autumn", "deerling-markings-whiteear"],
    "layers": [
        {
        "name": "deerling-markings",
        "texture": "cobblemon:textures/pokemon/0585_deerling/whiteear.png"
        }
    ]
    },
	{"aspects": ["autumn", "deerling-markings-whiteear", "shiny"],
    "layers": [
        {
        "name": "deerling-markings",
        "texture": "cobblemon:textures/pokemon/0585_deerling/whiteear_shiny.png"
        }
    ]
    },
	{"aspects": ["autumn", "deerling-markings-whitetailwhiteear"],
    "layers": [
        {
        "name": "deerling-markings",
        "texture": "cobblemon:textures/pokemon/0585_deerling/whitetailwhiteear.png"
        }
    ]
    },
	{"aspects": ["autumn", "deerling-markings-whitetailwhiteear", "shiny"],
    "layers": [
        {
        "name": "deerling-markings",
        "texture": "cobblemon:textures/pokemon/0585_deerling/whitetailwhiteear_shiny.png"
        }
    ]
    },
	{"aspects": ["autumn", "deerling-special-nailpolish"],
    "layers": [
        {
        "name": "deerling-special",
        "texture": "cobblemon:textures/pokemon/0585_deerling/autumn_nailpolish.png"
        }
    ]
    },
	{"aspects": ["autumn", "deerling-special-nailpolish", "shiny"],
    "layers": [
        {
        "name": "deerling-special",
        "texture": "cobblemon:textures/pokemon/0585_deerling/autumn_nailpolish_shiny.png"
        }
    ]
    },
	{"aspects": ["autumn", "deerling-special-nospots"],
    "layers": [
        {
        "name": "deerling-special",
        "texture": "cobblemon:textures/pokemon/none.png"
        }
    ]
    },
	{"aspects": ["autumn", "deerling-special-nospotsnailpolish"],
    "layers": [
        {
        "name": "deerling-special",
        "texture": "cobblemon:textures/pokemon/0585_deerling/autumn_nospotsnailpolish.png"
        }
    ]
    },
	{"aspects": ["autumn", "deerling-special-nospotsnailpolish", "shiny"],
    "layers": [
        {
        "name": "deerling-special",
        "texture": "cobblemon:textures/pokemon/0585_deerling/autumn_nospotsnailpolish_shiny.png"
        }
    ]
    },
	{"aspects": ["autumn", "deerling-special-huenailpolish"],
    "layers": [
        {
        "name": "deerling-special",
        "texture": "cobblemon:textures/pokemon/0585_deerling/autumn_nailpolish.png"
        }
    ]
    },
	{"aspects": ["autumn", "deerling-special-huenailpolish", "shiny"],
    "layers": [
        {
        "name": "deerling-special",
        "texture": "cobblemon:textures/pokemon/0585_deerling/autumn_nailpolish_shiny.png"
        }
    ]
    },
	{"aspects": ["autumn", "deerling-special-huenospotsnailpolish"],
    "layers": [
        {
        "name": "deerling-special",
        "texture": "cobblemon:textures/pokemon/0585_deerling/autumn_nospotsnailpolish.png"
        }
    ]
    },
	{"aspects": ["autumn", "deerling-special-huenospotsnailpolish", "shiny"],
    "layers": [
        {
        "name": "deerling-special",
        "texture": "cobblemon:textures/pokemon/0585_deerling/autumn_nospotsnailpolish_shiny.png"
        }
    ]
    },
	{"aspects": ["spring", "deerling-body-base"],
    "layers": [
        {
        "name": "deerling-body",
        "texture": "cobblemon:textures/pokemon/0585_deerling/spring_body_base.png"
        }
    ]
    },
	{"aspects": ["spring", "deerling-body-base", "shiny"],
    "layers": [
        {
        "name": "deerling-body",
        "texture": "cobblemon:textures/pokemon/0585_deerling/spring_body_base_shiny.png"
        }
    ]
    },
	{"aspects": ["spring", "deerling-body-nosocks"],
    "layers": [
        {
        "name": "deerling-body",
        "texture": "cobblemon:textures/pokemon/0585_deerling/spring_body_nosocks.png"
        }
    ]
    },
	{"aspects": ["spring", "deerling-body-nosocks", "shiny"],
    "layers": [
        {
        "name": "deerling-body",
        "texture": "cobblemon:textures/pokemon/0585_deerling/spring_body_nosocks_shiny.png"
        }
    ]
    },
	{"aspects": ["spring", "deerling-body-frontsocks"],
    "layers": [
        {
        "name": "deerling-body",
        "texture": "cobblemon:textures/pokemon/0585_deerling/spring_body_frontsocks.png"
        }
    ]
    },
	{"aspects": ["spring", "deerling-body-frontsocks", "shiny"],
    "layers": [
        {
        "name": "deerling-body",
        "texture": "cobblemon:textures/pokemon/0585_deerling/spring_body_frontsocks_shiny.png"
        }
    ]
    },
	{"aspects": ["spring", "deerling-body-backsocks"],
    "layers": [
        {
        "name": "deerling-body",
        "texture": "cobblemon:textures/pokemon/0585_deerling/spring_body_backsocks.png"
        }
    ]
    },
	{"aspects": ["spring", "deerling-body-backsocks", "shiny"],
    "layers": [
        {
        "name": "deerling-body",
        "texture": "cobblemon:textures/pokemon/0585_deerling/spring_body_backsocks_shiny.png"
        }
    ]
    },
	{"aspects": ["spring", "deerling-body-dark"],
    "layers": [
        {
        "name": "deerling-body",
        "texture": "cobblemon:textures/pokemon/0585_deerling/spring_body_base.png"
        }
    ]
    },
	{"aspects": ["spring", "deerling-body-dark", "shiny"],
    "layers": [
        {
        "name": "deerling-body",
        "texture": "cobblemon:textures/pokemon/0585_deerling/spring_body_base_shiny.png"
        }
    ]
    },
	{"aspects": ["spring", "deerling-body-darknosocks"],
    "layers": [
        {
        "name": "deerling-body",
        "texture": "cobblemon:textures/pokemon/0585_deerling/spring_body_nosocks.png"
        }
    ]
    },
	{"aspects": ["spring", "deerling-body-darknosocks", "shiny"],
    "layers": [
        {
        "name": "deerling-body",
        "texture": "cobblemon:textures/pokemon/0585_deerling/spring_body_nosocks_shiny.png"
        }
    ]
    },
	{"aspects": ["spring", "deerling-body-darkfrontsocks"],
    "layers": [
        {
        "name": "deerling-body",
        "texture": "cobblemon:textures/pokemon/0585_deerling/spring_body_frontsocks.png"
        }
    ]
    },
	{"aspects": ["spring", "deerling-body-darkfrontsocks", "shiny"],
    "layers": [
        {
        "name": "deerling-body",
        "texture": "cobblemon:textures/pokemon/0585_deerling/spring_body_frontsocks_shiny.png"
        }
    ]
    },
	{"aspects": ["spring", "deerling-body-darkbacksocks"],
    "layers": [
        {
        "name": "deerling-body",
        "texture": "cobblemon:textures/pokemon/0585_deerling/spring_body_backsocks.png"
        }
    ]
    },
	{"aspects": ["spring", "deerling-body-darkbacksocks", "shiny"],
    "layers": [
        {
        "name": "deerling-body",
        "texture": "cobblemon:textures/pokemon/0585_deerling/spring_body_backsocks_shiny.png"
        }
    ]
    },
	{"aspects": ["spring", "deerling-markings-whitetail"],
    "layers": [
        {
        "name": "deerling-markings",
        "texture": "cobblemon:textures/pokemon/0585_deerling/whitetail.png"
        }
    ]
    },
	{"aspects": ["spring", "deerling-markings-whitetail", "shiny"],
    "layers": [
        {
        "name": "deerling-markings",
        "texture": "cobblemon:textures/pokemon/0585_deerling/whitetail_shiny.png"
        }
    ]
    },
	{"aspects": ["spring", "deerling-markings-whiteear"],
    "layers": [
        {
        "name": "deerling-markings",
        "texture": "cobblemon:textures/pokemon/0585_deerling/whiteear.png"
        }
    ]
    },
	{"aspects": ["spring", "deerling-markings-whiteear", "shiny"],
    "layers": [
        {
        "name": "deerling-markings",
        "texture": "cobblemon:textures/pokemon/0585_deerling/whiteear_shiny.png"
        }
    ]
    },
	{"aspects": ["spring", "deerling-markings-whitetailwhiteear"],
    "layers": [
        {
        "name": "deerling-markings",
        "texture": "cobblemon:textures/pokemon/0585_deerling/whitetailwhiteear.png"
        }
    ]
    },
	{"aspects": ["spring", "deerling-markings-whitetailwhiteear", "shiny"],
    "layers": [
        {
        "name": "deerling-markings",
        "texture": "cobblemon:textures/pokemon/0585_deerling/whitetailwhiteear_shiny.png"
        }
    ]
    },
	{"aspects": ["spring", "deerling-special-nailpolish"],
    "layers": [
        {
        "name": "deerling-special",
        "texture": "cobblemon:textures/pokemon/0585_deerling/spring_nailpolish.png"
        }
    ]
    },
	{"aspects": ["spring", "deerling-special-nailpolish", "shiny"],
    "layers": [
        {
        "name": "deerling-special",
        "texture": "cobblemon:textures/pokemon/0585_deerling/spring_nailpolish_shiny.png"
        }
    ]
    },
	{"aspects": ["spring", "deerling-special-nospots"],
    "layers": [
        {
        "name": "deerling-special",
        "texture": "cobblemon:textures/pokemon/none.png"
        }
    ]
    },
	{"aspects": ["spring", "deerling-special-nospotsnailpolish"],
    "layers": [
        {
        "name": "deerling-special",
        "texture": "cobblemon:textures/pokemon/0585_deerling/spring_nospotsnailpolish.png"
        }
    ]
    },
	{"aspects": ["spring", "deerling-special-nospotsnailpolish", "shiny"],
    "layers": [
        {
        "name": "deerling-special",
        "texture": "cobblemon:textures/pokemon/0585_deerling/spring_nospotsnailpolish_shiny.png"
        }
    ]
    },
	{"aspects": ["spring", "deerling-special-huenailpolish"],
    "layers": [
        {
        "name": "deerling-special",
        "texture": "cobblemon:textures/pokemon/0585_deerling/spring_nailpolish.png"
        }
    ]
    },
	{"aspects": ["spring", "deerling-special-huenailpolish", "shiny"],
    "layers": [
        {
        "name": "deerling-special",
        "texture": "cobblemon:textures/pokemon/0585_deerling/spring_nailpolish_shiny.png"
        }
    ]
    },
	{"aspects": ["spring", "deerling-special-huenospotsnailpolish"],
    "layers": [
        {
        "name": "deerling-special",
        "texture": "cobblemon:textures/pokemon/0585_deerling/spring_nospotsnailpolish.png"
        }
    ]
    },
	{"aspects": ["spring", "deerling-special-huenospotsnailpolish", "shiny"],
    "layers": [
        {
        "name": "deerling-special",
        "texture": "cobblemon:textures/pokemon/0585_deerling/spring_nospotsnailpolish_shiny.png"
        }
    ]
    },
	{"aspects": ["summer", "deerling-body-base"],
    "layers": [
        {
        "name": "deerling-body",
        "texture": "cobblemon:textures/pokemon/0585_deerling/summer_body_base.png"
        }
    ]
    },
	{"aspects": ["summer", "deerling-body-base", "shiny"],
    "layers": [
        {
        "name": "deerling-body",
        "texture": "cobblemon:textures/pokemon/0585_deerling/summer_body_base_shiny.png"
        }
    ]
    },
	{"aspects": ["summer", "deerling-body-nosocks"],
    "layers": [
        {
        "name": "deerling-body",
        "texture": "cobblemon:textures/pokemon/0585_deerling/summer_body_nosocks.png"
        }
    ]
    },
	{"aspects": ["summer", "deerling-body-nosocks", "shiny"],
    "layers": [
        {
        "name": "deerling-body",
        "texture": "cobblemon:textures/pokemon/0585_deerling/summer_body_nosocks_shiny.png"
        }
    ]
    },
	{"aspects": ["summer", "deerling-body-frontsocks"],
    "layers": [
        {
        "name": "deerling-body",
        "texture": "cobblemon:textures/pokemon/0585_deerling/summer_body_frontsocks.png"
        }
    ]
    },
	{"aspects": ["summer", "deerling-body-frontsocks", "shiny"],
    "layers": [
        {
        "name": "deerling-body",
        "texture": "cobblemon:textures/pokemon/0585_deerling/summer_body_frontsocks_shiny.png"
        }
    ]
    },
	{"aspects": ["summer", "deerling-body-backsocks"],
    "layers": [
        {
        "name": "deerling-body",
        "texture": "cobblemon:textures/pokemon/0585_deerling/summer_body_backsocks.png"
        }
    ]
    },
	{"aspects": ["summer", "deerling-body-backsocks", "shiny"],
    "layers": [
        {
        "name": "deerling-body",
        "texture": "cobblemon:textures/pokemon/0585_deerling/summer_body_backsocks_shiny.png"
        }
    ]
    },
	{"aspects": ["summer", "deerling-body-dark"],
    "layers": [
        {
        "name": "deerling-body",
        "texture": "cobblemon:textures/pokemon/0585_deerling/summer_body_base.png"
        }
    ]
    },
	{"aspects": ["summer", "deerling-body-dark", "shiny"],
    "layers": [
        {
        "name": "deerling-body",
        "texture": "cobblemon:textures/pokemon/0585_deerling/summer_body_base_shiny.png"
        }
    ]
    },
	{"aspects": ["summer", "deerling-body-darknosocks"],
    "layers": [
        {
        "name": "deerling-body",
        "texture": "cobblemon:textures/pokemon/0585_deerling/summer_body_nosocks.png"
        }
    ]
    },
	{"aspects": ["summer", "deerling-body-darknosocks", "shiny"],
    "layers": [
        {
        "name": "deerling-body",
        "texture": "cobblemon:textures/pokemon/0585_deerling/summer_body_nosocks_shiny.png"
        }
    ]
    },
	{"aspects": ["summer", "deerling-body-darkfrontsocks"],
    "layers": [
        {
        "name": "deerling-body",
        "texture": "cobblemon:textures/pokemon/0585_deerling/summer_body_frontsocks.png"
        }
    ]
    },
	{"aspects": ["summer", "deerling-body-darkfrontsocks", "shiny"],
    "layers": [
        {
        "name": "deerling-body",
        "texture": "cobblemon:textures/pokemon/0585_deerling/summer_body_frontsocks_shiny.png"
        }
    ]
    },
	{"aspects": ["summer", "deerling-body-darkbacksocks"],
    "layers": [
        {
        "name": "deerling-body",
        "texture": "cobblemon:textures/pokemon/0585_deerling/summer_body_backsocks.png"
        }
    ]
    },
	{"aspects": ["summer", "deerling-body-darkbacksocks", "shiny"],
    "layers": [
        {
        "name": "deerling-body",
        "texture": "cobblemon:textures/pokemon/0585_deerling/summer_body_backsocks_shiny.png"
        }
    ]
    },
	{"aspects": ["summer", "deerling-markings-whitetail"],
    "layers": [
        {
        "name": "deerling-markings",
        "texture": "cobblemon:textures/pokemon/0585_deerling/whitetail.png"
        }
    ]
    },
	{"aspects": ["summer", "deerling-markings-whitetail", "shiny"],
    "layers": [
        {
        "name": "deerling-markings",
        "texture": "cobblemon:textures/pokemon/0585_deerling/whitetail_shiny.png"
        }
    ]
    },
	{"aspects": ["summer", "deerling-markings-whiteear"],
    "layers": [
        {
        "name": "deerling-markings",
        "texture": "cobblemon:textures/pokemon/0585_deerling/whiteear.png"
        }
    ]
    },
	{"aspects": ["summer", "deerling-markings-whiteear", "shiny"],
    "layers": [
        {
        "name": "deerling-markings",
        "texture": "cobblemon:textures/pokemon/0585_deerling/whiteear_shiny.png"
        }
    ]
    },
	{"aspects": ["summer", "deerling-markings-whitetailwhiteear"],
    "layers": [
        {
        "name": "deerling-markings",
        "texture": "cobblemon:textures/pokemon/0585_deerling/whitetailwhiteear.png"
        }
    ]
    },
	{"aspects": ["summer", "deerling-markings-whitetailwhiteear", "shiny"],
    "layers": [
        {
        "name": "deerling-markings",
        "texture": "cobblemon:textures/pokemon/0585_deerling/whitetailwhiteear_shiny.png"
        }
    ]
    },
	{"aspects": ["summer", "deerling-special-nailpolish"],
    "layers": [
        {
        "name": "deerling-special",
        "texture": "cobblemon:textures/pokemon/0585_deerling/summer_nailpolish.png"
        }
    ]
    },
	{"aspects": ["summer", "deerling-special-nailpolish", "shiny"],
    "layers": [
        {
        "name": "deerling-special",
        "texture": "cobblemon:textures/pokemon/0585_deerling/summer_nailpolish_shiny.png"
        }
    ]
    },
	{"aspects": ["summer", "deerling-special-nospots"],
    "layers": [
        {
        "name": "deerling-special",
        "texture": "cobblemon:textures/pokemon/none.png"
        }
    ]
    },
	{"aspects": ["summer", "deerling-special-nospotsnailpolish"],
    "layers": [
        {
        "name": "deerling-special",
        "texture": "cobblemon:textures/pokemon/0585_deerling/summer_nospotsnailpolish.png"
        }
    ]
    },
	{"aspects": ["summer", "deerling-special-nospotsnailpolish", "shiny"],
    "layers": [
        {
        "name": "deerling-special",
        "texture": "cobblemon:textures/pokemon/0585_deerling/summer_nospotsnailpolish_shiny.png"
        }
    ]
    },
	{"aspects": ["summer", "deerling-special-huenailpolish"],
    "layers": [
        {
        "name": "deerling-special",
        "texture": "cobblemon:textures/pokemon/0585_deerling/summer_nailpolish.png"
        }
    ]
    },
	{"aspects": ["summer", "deerling-special-huenailpolish", "shiny"],
    "layers": [
        {
        "name": "deerling-special",
        "texture": "cobblemon:textures/pokemon/0585_deerling/summer_nailpolish_shiny.png"
        }
    ]
    },
	{"aspects": ["summer", "deerling-special-huenospotsnailpolish"],
    "layers": [
        {
        "name": "deerling-special",
        "texture": "cobblemon:textures/pokemon/0585_deerling/summer_nospotsnailpolish.png"
        }
    ]
    },
	{"aspects": ["summer", "deerling-special-huenospotsnailpolish", "shiny"],
    "layers": [
        {
        "name": "deerling-special",
        "texture": "cobblemon:textures/pokemon/0585_deerling/summer_nospotsnailpolish_shiny.png"
        }
    ]
    },
	{"aspects": ["winter", "deerling-body-base"],
    "layers": [
        {
        "name": "deerling-body",
        "texture": "cobblemon:textures/pokemon/0585_deerling/winter_body_base.png"
        }
    ]
    },
	{"aspects": ["winter", "deerling-body-base", "shiny"],
    "layers": [
        {
        "name": "deerling-body",
        "texture": "cobblemon:textures/pokemon/0585_deerling/winter_body_base_shiny.png"
        }
    ]
    },
	{"aspects": ["winter", "deerling-body-nosocks"],
    "layers": [
        {
        "name": "deerling-body",
        "texture": "cobblemon:textures/pokemon/0585_deerling/winter_body_nosocks.png"
        }
    ]
    },
	{"aspects": ["winter", "deerling-body-nosocks", "shiny"],
    "layers": [
        {
        "name": "deerling-body",
        "texture": "cobblemon:textures/pokemon/0585_deerling/winter_body_nosocks_shiny.png"
        }
    ]
    },
	{"aspects": ["winter", "deerling-body-frontsocks"],
    "layers": [
        {
        "name": "deerling-body",
        "texture": "cobblemon:textures/pokemon/0585_deerling/winter_body_frontsocks.png"
        }
    ]
    },
	{"aspects": ["winter", "deerling-body-frontsocks", "shiny"],
    "layers": [
        {
        "name": "deerling-body",
        "texture": "cobblemon:textures/pokemon/0585_deerling/winter_body_frontsocks_shiny.png"
        }
    ]
    },
	{"aspects": ["winter", "deerling-body-backsocks"],
    "layers": [
        {
        "name": "deerling-body",
        "texture": "cobblemon:textures/pokemon/0585_deerling/winter_body_backsocks.png"
        }
    ]
    },
	{"aspects": ["winter", "deerling-body-backsocks", "shiny"],
    "layers": [
        {
        "name": "deerling-body",
        "texture": "cobblemon:textures/pokemon/0585_deerling/winter_body_backsocks_shiny.png"
        }
    ]
    },
	{"aspects": ["winter", "deerling-body-dark"],
    "layers": [
        {
        "name": "deerling-body",
        "texture": "cobblemon:textures/pokemon/0585_deerling/winter_body_base.png"
        }
    ]
    },
	{"aspects": ["winter", "deerling-body-dark", "shiny"],
    "layers": [
        {
        "name": "deerling-body",
        "texture": "cobblemon:textures/pokemon/0585_deerling/winter_body_base_shiny.png"
        }
    ]
    },
	{"aspects": ["winter", "deerling-body-darknosocks"],
    "layers": [
        {
        "name": "deerling-body",
        "texture": "cobblemon:textures/pokemon/0585_deerling/winter_body_nosocks.png"
        }
    ]
    },
	{"aspects": ["winter", "deerling-body-darknosocks", "shiny"],
    "layers": [
        {
        "name": "deerling-body",
        "texture": "cobblemon:textures/pokemon/0585_deerling/winter_body_nosocks_shiny.png"
        }
    ]
    },
	{"aspects": ["winter", "deerling-body-darkfrontsocks"],
    "layers": [
        {
        "name": "deerling-body",
        "texture": "cobblemon:textures/pokemon/0585_deerling/winter_body_frontsocks.png"
        }
    ]
    },
	{"aspects": ["winter", "deerling-body-darkfrontsocks", "shiny"],
    "layers": [
        {
        "name": "deerling-body",
        "texture": "cobblemon:textures/pokemon/0585_deerling/winter_body_frontsocks_shiny.png"
        }
    ]
    },
	{"aspects": ["winter", "deerling-body-darkbacksocks"],
    "layers": [
        {
        "name": "deerling-body",
        "texture": "cobblemon:textures/pokemon/0585_deerling/winter_body_backsocks.png"
        }
    ]
    },
	{"aspects": ["winter", "deerling-body-darkbacksocks", "shiny"],
    "layers": [
        {
        "name": "deerling-body",
        "texture": "cobblemon:textures/pokemon/0585_deerling/winter_body_backsocks_shiny.png"
        }
    ]
    },
	{"aspects": ["winter", "deerling-markings-whitetail"],
    "layers": [
        {
        "name": "deerling-markings",
        "texture": "cobblemon:textures/pokemon/0585_deerling/whitetail.png"
        }
    ]
    },
	{"aspects": ["winter", "deerling-markings-whitetail", "shiny"],
    "layers": [
        {
        "name": "deerling-markings",
        "texture": "cobblemon:textures/pokemon/0585_deerling/whitetail_shiny.png"
        }
    ]
    },
	{"aspects": ["winter", "deerling-markings-whiteear"],
    "layers": [
        {
        "name": "deerling-markings",
        "texture": "cobblemon:textures/pokemon/0585_deerling/whiteear.png"
        }
    ]
    },
	{"aspects": ["winter", "deerling-markings-whiteear", "shiny"],
    "layers": [
        {
        "name": "deerling-markings",
        "texture": "cobblemon:textures/pokemon/0585_deerling/whiteear_shiny.png"
        }
    ]
    },
	{"aspects": ["winter", "deerling-markings-whitetailwhiteear"],
    "layers": [
        {
        "name": "deerling-markings",
        "texture": "cobblemon:textures/pokemon/0585_deerling/whitetailwhiteear.png"
        }
    ]
    },
	{"aspects": ["winter", "deerling-markings-whitetailwhiteear", "shiny"],
    "layers": [
        {
        "name": "deerling-markings",
        "texture": "cobblemon:textures/pokemon/0585_deerling/whitetailwhiteear_shiny.png"
        }
    ]
    },
	{"aspects": ["winter", "deerling-special-nailpolish"],
    "layers": [
        {
        "name": "deerling-special",
        "texture": "cobblemon:textures/pokemon/0585_deerling/winter_nailpolish.png"
        }
    ]
    },
	{"aspects": ["winter", "deerling-special-nailpolish", "shiny"],
    "layers": [
        {
        "name": "deerling-special",
        "texture": "cobblemon:textures/pokemon/0585_deerling/winter_nailpolish_shiny.png"
        }
    ]
    },
	{"aspects": ["winter", "deerling-special-nospotsnailpolish"],
    "layers": [
        {
        "name": "deerling-special",
        "texture": "cobblemon:textures/pokemon/0585_deerling/winter_nospotsnailpolish.png"
        }
    ]
    },
	{"aspects": ["winter", "deerling-special-nospotsnailpolish", "shiny"],
    "layers": [
        {
        "name": "deerling-special",
        "texture": "cobblemon:textures/pokemon/0585_deerling/winter_nospotsnailpolish_shiny.png"
        }
    ]
    },
	{"aspects": ["winter", "deerling-special-huenailpolish"],
    "layers": [
        {
        "name": "deerling-special",
        "texture": "cobblemon:textures/pokemon/0585_deerling/winter_nailpolish.png"
        }
    ]
    },
	{"aspects": ["winter", "deerling-special-huenailpolish", "shiny"],
    "layers": [
        {
        "name": "deerling-special",
        "texture": "cobblemon:textures/pokemon/0585_deerling/winter_nailpolish_shiny.png"
        }
    ]
    },
	{"aspects": ["winter", "deerling-special-huenospotsnailpolish"],
    "layers": [
        {
        "name": "deerling-special",
        "texture": "cobblemon:textures/pokemon/0585_deerling/winter_nospotsnailpolish.png"
        }
    ]
    },
	{"aspects": ["winter", "deerling-special-huenospotsnailpolish", "shiny"],
    "layers": [
        {
        "name": "deerling-special",
        "texture": "cobblemon:textures/pokemon/0585_deerling/winter_nospotsnailpolish_shiny.png"
        }
    ]
    },
	{"aspects": ["eyestype-aqua"],
    "layers": [
        {
        "name": "eyestype",
        "texture": "cobblemon:textures/pokemon/0585_deerling/eyestype_aqua.png"
        }
    ]
    },
	{"aspects": ["eyestype-blue"],
    "layers": [
        {
        "name": "eyestype",
        "texture": "cobblemon:textures/pokemon/0585_deerling/eyestype_blue.png"
        }
    ]
    },
	{"aspects": ["eyestype-extraone"],
    "layers": [
        {
        "name": "eyestype",
        "texture": "cobblemon:textures/pokemon/0585_deerling/eyestype_extraone.png"
        }
    ]
    },
	{"aspects": ["eyestype-extratwo"],
    "layers": [
        {
        "name": "eyestype",
        "texture": "cobblemon:textures/pokemon/0585_deerling/eyestype_extratwo.png"
        }
    ]
    },
	{"aspects": ["eyestype-green"],
    "layers": [
        {
        "name": "eyestype",
        "texture": "cobblemon:textures/pokemon/0585_deerling/eyestype_green.png"
        }
    ]
    },
	{"aspects": ["eyestype-magenta"],
    "layers": [
        {
        "name": "eyestype",
        "texture": "cobblemon:textures/pokemon/0585_deerling/eyestype_orange.png"
        }
    ]
    },
	{"aspects": ["eyestype-purple"],
    "layers": [
        {
        "name": "eyestype",
        "texture": "cobblemon:textures/pokemon/0585_deerling/eyestype_pink.png"
        }
    ]
    },
	{"aspects": ["eyestype-red"],
    "layers": [
        {
        "name": "eyestype",
        "texture": "cobblemon:textures/pokemon/0585_deerling/eyestype_red.png"
        }
    ]
    },
	{"aspects": ["eyestype-silver"],
    "layers": [
        {
        "name": "eyestype",
        "texture": "cobblemon:textures/pokemon/0585_deerling/eyestype_silver.png"
        }
    ]
    },
	{"aspects": ["eyestype-yellow"],
    "layers": [
        {
        "name": "eyestype",
        "texture": "cobblemon:textures/pokemon/0585_deerling/eyestype_yellow.png"
        }
    ]
    }
  ]
}