{
	"format_version": "1.12.0",
	"minecraft:geometry": [
		{
			"description": {
				"identifier": "geometry.pidgeotto",
				"texture_width": 64,
				"texture_height": 64,
				"visible_bounds_width": 4,
				"visible_bounds_height": 2.5,
				"visible_bounds_offset": [0, 0.75, 0]
			},
			"bones": [
				{
					"name": "pidgeotto",
					"pivot": [0, 0, 0]
				},
				{
					"name": "body",
					"parent": "pidgeotto",
					"pivot": [0, 7, -2]
				},
				{
					"name": "torso",
					"parent": "body",
					"pivot": [0, 5.5, 1.75],
					"cubes": [
						{"origin": [-3, 3, -6], "size": [6, 7, 6], "inflate": 0.01, "uv": [0, 0]},
						{"origin": [-3, 3.5, 0], "size": [6, 6, 4], "uv": [32, 3]}
					]
				},
				{
					"name": "wing_closed_right",
					"parent": "torso",
					"pivot": [-3, 8, -5],
					"cubes": [
						{"origin": [-4, 3.25, -5], "size": [1, 7, 5], "uv": [52, 25]}
					]
				},
				{
					"name": "wing_closed_right2",
					"parent": "wing_closed_right",
					"pivot": [-3.4, 3.25, 0],
					"cubes": [
						{"origin": [-4, 3.25, 0], "size": [1, 6, 4], "inflate": 0.01, "uv": [53, 4]}
					]
				},
				{
					"name": "wing_closed_right3",
					"parent": "wing_closed_right2",
					"pivot": [-3.4, 3.25, 4],
					"cubes": [
						{"origin": [-3.5, 3.25, 4], "size": [0, 5, 6], "uv": [6, 7]}
					]
				},
				{
					"name": "wing_open_left",
					"parent": "torso",
					"pivot": [3, 7.75, -4.75],
					"cubes": [
						{"origin": [2, 7.5, -5.75], "size": [7, 1, 6], "inflate": 0.01, "uv": [0, 56]},
						{"origin": [1.5, 7.9, -0.25], "size": [9, 0, 4], "uv": [16, 56]}
					]
				},
				{
					"name": "wing_open_left2",
					"parent": "wing_open_left",
					"pivot": [9, 8, -5.75],
					"cubes": [
						{"origin": [8.7, 7.5, -5.75], "size": [6, 1, 6], "uv": [40, 50]},
						{"origin": [9.7, 8, -0.75], "size": [6, 0, 4], "uv": [34, 58]}
					]
				},
				{
					"name": "wing_open_left3",
					"parent": "wing_open_left2",
					"pivot": [14.7, 8, -5.75],
					"cubes": [
						{"origin": [14.7, 8, -5.75], "size": [4, 0, 9], "inflate": 0.01, "uv": [37, 14]}
					]
				},
				{
					"name": "wing_open_left4",
					"parent": "wing_open_left3",
					"pivot": [18.7, 8, -4.75],
					"cubes": [
						{"origin": [18.7, 8, -4.75], "size": [4, 0, 6], "uv": [42, 1]}
					]
				},
				{
					"name": "wing_open_right",
					"parent": "torso",
					"pivot": [-3, 7.75, -4.75],
					"cubes": [
						{"origin": [-9, 7.5, -5.75], "size": [7, 1, 6], "inflate": 0.01, "uv": [0, 49]},
						{"origin": [-10.5, 7.9, -0.25], "size": [9, 0, 4], "uv": [15, 44]}
					]
				},
				{
					"name": "wing_open_right2",
					"parent": "wing_open_right",
					"pivot": [-9, 8, -5.75],
					"cubes": [
						{"origin": [-14.7, 7.5, -5.75], "size": [6, 1, 6], "uv": [20, 48]},
						{"origin": [-15.7, 8, -0.75], "size": [6, 0, 4], "uv": [48, 58]}
					]
				},
				{
					"name": "wing_open_right3",
					"parent": "wing_open_right2",
					"pivot": [-14.7, 8, -5.75],
					"cubes": [
						{"origin": [-18.7, 8, -5.75], "size": [4, 0, 9], "inflate": 0.01, "uv": [-1, 19]}
					]
				},
				{
					"name": "wing_open_right4",
					"parent": "wing_open_right3",
					"pivot": [-18.7, 8, -4.75],
					"cubes": [
						{"origin": [-22.7, 8, -4.75], "size": [4, 0, 6], "uv": [24, 20]}
					]
				},
				{
					"name": "wing_closed_left",
					"parent": "torso",
					"pivot": [3, 8, -5],
					"cubes": [
						{"origin": [3, 3.25, -5], "size": [1, 7, 5], "uv": [52, 37]}
					]
				},
				{
					"name": "wing_closed_left2",
					"parent": "wing_closed_left",
					"pivot": [3.65, 3.25, 0],
					"cubes": [
						{"origin": [3, 3.25, 0], "size": [1, 6, 4], "inflate": 0.01, "uv": [54, 14]}
					]
				},
				{
					"name": "wing_closed_left3",
					"parent": "wing_closed_left2",
					"pivot": [3.4, 3.25, 4],
					"cubes": [
						{"origin": [3.5, 3.25, 4], "size": [0, 5, 6], "uv": [18, 7]}
					]
				},
				{
					"name": "tail",
					"parent": "torso",
					"pivot": [0, 7.6, 4]
				},
				{
					"name": "tail_middle",
					"parent": "tail",
					"pivot": [-0.5, 3.7, -7],
					"cubes": [
						{"origin": [-1, 7.7, 4], "size": [2, 0, 9], "uv": [16, 22]}
					]
				},
				{
					"name": "tail_left",
					"parent": "tail",
					"pivot": [-0.5, 7.6, 4],
					"rotation": [0, 12.5, 0],
					"cubes": [
						{"origin": [-0.5, 7.6, 4], "size": [2, 0, 9], "uv": [12, 22]}
					]
				},
				{
					"name": "tail_right",
					"parent": "tail",
					"pivot": [0.5, 7.6, 4],
					"rotation": [0, -12.5, 0],
					"cubes": [
						{"origin": [-1.5, 7.6, 4], "size": [2, 0, 9], "uv": [8, 22]}
					]
				},
				{
					"name": "tail_left2",
					"parent": "tail",
					"pivot": [0, 7.5, 4],
					"rotation": [0, 27.5, 0],
					"cubes": [
						{"origin": [0, 7.5, 4], "size": [2, 0, 8], "uv": [-8, 30]}
					]
				},
				{
					"name": "tail_right2",
					"parent": "tail",
					"pivot": [0, 7.5, 4],
					"rotation": [0, -27.5, 0],
					"cubes": [
						{"origin": [-2, 7.5, 4], "size": [2, 0, 8], "uv": [8, 31]}
					]
				},
				{
					"name": "neck",
					"parent": "torso",
					"pivot": [0, 5.75, -3.75],
					"cubes": [
						{"origin": [-2.5, 5.75, -6.25], "size": [5, 6, 5], "uv": [24, 27]}
					]
				},
				{
					"name": "head",
					"parent": "neck",
					"pivot": [0, 11.75, -3.75],
					"cubes": [
						{"origin": [-2.5, 9.25, -6.25], "size": [5, 5, 5], "inflate": 0.01, "uv": [0, 34]}
					]
				},
				{
					"name": "beak",
					"parent": "head",
					"pivot": [0, 11.75, -6.25],
					"rotation": [5, 0, 0],
					"cubes": [
						{"origin": [-1, 10.75, -8.25], "size": [2, 1, 3], "inflate": 0.01, "uv": [39, 21]},
						{"origin": [-0.5, 10.25, -8.25], "size": [1, 1, 0], "uv": [4, 14]}
					]
				},
				{
					"name": "hair",
					"parent": "beak",
					"pivot": [-0.5, 11.5, -6.25],
					"rotation": [5, 0, 0],
					"cubes": [
						{"origin": [2.5, 12.5, -6.25], "size": [0, 2, 1], "pivot": [2.5, 13.5, -6.25], "rotation": [0, 15, 0], "uv": [22, 33]},
						{"origin": [-2.5, 11.5, -6.25], "size": [5, 3, 0], "uv": [46, 25]},
						{"origin": [-2.5, 12.5, -6.25], "size": [0, 2, 1], "pivot": [-2.5, 13.5, -6.25], "rotation": [0, -15, 0], "uv": [22, 35]}
					]
				},
				{
					"name": "hair2",
					"parent": "hair",
					"pivot": [-0.5, 14.5, -6.25],
					"rotation": [-70, 0, 0],
					"cubes": [
						{"origin": [-3, 14.5, -6.25], "size": [6, 3, 2], "inflate": 0.02, "uv": [3, 44]}
					]
				},
				{
					"name": "hair3",
					"parent": "hair2",
					"pivot": [-0.5, 17.5, -6.25],
					"rotation": [-45, 0, 0],
					"cubes": [
						{"origin": [-2.5, 17.5, -6.25], "size": [5, 4, 2], "inflate": 0.02, "uv": [38, 44]}
					]
				},
				{
					"name": "hair4",
					"parent": "hair3",
					"pivot": [-0.5, 21.5, -5.25],
					"rotation": [-40, 0, 0],
					"cubes": [
						{"origin": [-2, 21.5, -5.25], "size": [4, 3, 0], "uv": [36, 0]}
					]
				},
				{
					"name": "hairstrand",
					"parent": "beak",
					"pivot": [-0.5, 11.75, -6.25],
					"rotation": [10, 0, 0],
					"cubes": [
						{"origin": [-0.5, 11.75, -6.25], "size": [1, 1, 0], "uv": [0, 14]}
					]
				},
				{
					"name": "hairstrand2",
					"parent": "hairstrand",
					"pivot": [-0.5, 12.75, -6.25],
					"cubes": [
						{"origin": [-0.5, 12.75, -6.25], "size": [1, 3, 0], "uv": [26, 9]}
					]
				},
				{
					"name": "eye_left",
					"parent": "head",
					"pivot": [0.5, 8.75, -2.75],
					"cubes": [
						{"origin": [0.515, 12.75, -6.265], "size": [2, 1, 2], "inflate": 0.01, "uv": [38, 15]},
						{"origin": [0.51, 11.25, -6.26], "size": [2, 2, 2], "inflate": 0.01, "uv": [27, 0]}
					]
				},
				{
					"name": "pupil_left",
					"parent": "eye_left",
					"pivot": [1.51, 12, -5.765],
					"cubes": [
						{"origin": [1.01, 11.5, -6.265], "size": [1, 1, 1], "inflate": 0.01, "uv": [27, 6]}
					]
				},
				{
					"name": "eyelid_left",
					"parent": "eye_left",
					"pivot": [-0.6, 8.75, -2.65],
					"cubes": [
						{"origin": [0.41, 11.25, -6.16], "size": [2, 2, 2], "inflate": 0.02, "uv": [49, 38]}
					]
				},
				{
					"name": "eye_right",
					"parent": "head",
					"pivot": [-0.5, 8.75, -2.75],
					"cubes": [
						{"origin": [-2.51, 11.25, -6.26], "size": [2, 2, 2], "inflate": 0.01, "uv": [41, 39]},
						{"origin": [-2.01, 11.5, -6.265], "size": [1, 1, 1], "inflate": 0.01, "uv": [0, 26]},
						{"origin": [-2.515, 12.75, -6.265], "size": [2, 1, 2], "inflate": 0.01, "uv": [30, 15]}
					]
				},
				{
					"name": "eyelid_right",
					"parent": "eye_right",
					"pivot": [-0.4, 8.75, -2.65],
					"cubes": [
						{"origin": [-2.41, 11.25, -6.16], "size": [2, 2, 2], "inflate": 0.02, "uv": [17, 18]}
					]
				},
				{
					"name": "pupil_right",
					"parent": "eye_right",
					"pivot": [-1.51, 12, -5.765],
					"cubes": [
						{"origin": [-2.01, 11.5, -6.265], "size": [1, 1, 1], "inflate": 0.01, "uv": [0, 26]}
					]
				},
				{
					"name": "jaw",
					"parent": "head",
					"pivot": [0, 10.5, -6.25],
					"rotation": [-7.5, 0, 0],
					"cubes": [
						{"origin": [-1, 10, -7.75], "size": [2, 1, 2], "uv": [39, 29]}
					]
				},
				{
					"name": "leg_left",
					"parent": "body",
					"pivot": [2.25, 4, -0.25],
					"rotation": [5, 0, 0],
					"cubes": [
						{"origin": [1.25, 2.75, -1.75], "size": [2, 3, 3], "inflate": 0.01, "uv": [30, 38]}
					]
				},
				{
					"name": "leg_left2",
					"parent": "leg_left",
					"pivot": [2.25, 2.75, 0.25],
					"rotation": [-15, 0, 0],
					"cubes": [
						{"origin": [1.75, 0.75, -0.75], "size": [1, 2, 1], "uv": [3, 24]}
					]
				},
				{
					"name": "foot_left",
					"parent": "leg_left2",
					"pivot": [2.25, 0.75, 0.25],
					"rotation": [10, 0, 0],
					"cubes": [
						{"origin": [1.25, -0.07635, -1.98481], "size": [2, 1, 3], "uv": [5, 29]}
					]
				},
				{
					"name": "toe_back_left",
					"parent": "foot_left",
					"pivot": [2.25, 0.92365, 1.01519],
					"cubes": [
						{"origin": [1.75, -0.07635, 1.01519], "size": [1, 1, 2], "inflate": 0.01, "uv": [20, 3]}
					]
				},
				{
					"name": "claw_back_left",
					"parent": "toe_back_left",
					"pivot": [2.25, 0.92365, 3.01519],
					"cubes": [
						{"origin": [2.25, -0.07635, 3.01519], "size": [0, 1, 1], "uv": [4, 12]}
					]
				},
				{
					"name": "toe_inner_left",
					"parent": "foot_left",
					"pivot": [2.25, 0.92365, -1.73481],
					"rotation": [0, 12.5, 0],
					"cubes": [
						{"origin": [1.25, -0.07635, -3.73481], "size": [1, 1, 2], "inflate": 0.01, "uv": [20, 0]}
					]
				},
				{
					"name": "claw_inner_left",
					"parent": "toe_inner_left",
					"pivot": [1.75, 0.92365, -3.73481],
					"cubes": [
						{"origin": [1.75, -0.07635, -4.73481], "size": [0, 1, 1], "uv": [0, 12]}
					]
				},
				{
					"name": "toe_outer_left",
					"parent": "foot_left",
					"pivot": [2.25, 0.92365, -1.73481],
					"rotation": [0, -12.5, 0],
					"cubes": [
						{"origin": [2.25, -0.07635, -3.73481], "size": [1, 1, 2], "inflate": 0.01, "uv": [0, 19]}
					]
				},
				{
					"name": "claw_outer_left",
					"parent": "toe_outer_left",
					"pivot": [2.75, 0.92365, -3.73481],
					"cubes": [
						{"origin": [2.75, -0.07635, -4.73481], "size": [0, 1, 1], "uv": [4, 3]}
					]
				},
				{
					"name": "leg_right",
					"parent": "body",
					"pivot": [-2.25, 4, -0.25],
					"rotation": [5, 0, 0],
					"cubes": [
						{"origin": [-3.25, 2.75, -1.75], "size": [2, 3, 3], "inflate": 0.01, "uv": [20, 38]}
					]
				},
				{
					"name": "leg_right2",
					"parent": "leg_right",
					"pivot": [-2.25, 2.75, 0.25],
					"rotation": [-15, 0, 0],
					"cubes": [
						{"origin": [-2.75, 0.75, -0.75], "size": [1, 2, 1], "uv": [0, 22]}
					]
				},
				{
					"name": "foot_right",
					"parent": "leg_right2",
					"pivot": [-2.25, 0.75, 0.25],
					"rotation": [10, 0, 0],
					"cubes": [
						{"origin": [-3.25, -0.07635, -1.98481], "size": [2, 1, 3], "uv": [39, 25]}
					]
				},
				{
					"name": "toe_back_right",
					"parent": "foot_right",
					"pivot": [-2.25, 0.92365, 1.01519],
					"cubes": [
						{"origin": [-2.75, -0.07635, 1.01519], "size": [1, 1, 2], "inflate": 0.01, "uv": [0, 16]}
					]
				},
				{
					"name": "claw_back_right",
					"parent": "toe_back_right",
					"pivot": [-2.25, 0.92365, 3.01519],
					"cubes": [
						{"origin": [-2.25, -0.07635, 3.01519], "size": [0, 1, 1], "uv": [4, 2]}
					]
				},
				{
					"name": "toe_inner_right",
					"parent": "foot_right",
					"pivot": [-2.25, 0.92365, -1.73481],
					"rotation": [0, -12.5, 0],
					"cubes": [
						{"origin": [-2.25, -0.07635, -3.73481], "size": [1, 1, 2], "inflate": 0.01, "uv": [0, 13]}
					]
				},
				{
					"name": "claw_inner_right",
					"parent": "toe_inner_right",
					"pivot": [-1.75, 0.92365, -3.73481],
					"cubes": [
						{"origin": [-1.75, -0.07635, -4.73481], "size": [0, 1, 1], "uv": [0, 3]}
					]
				},
				{
					"name": "toe_outer_right",
					"parent": "foot_right",
					"pivot": [-2.25, 0.92365, -1.73481],
					"rotation": [0, 12.5, 0],
					"cubes": [
						{"origin": [-3.25, -0.07635, -3.73481], "size": [1, 1, 2], "inflate": 0.01, "uv": [0, 3]}
					]
				},
				{
					"name": "claw_outer_right",
					"parent": "toe_outer_right",
					"pivot": [-2.75, 0.92365, -3.73481],
					"cubes": [
						{"origin": [-2.75, -0.07635, -4.73481], "size": [0, 1, 1], "uv": [0, 2]}
					]
				}
			]
		}
	]
}