{
  "feature": "aether:golden_aercloud",
  "placement": [
    {
      "type": "minecraft:height_range",
      "height": {
        "type": "minecraft:uniform",
        "max_inclusive": {
          "absolute": 128
        },
        "min_inclusive": {
          "absolute": 96
        }
      }
    },
    {
      "type": "minecraft:rarity_filter",
      "chance": 75
    },
    {
      "type": "minecraft:in_square"
    },
    {
      "type": "minecraft:biome"
    },
    {
      "type": "aether:dungeon_blacklist_filter"
    }
  ]
}