{
  "feature": "aether:holiday_tree",
  "placement": [
    {
      "type": "minecraft:rarity_filter",
      "chance": 75
    },
    {
      "type": "minecraft:in_square"
    },
    {
      "type": "minecraft:surface_water_depth_filter",
      "max_water_depth": 0
    },
    {
      "type": "minecraft:heightmap",
      "heightmap": "OCEAN_FLOOR"
    },
    {
      "type": "minecraft:biome"
    },
    {
      "type": "aether:holiday_filter"
    },
    {
      "type": "minecraft:block_predicate_filter",
      "predicate": {
        "type": "minecraft:would_survive",
        "state": {
          "Name": "aether:skyroot_sapling",
          "Properties": {
            "stage": "0"
          }
        }
      }
    }
  ]
}