{
  "feature": "aether:tall_grass_patch",
  "placement": [
    {
      "type": "minecraft:noise_threshold_count",
      "above_noise": 7,
      "below_noise": 0,
      "noise_level": -0.8
    },
    {
      "type": "minecraft:rarity_filter",
      "chance": 32
    },
    {
      "type": "aether:improved_layer_placement",
      "count": {
        "type": "minecraft:uniform",
        "value": {
          "max_inclusive": 1,
          "min_inclusive": 0
        }
      },
      "heightmap": "MOTION_BLOCKING",
      "verticalBounds": 4
    },
    {
      "type": "minecraft:biome"
    },
    {
      "type": "aether:config_filter",
      "value": "[World Generation, Generate Tall Grass in the Aether]"
    }
  ]
}