{
  "feature": "aether:water_spring",
  "placement": [
    {
      "type": "minecraft:count",
      "count": 30
    },
    {
      "type": "minecraft:in_square"
    },
    {
      "type": "minecraft:height_range",
      "height": {
        "type": "minecraft:uniform",
        "max_inclusive": {
          "above_bottom": 128
        },
        "min_inclusive": {
          "above_bottom": 8
        }
      }
    },
    {
      "type": "minecraft:biome"
    },
    {
      "type": "aether:dungeon_blacklist_filter"
    }
  ]
}