{
	"format_version": "1.12.0",
	"minecraft:geometry": [
		{
			"description": {
				"identifier": "geometry.seviper",
				"texture_width": 128,
				"texture_height": 128,
				"visible_bounds_width": 6,
				"visible_bounds_height": 4.5,
				"visible_bounds_offset": [0, 1.75, 0]
			},
			"bones": [
				{
					"name": "seviper",
					"pivot": [2, 0, -6]
				},
				{
					"name": "head",
					"parent": "seviper",
					"pivot": [0, 19, -2]
				},
				{
					"name": "upper_head",
					"parent": "head",
					"pivot": [0, 20.80979, -7.43966],
					"cubes": [
						{"origin": [-4.005, 19.5, -11], "size": [8.01, 6, 10], "uv": [23, 13]},
						{"origin": [-3.975, 21.89, -2.51], "size": [7.95, 3, 3], "pivot": [2.5, 23.37868, -1.02132], "rotation": [-45, 0, 0], "uv": [49, 16]},
						{"origin": [-4, 21.255, -14.625], "size": [8, 3, 5], "pivot": [-0.1, 22.85, -12.15], "rotation": [37.5, 0, 0], "uv": [44, 66]},
						{"origin": [3.9, 18, -10.5], "size": [0, 2, 4], "uv": [38, 7]},
						{"origin": [-3.9, 18, -10.5], "size": [0, 2, 4], "uv": [30, 7]},
						{"origin": [-4, 16.5, -5], "size": [8, 3, 4], "uv": [66, 45]},
						{"origin": [-4.005, 19.5, -15], "size": [8.01, 3, 4], "uv": [23, 0]}
					]
				},
				{
					"name": "eyes",
					"parent": "upper_head",
					"pivot": [4.02, 23.5, -7.75]
				},
				{
					"name": "righteye",
					"parent": "eyes",
					"pivot": [4.02, 23.5, -7.75],
					"cubes": [
						{"origin": [4.03, 22, -8.5], "size": [0, 1, 1], "pivot": [4.02, 23, -7.75], "rotation": [7.5, 0, 0], "uv": [2, 0]},
						{"origin": [4.01, 23, -8.5], "size": [0, 1, 2], "pivot": [4.02, 23, -7.75], "rotation": [7.5, 0, 0], "uv": [0, 1]},
						{"origin": [4.02, 21.5, -10.5], "size": [0, 2, 6], "pivot": [4.02, 23, -7.75], "rotation": [7.5, 0, 0], "uv": [30, 3]}
					]
				},
				{
					"name": "lefteye",
					"parent": "eyes",
					"pivot": [-4.02, 22.84564, -7.64563],
					"cubes": [
						{"origin": [-4.03, 22, -8.5], "size": [0, 1, 1], "pivot": [-4.02, 23, -7.75], "rotation": [7.5, 0, 0], "uv": [0, 0]},
						{"origin": [-4.01, 23, -8.5], "size": [0, 1, 2], "pivot": [-4.02, 23, -7.75], "rotation": [7.5, 0, 0], "uv": [0, 0]},
						{"origin": [-4.02, 21.5, -10.5], "size": [0, 2, 6], "pivot": [-4.02, 23, -7.75], "rotation": [7.5, 0, 0], "uv": [30, 1]}
					]
				},
				{
					"name": "fangs",
					"parent": "upper_head",
					"pivot": [0, 19, -12]
				},
				{
					"name": "fang_r",
					"parent": "fangs",
					"pivot": [-4.5, 13, -14],
					"cubes": [
						{"origin": [3.5, 12.5, -15], "size": [0, 7, 2], "uv": [30, 27]}
					]
				},
				{
					"name": "fang_l",
					"parent": "fangs",
					"pivot": [-4.5, 13, -14],
					"cubes": [
						{"origin": [-3.5, 12.5, -15], "size": [0, 7, 2], "uv": [0, 21]}
					]
				},
				{
					"name": "lower_head",
					"parent": "head",
					"pivot": [2, 0, -6]
				},
				{
					"name": "lower_jaw",
					"parent": "lower_head",
					"pivot": [0, 19.75, -4.75],
					"cubes": [
						{"origin": [-3.5, 16.5, -12], "size": [7, 3, 7], "uv": [53, 22]},
						{"origin": [-2.5, 17.5, -14], "size": [5, 2, 2], "uv": [66, 52]}
					]
				},
				{
					"name": "tongue",
					"parent": "lower_jaw",
					"pivot": [0, 20, -10.2],
					"cubes": [
						{"origin": [-0.5, 19.49, -11], "size": [1, 0, 5], "uv": [0, 0]}
					]
				},
				{
					"name": "tongue_front",
					"parent": "tongue",
					"pivot": [0, 20, -10.2],
					"cubes": [
						{"origin": [-1, 19.49, -12.9], "size": [2, 0, 2], "pivot": [0, 19.5, -11.9], "rotation": [0, -45, 0], "uv": [0, 5]}
					]
				},
				{
					"name": "torso",
					"parent": "seviper",
					"pivot": [0, 12.5, -4],
					"cubes": [
						{"origin": [-3, 7.5, -7], "size": [6, 10, 6], "pivot": [0, 12.5, -4], "rotation": [5, 0, 0], "uv": [48, 50]}
					]
				},
				{
					"name": "body",
					"parent": "torso",
					"pivot": [0, 0, -3],
					"cubes": [
						{"origin": [-4, 0, -6.5], "size": [8, 9, 7], "pivot": [0, 4.5, -3], "rotation": [12.5, 0, 0], "uv": [49, 0]}
					]
				},
				{
					"name": "body2",
					"parent": "body",
					"pivot": [0, 8, 2],
					"cubes": [
						{"origin": [-4.005, 0, -1.5], "size": [8.01, 16, 7], "pivot": [0, 8, 2], "rotation": [-30, 0, 0], "uv": [0, 23]}
					]
				},
				{
					"name": "body3",
					"parent": "body2",
					"pivot": [0, 8, 9],
					"cubes": [
						{"origin": [-4, 0, 5.5], "size": [8, 16, 7], "pivot": [0, 8, 9], "rotation": [30, 0, 0], "uv": [0, 0]}
					]
				},
				{
					"name": "body4",
					"parent": "body3",
					"pivot": [0, 7.16506, 14.75],
					"cubes": [
						{"origin": [-4.005, 0.5, 10], "size": [8.01, 14, 7], "pivot": [0, 5, 13.5], "rotation": [-30, 0, 0], "uv": [0, 46]}
					]
				},
				{
					"name": "body5",
					"parent": "body4",
					"pivot": [0, 7.25, 22.5],
					"cubes": [
						{"origin": [-4, 0.25, 19], "size": [8, 14, 7], "pivot": [0, 7.25, 22.5], "rotation": [30, 0, 0], "uv": [30, 29]}
					]
				},
				{
					"name": "tail",
					"parent": "body5",
					"pivot": [0, 6.5, 28],
					"cubes": [
						{"origin": [-3, 2.5, 25.5], "size": [6, 8, 5], "uv": [60, 32]}
					]
				},
				{
					"name": "tail2",
					"parent": "tail",
					"pivot": [0, 13, 28],
					"cubes": [
						{"origin": [-2, 9.5, 26.5], "size": [4, 7, 3], "uv": [0, 67]}
					]
				},
				{
					"name": "tail3",
					"parent": "tail2",
					"pivot": [0, 19, 28],
					"cubes": [
						{"origin": [-1.5, 15.5, 27], "size": [3, 7, 2], "uv": [72, 56]}
					]
				},
				{
					"name": "tail_sting",
					"parent": "tail3",
					"pivot": [0, 21.5, 28],
					"cubes": [
						{"origin": [0, 22.5, 23.5], "size": [0, 20, 9], "uv": [30, 41]}
					]
				}
			]
		}
	]
}