{
	"format_version": "1.12.0",
	"minecraft:geometry": [
		{
			"description": {
				"identifier": "geometry.pansage",
				"texture_width": 64,
				"texture_height": 64,
				"visible_bounds_width": 2,
				"visible_bounds_height": 2.5,
				"visible_bounds_offset": [0, 0.75, 0]
			},
			"bones": [
				{
					"name": "Pansage",
					"pivot": [0, 0, 0]
				},
				{
					"name": "body",
					"parent": "Pansage",
					"pivot": [0.025, 4.625, -1.3],
					"cubes": [
						{"origin": [-1.975, 1.625, -3.3], "size": [4, 6, 4], "uv": [0, 12]}
					]
				},
				{
					"name": "tail",
					"parent": "body",
					"pivot": [8.325, 2.925, -6.05]
				},
				{
					"name": "tail1",
					"parent": "tail",
					"pivot": [0.4, 2.1125, -1.29238],
					"cubes": [
						{"origin": [0.725, 1.625, -0.05], "size": [0, 4, 3], "uv": [6, 27]}
					]
				},
				{
					"name": "tail2",
					"parent": "tail",
					"pivot": [8.325, 2.85903, -3.44483],
					"cubes": [
						{"origin": [0.725, 1.625, 2.55], "size": [0, 5, 3], "uv": [18, 23]}
					]
				},
				{
					"name": "tail_end_right",
					"parent": "body",
					"pivot": [0.4, 2.1125, -1.29238],
					"cubes": [
						{"origin": [0.79, 7.02008, 1.44789], "size": [0, 4, 3], "pivot": [0.4, 2.1125, -1.29238], "rotation": [-22.5, 0, 0], "uv": [0, 26]}
					]
				},
				{
					"name": "tail_end_left",
					"parent": "body",
					"pivot": [8.325, 2.85903, -3.44483],
					"cubes": [
						{"origin": [0.66, 2.8604, 4.0597], "size": [0, 4, 3], "pivot": [0.4, 2.1125, -1.29238], "rotation": [22.5, 0, 0], "uv": [26, 16]}
					]
				},
				{
					"name": "head",
					"parent": "body",
					"pivot": [0.075, 9.975, -1.6],
					"cubes": [
						{"origin": [-2.925, 7.475, -4.6], "size": [6, 5, 6], "uv": [0, 0]}
					]
				},
				{
					"name": "ear_l",
					"parent": "head",
					"pivot": [10.86, 9.945, -6.7],
					"cubes": [
						{"origin": [1.9, 6.825, -0.7], "size": [5, 7, 0], "uv": [0, 22]}
					]
				},
				{
					"name": "ear_r",
					"parent": "head",
					"pivot": [5.14, 9.945, -6.7],
					"cubes": [
						{"origin": [-6.87, 6.825, -0.7], "size": [5, 7, 0], "uv": [16, 19]}
					]
				},
				{
					"name": "eyes_open",
					"parent": "head",
					"pivot": [8, 7.475, -7.675]
				},
				{
					"name": "eye_left",
					"parent": "eyes_open",
					"pivot": [8, 7.475, -7.675],
					"cubes": [
						{"origin": [-2.1, 9.275, -4.425], "size": [1, 2, 0], "inflate": 0.2, "uv": [35, 0]}
					]
				},
				{
					"name": "eye_right",
					"parent": "eyes_open",
					"pivot": [8, 7.475, -7.675],
					"cubes": [
						{"origin": [1.225, 9.225, -4.425], "size": [1, 2, 0], "inflate": 0.2, "uv": [40, 1], "mirror": true}
					]
				},
				{
					"name": "topper",
					"parent": "head",
					"pivot": [8, 7.475, -7.675],
					"cubes": [
						{"origin": [-3.925, 10.85, -1.675], "size": [8, 7, 0], "uv": [16, 12]}
					]
				},
				{
					"name": "arm_l",
					"parent": "body",
					"pivot": [2.075, -0.725, 0],
					"rotation": [0, 0, -21.25]
				},
				{
					"name": "forearm_l",
					"parent": "arm_l",
					"pivot": [5.23305, 5.11617, -1.63],
					"cubes": [
						{"origin": [3.7, 5.125, -2.13], "size": [3, 1, 1], "pivot": [3.9375, 5.2875, -1.6425], "rotation": [0, 0, 22.5], "uv": [24, 10]}
					]
				},
				{
					"name": "hand_l",
					"parent": "arm_l",
					"pivot": [7.49341, 4.70409, -1.455],
					"rotation": [0, 0, 65.5],
					"cubes": [
						{"origin": [6.44215, 2.58035, -2.455], "size": [2, 4, 2], "pivot": [7.61715, 4.58035, -1.455], "rotation": [0, 0, 45], "uv": [24, 24]}
					]
				},
				{
					"name": "finger_l",
					"parent": "hand_l",
					"pivot": [7.37851, 5.1372, -1.5425],
					"cubes": [
						{"origin": [4.79437, 4.88541, -2.13], "size": [1, 1, 1], "pivot": [6.58966, 3.31203, -1.72375], "rotation": [0, 0, 45], "uv": [12, 12]}
					]
				},
				{
					"name": "arm_r",
					"parent": "body",
					"pivot": [-2.42734, 5.86247, -1.63],
					"rotation": [0, 0, 22]
				},
				{
					"name": "forearm_r",
					"parent": "arm_r",
					"pivot": [-2.42734, 5.86247, -1.63],
					"cubes": [
						{"origin": [-3.9, 5.9, -2.13], "size": [3, 1, 1], "pivot": [-1.0625, 6.0625, -1.6425], "rotation": [0, 0, -22.5], "uv": [24, 0]}
					]
				},
				{
					"name": "hand_r",
					"parent": "arm_r",
					"pivot": [-5.15157, 4.77068, -1.455],
					"rotation": [0, 0, -66.75],
					"cubes": [
						{"origin": [-5.06791, 3.45126, -2.455], "size": [2, 4, 2], "pivot": [-3.7882, 3.80288, -1.72375], "rotation": [0, 0, -45], "uv": [10, 24]}
					]
				},
				{
					"name": "finger_r",
					"parent": "hand_r",
					"pivot": [-4.86873, 5.35404, -1.5425],
					"cubes": [
						{"origin": [-3.34291, 5.37626, -2.13], "size": [1, 1, 1], "pivot": [-3.7882, 3.80288, -1.72375], "rotation": [0, 0, -45], "uv": [0, 4]}
					]
				},
				{
					"name": "leg_l",
					"parent": "Pansage",
					"pivot": [9.4625, 2.87625, -8]
				},
				{
					"name": "leg",
					"parent": "leg_l",
					"pivot": [1.7325, 3.00625, -2.325],
					"cubes": [
						{"origin": [0.65, 0, -2.65], "size": [2, 4, 2], "uv": [24, 4]}
					]
				},
				{
					"name": "toes_l",
					"parent": "leg_l",
					"pivot": [1.7325, 3.00625, -2.325],
					"cubes": [
						{"origin": [0.65, 0, -3.3], "size": [2, 1, 1], "uv": [0, 2]}
					]
				},
				{
					"name": "leg_r",
					"parent": "Pansage",
					"pivot": [6.5375, 3.00625, -7.675]
				},
				{
					"name": "leg2",
					"parent": "leg_r",
					"pivot": [-0.7375, 3.00625, -2.325],
					"cubes": [
						{"origin": [-2.575, 0, -2.65], "size": [2, 4, 2], "uv": [18, 0]}
					]
				},
				{
					"name": "toes_r",
					"parent": "leg_r",
					"pivot": [-0.7375, 3.00625, -2.325],
					"cubes": [
						{"origin": [-2.575, 0, -3.3], "size": [2, 1, 1], "uv": [0, 0]}
					]
				}
			]
		}
	]
}