{
	"format_version": "1.8.0",
	"animations": {
		"animation.arceus.ground_walk": {
			"loop": true,
			"animation_length": 2.6667,
			"bones": {
				"front_leg_left": {
					"rotation": {
						"0.0": [-55, 0, 0],
						"0.4444": [-15, 0, 0],
						"0.6667": [-5, 0, 0],
						"0.8611": [7.5, 0, 0],
						"1.0833": [10, 0, 0],
						"1.3333": [5, 0, 0],
						"1.5833": [-7.5, 0, 0],
						"1.8056": [-55, 0, 0],
						"2.0": [-85, 0, 0],
						"2.2222": [-62.5, 0, 0],
						"2.4444": [-50, 0, 0],
						"2.6667": [-55, 0, 0]
					}
				},
				"BottomLegFL": {
					"rotation": {
						"0.0": [32.5, 0, 0],
						"0.2222": [-2.5, 0, 0],
						"0.4444": [5, 0, 0],
						"0.8611": [0, 0, 0],
						"1.0833": [10, 0, 0],
						"1.3333": [42.5, 0, 0],
						"1.5833": [57.5, 0, 0],
						"1.8056": [87.5, 0, 0],
						"2.0": [107.5, 0, 0],
						"2.2222": [62.5, 0, 0],
						"2.4444": [47.5, 0, 0],
						"2.6667": [32.5, 0, 0]
					},
					"position": {
						"0.0": [0, 0, 0],
						"2.0": [0, 0, 2],
						"2.2222": [0, 0, 0],
						"2.6667": [0, 0, 0]
					}
				},
				"front_leg_right": {
					"rotation": {
						"0.0": [-12.5, 0, 0],
						"0.2222": [-5, 0, 0],
						"0.4444": [7.5, 0, 0],
						"0.6667": [15, 0, 0],
						"0.8611": [-5, 0, 0],
						"1.0833": [-10, 0, 0],
						"1.3333": [-42.5, 0, 0],
						"1.5833": [-70, 0, 0],
						"1.8056": [-85, 0, 0],
						"2.0": [-80, 0, 0],
						"2.2222": [-50, 0, 0],
						"2.4444": [-17.5, 0, 0],
						"2.6667": [-12.5, 0, 0]
					}
				},
				"bottomLegFR": {
					"rotation": {
						"0.0": [7.5, 0, 0],
						"0.2222": [2.5, 0, 0],
						"0.4444": [22.5, 0, 0],
						"0.8611": [67.5, 0, 0],
						"1.0833": [85, 0, 0],
						"2.0": [40, 0, 0],
						"2.2222": [5, 0, 0],
						"2.6667": [7.5, 0, 0]
					}
				},
				"back_leg_left": {
					"rotation": {
						"0.0": [12.5, 0, 0],
						"0.2222": [32.5, 0, 0],
						"0.4444": [47.5, 0, 0],
						"0.6667": [45, 0, 0],
						"1.0833": [37.5, 0, 0],
						"1.3333": [35, 0, 0],
						"1.5833": [27.5, 0, 0],
						"1.8056": [5, 0, 0],
						"2.0": [-10, 0, 0],
						"2.2222": [0, 0, 0],
						"2.6667": [12.5, 0, 0]
					}
				},
				"BottomLegBL": {
					"rotation": {
						"0.0": [-10, 0, 0],
						"0.2222": [-20, 0, 0],
						"0.4444": [-32.5, 0, 0],
						"0.6667": [-47.5, 0, 0],
						"0.8611": [-60, 0, 0],
						"1.5833": [-47.5, 0, 0],
						"2.0": [-7.5, 0, 0],
						"2.2222": [-15, 0, 0],
						"2.4444": [0, 0, 0],
						"2.6667": [-10, 0, 0]
					}
				},
				"back_leg_right": {
					"rotation": {
						"0.0": [52.5, 0, 0],
						"0.4444": [45, 0, 0],
						"0.6667": [42.5, 0, 0],
						"1.0833": [35, 0, 0],
						"1.3333": [32.5, 0, 0],
						"1.5833": [22.5, 0, 0],
						"1.8056": [10, 0, 0],
						"2.0": [15, 0, 0],
						"2.2222": [20, 0, 0],
						"2.4444": [32.5, 0, 0],
						"2.6667": [52.5, 0, 0]
					}
				},
				"BottomLegBR": {
					"rotation": {
						"0.0": [-15, 0, 0],
						"0.2222": [-22.5, 0, 0],
						"0.4444": [-40, 0, 0],
						"0.6667": [-57.5, 0, 0],
						"0.8611": [-75, 0, 0],
						"1.5833": [-62.5, 0, 0],
						"1.8056": [-25, 0, 0],
						"2.0": [-10, 0, 0],
						"2.2222": [-5, 0, 0],
						"2.4444": [0, 0, 0],
						"2.6667": [-15, 0, 0]
					}
				},
				"neck_upper": {
					"rotation": [0, 0, 0]
				},
				"head_tail_2": {
					"rotation": {
						"0.0": [0, 0, 0],
						"0.7778": [5, 0, 0],
						"1.7778": [-12.5, 0, 0],
						"2.6667": [0, 0, 0]
					}
				},
				"head_tail_3": {
					"rotation": {
						"0.0": [0, 0, 0],
						"0.7778": [5, 0, 0],
						"1.7778": [-5, 0, 0],
						"2.6667": [0, 0, 0]
					}
				},
				"head_tail_4": {
					"rotation": {
						"0.0": [0, 0, 0],
						"0.7778": [-5, 0, 0],
						"1.7778": [-15, 0, 0],
						"2.6667": [0, 0, 0]
					},
					"position": [0, 0, -1]
				},
				"tail_piece_1": {
					"rotation": {
						"0.0": [0, 0, 0],
						"1.0": [5, 0, 0],
						"2.0": [-5, 0, 0],
						"2.6667": [0, 0, 0]
					}
				},
				"tail_piece_2": {
					"rotation": {
						"0.0": [0, 0, 0],
						"1.0": [5, 0, 0],
						"2.0": [-5, 0, 0],
						"2.6667": [0, 0, 0]
					}
				},
				"tail_piece_3": {
					"rotation": {
						"0.0": [0, 0, 0],
						"1.0": [-5, 0, 0],
						"2.0": [5, 0, 0],
						"2.6667": [0, 0, 0]
					}
				},
				"arceus": {
					"rotation": {
						"0.0": [0, 0, 0],
						"0.9444": [5, 0, 0],
						"1.9167": [0, 0, 0]
					}
				},
				"tail": {
					"rotation": {
						"0.0": [0, 0, 0],
						"1.0": [5, 0, 0],
						"2.0": [-5, 0, 0],
						"2.6667": [0, 0, 0]
					}
				},
				"neck": {
					"rotation": {
						"0.0": [2.5, 0, 0],
						"1.3333": [10, 0, 0],
						"2.6667": [3.15, 0, 0]
					}
				},
				"head": {
					"rotation": [5, 0, 0],
					"position": [0, -0.7, 0]
				},
				"ekorpala": {
					"rotation": {
						"0.0": [-2.5, 0, 0],
						"0.75": [0, 0, 0],
						"1.5278": [-5, 0, 0],
						"1.9444": [2.5, 0, 0],
						"2.6667": [-2.5, 0, 0]
					}
				},
				"bone": {
					"rotation": {
						"0.0": [-5, 0, 0],
						"0.75": [0, 0, 0],
						"1.5278": [-2.5, 0, 0],
						"1.9444": [2.5, 0, 0],
						"2.6667": [-7.5, 0, 0]
					}
				},
				"bone2": {
					"rotation": {
						"0.0": [-5, 0, 0],
						"0.75": [0, 0, 0],
						"1.5278": [-5, 0, 0],
						"1.9444": [2.5, 0, 0],
						"2.6667": [-5, 0, 0]
					}
				},
				"leg_left": {
					"rotation": {
						"0.0": [-47.5, 0, 0],
						"0.4444": [-17.5, 0, 0],
						"0.6667": [-2.5, 0, 0],
						"0.9444": [11.25, 0, 0],
						"1.3611": [-46.33, 0, 0],
						"1.6667": [-3.94, 0, 0],
						"1.9167": [-5.66, 0, 0],
						"2.1389": [19.23, 0, 0],
						"2.4444": [-47.5, 0, 0]
					}
				},
				"bone5": {
					"rotation": {
						"0.0": [27.5, 0, 0],
						"0.4444": [0, 0, 0],
						"0.9444": [48.12, 0, 0],
						"1.5556": [0.29, 0, 0],
						"2.1667": [51.23, 0, 0],
						"2.5": [25, 0, 0]
					},
					"position": {
						"0.0": [0, 3, 0],
						"0.4444": [0, 0, 0],
						"0.9444": [0, 2.68, -1],
						"2.5": [0, 3, 0]
					}
				},
				"leg_right": {
					"rotation": {
						"0.0": [-17.5, 0, 0],
						"0.2222": [-2.5, 0, 0],
						"0.4444": [7.5, 0, 0],
						"0.6667": [22.5, 0, 0],
						"0.8611": [12.5, 0, 0],
						"1.25": [-63.37, 0, 0],
						"1.5556": [-35, 0, 0],
						"1.8611": [33.27, 0, 0],
						"2.2222": [-36.73, 0, 0],
						"2.6667": [-17.5, 0, 0]
					}
				},
				"bone11": {
					"rotation": {
						"0.0": [40, 0, 0],
						"0.2222": [0, 0, 0],
						"0.4444": [15, 0, 0],
						"0.6667": [52.5, 0, 0],
						"0.8611": [57.5, 0, 0],
						"1.0833": [47.5, 0, 0],
						"1.2778": [9.23, 0, 0],
						"1.7778": [41.73, 0, 0],
						"2.3333": [-3.27, 0, 0],
						"2.6667": [40, 0, 0]
					},
					"position": {
						"0.0": [0, 1, -2],
						"0.2222": [0, 0, 0],
						"0.4444": [0, 2, 0],
						"1.4722": [0, 0.64, 0],
						"1.7778": [0, 2.64, -1],
						"2.3333": [0, -0.36, 0],
						"2.6667": [0, 1, -2]
					}
				},
				"leg_left2": {
					"rotation": {
						"0.0": [-10, 0, 0],
						"0.3333": [5, 0, 0],
						"0.5833": [15, 0, 0],
						"0.8333": [5, 0, 0],
						"1.0833": [-7.5, 0, 0],
						"1.3333": [-15, 0, 0],
						"1.6111": [2.5, 0, 0],
						"1.9167": [15, 0, 0],
						"2.1389": [0.09, 0, 0],
						"2.3889": [-14.69, 0, 0],
						"2.6667": [-10, 0, 0]
					}
				},
				"bone7": {
					"rotation": {
						"0.0": [-10, 0, 0],
						"0.3333": [0, 0, 0],
						"0.5833": [12.5, 0, 0],
						"0.8333": [2.5, 0, 0],
						"1.0833": [-10, 0, 0],
						"1.3333": [-7.76, 0, 0],
						"1.6111": [0, 0, 0],
						"1.9167": [-12.5, 0, 0],
						"2.6667": [-10, 0, 0]
					},
					"position": {
						"0.0": [0, 1, -1],
						"0.3333": [0, 1, 0],
						"0.5833": [0, 2, 1],
						"0.8333": [0, 0, 0],
						"1.0833": [0, 1, -1],
						"1.3333": [0, 0, -0.53],
						"1.6111": [0, 1, 0],
						"1.9167": [0, 1, -1.29],
						"2.6667": [0, 1, -1]
					}
				},
				"leg_right2": {
					"rotation": {
						"0.0": [32.5, 0, 0],
						"0.3611": [-2.5, 0, 0],
						"0.6667": [27.5, 0, 0],
						"1.2778": [-2.5, 0, 0],
						"1.6389": [-15, 0, 0],
						"1.9167": [20, 0, 0],
						"2.1667": [36.67, 0, 0],
						"2.6667": [32.5, 0, 0]
					}
				},
				"bone9": {
					"rotation": {
						"0.0": [-20, 0, 0],
						"0.3611": [0, 0, 0],
						"0.6667": [-10, 0, 0],
						"1.2778": [0, 0, 0],
						"1.6389": [-5, 0, 0],
						"1.9167": [7.5, 0, 0],
						"2.1667": [5.83, 0, 0],
						"2.6667": [-20, 0, 0]
					},
					"position": {
						"0.0": [0, 2, -3],
						"0.3611": [0, 0, 0],
						"0.6667": [0, 0, -1],
						"1.2778": [0, 0, 0],
						"1.6389": [0, 0, -1],
						"1.9167": [0, 0, 1],
						"2.1667": [0, 0.67, 0.67],
						"2.6667": [0, 2, -3]
					}
				}
			}
		},
		"animation.arceus.ground_idle": {
			"loop": true,
			"animation_length": 3,
			"bones": {
				"tail": {
					"rotation": {
						"0.0": [-9.97365, 1.98315, 1.52251],
						"2.0": [-4.97365, 1.98315, 1.52251],
						"3.0": [-9.97365, 1.98315, 1.52251]
					}
				},
				"bone13": {
					"rotation": [-2.5, 0, 0],
					"position": [0, -1, -1]
				},
				"bone14": {
					"rotation": [-2.5, 0, -2.5],
					"position": [0, -1, 0]
				},
				"bone15": {
					"rotation": [0, 0, 0]
				},
				"head": {
					"rotation": {
						"0.0": [12.5, 0, 0],
						"1.5": [10, 0, 0],
						"3.0": [12.5, 0, 0]
					}
				},
				"ekorpala": {
					"rotation": [-2.5, 0, 0]
				},
				"bone": {
					"rotation": [-2.5, 0, 0]
				},
				"bone2": {
					"rotation": [-2.5, 0, 0]
				},
				"leg_left": {
					"rotation": [7.5, 0, 0]
				},
				"bone5": {
					"rotation": [-5, 0, 0]
				},
				"leg_right": {
					"rotation": [-7.5, 0, 0]
				},
				"bone11": {
					"rotation": [5, 0, 0]
				},
				"leg_left2": {
					"rotation": [7.5, 0, 0]
				},
				"bone7": {
					"rotation": [-7.5, 0, 0]
				},
				"leg_right2": {
					"rotation": [7.5, 0, 0]
				},
				"bone9": {
					"rotation": [-7.5, 0, 0]
				}
			}
		},
		"animation.arceus.faint": {
			"animation_length": 12.8333,
			"bones": {
				"tail": {
					"rotation": {
						"0.0": [-9.97365, 1.98315, 1.52251],
						"1.5": [-17.47365, 1.98315, 1.52251]
					},
					"position": {
						"0.0": [0, 0, 0],
						"1.5": [0, 0, -8]
					}
				},
				"bone13": {
					"rotation": {
						"0.0": [-2.5, 0, 0],
						"0.6667": [-15, 0, 0]
					},
					"position": {
						"0.0": [0, -1, -1],
						"0.6667": [0, -5, -5]
					}
				},
				"bone14": {
					"rotation": {
						"0.0": [-2.5, 0, -2.5],
						"0.6667": [-15, 0, -2.5]
					},
					"position": {
						"0.0": [0, -1, 0],
						"0.6667": [0, -3, -3]
					}
				},
				"bone15": {
					"rotation": [0, 0, 0]
				},
				"head": {
					"rotation": [12.5, 0, 0]
				},
				"ekorpala": {
					"rotation": [-2.5, 0, 0]
				},
				"bone": {
					"rotation": [-2.5, 0, 0]
				},
				"bone2": {
					"rotation": [-2.5, 0, 0]
				},
				"leg_left": {
					"rotation": [7.5, 0, 0]
				},
				"bone5": {
					"rotation": {
						"0.0": [-5, 0, 0],
						"0.3333": [80, 0, 0]
					},
					"position": {
						"0.0": [0, 0, 0],
						"0.3333": [0, 0, -8]
					}
				},
				"leg_right": {
					"rotation": {
						"0.0": [-7.5, 0, 0],
						"0.3333": [17.5, 0, 0]
					}
				},
				"bone11": {
					"rotation": {
						"0.0": [5, 0, 0],
						"0.3333": [67.5, 0, 0]
					},
					"position": {
						"0.0": [0, 0, 0],
						"0.3333": [0, 0, -4]
					}
				},
				"leg_left2": {
					"rotation": [7.5, 0, 0]
				},
				"bone7": {
					"rotation": {
						"0.0": [-7.5, 0, 0],
						"0.3333": [77.5, 0, 0]
					},
					"position": {
						"0.0": [0, 0, 0],
						"0.3333": [0, 3, 0]
					}
				},
				"leg_right2": {
					"rotation": [7.5, 0, 0]
				},
				"bone9": {
					"rotation": {
						"0.0": [-7.5, 0, 0],
						"0.3333": [77.5, 0, 0]
					},
					"position": {
						"0.0": [0, 0, 0],
						"0.3333": [0, 3, 0]
					}
				},
				"body": {
					"position": {
						"0.0": [0, -12, 0],
						"0.6667": [0, -28, 0]
					}
				},
				"neck": {
					"rotation": {
						"0.0": [0, 0, 0],
						"0.6667": [15, 0, 0]
					}
				},
				"eyesleft": {
					"position": {
						"0.0": [0, 0, 0],
						"1.75": [0, 0, 0],
						"1.8333": [1, 0, 0]
					}
				},
				"deadeyesright": {
					"position": {
						"0.0": [0, 0, 0],
						"2.0": [1, 0, 0]
					}
				},
				"eyesright": {
					"position": {
						"0.0": [0, 0, 0],
						"1.75": [0, 0, 0],
						"1.8333": [-1, 0, 0]
					}
				},
				"deadeyesleft": {
					"position": {
						"0.0": [0, 0, 0],
						"2.0": [-1, 0, 0]
					}
				}
			}
		}
	}
}