{
  "species": "cobblemon:mareep",
  "order": 2,
  "variations": [
    {"aspects": [],
		"model": "cobblemon:mareepqv.geo"
    },

    {"aspects": ["mareep-body-base"],
    "layers": [
        {
        "name": "body",
        "texture": "cobblemon:textures/pokemon/0179_mareep/body_base.png"
        }
    ]
	},
    {"aspects": ["mareep-body-base", "shiny"],
    "layers": [
        {
        "name": "body",
        "texture": "cobblemon:textures/pokemon/0179_mareep/body_base_shiny.png"
        }
    ]
	},
    {"aspects": ["mareep-body-hooves"],
    "layers": [
        {
        "name": "body",
        "texture": "cobblemon:textures/pokemon/0179_mareep/body_hooves.png"
        }
    ]
    },
    {"aspects": ["mareep-body-hooves", "shiny"],
    "layers": [
        {
        "name": "body",
        "texture": "cobblemon:textures/pokemon/0179_mareep/body_hooves_shiny.png"
        }
    ]
	},
    {"aspects": ["mareep-body-nose"],
    "layers": [
        {
        "name": "body",
        "texture": "cobblemon:textures/pokemon/0179_mareep/body_nose.png"
        }
    ]
    },
    {"aspects": ["mareep-body-nose", "shiny"],
    "layers": [
        {
        "name": "body",
        "texture": "cobblemon:textures/pokemon/0179_mareep/body_nose_shiny.png"
        }
    ]
	},
    {"aspects": ["mareep-body-hoovesnose"],
    "layers": [
        {
        "name": "body",
        "texture": "cobblemon:textures/pokemon/0179_mareep/body_hoovesnose.png"
        }
    ]
    },
    {"aspects": ["mareep-body-hoovesnose", "shiny"],
    "layers": [
        {
        "name": "body",
        "texture": "cobblemon:textures/pokemon/0179_mareep/body_hoovesnose_shiny.png"
        }
    ]
	},


    {"aspects": ["mareep-horns-base"],
    "layers": [
        {
        "name": "horns",
        "texture": "cobblemon:textures/pokemon/0179_mareep/horns_base.png"
        }
    ]
    },
    {"aspects": ["mareep-horns-base", "shiny"],
    "layers": [
        {
        "name": "horns",
        "texture": "cobblemon:textures/pokemon/0179_mareep/horns_base_shiny.png"
        }
    ]
	},
    {"aspects": ["mareep-horns-bull"],
    "layers": [
        {
        "name": "horns",
        "texture": "cobblemon:textures/pokemon/0179_mareep/horns_bull.png"
        }
    ]
    },
    {"aspects": ["mareep-horns-bull", "shiny"],
    "layers": [
        {
        "name": "horns",
        "texture": "cobblemon:textures/pokemon/0179_mareep/horns_bull_shiny.png"
        }
    ]
	},
    {"aspects": ["mareep-horns-nub"],
    "layers": [
        {
        "name": "horns",
        "texture": "cobblemon:textures/pokemon/0179_mareep/horns_nub.png"
        }
    ]
    },
    {"aspects": ["mareep-horns-nub", "shiny"],
    "layers": [
        {
        "name": "horns",
        "texture": "cobblemon:textures/pokemon/0179_mareep/horns_nub_shiny.png"
        }
    ]
	},
    {"aspects": ["mareep-horns-ram"],
    "layers": [
        {
        "name": "horns",
        "texture": "cobblemon:textures/pokemon/0179_mareep/horns_ram.png"
        }
    ]
    },
    {"aspects": ["mareep-horns-ram", "shiny"],
    "layers": [
        {
        "name": "horns",
        "texture": "cobblemon:textures/pokemon/0179_mareep/horns_ram_shiny.png"
        }
    ]
	},


    {"aspects": ["detail6-5"],
    "layers": [
        {
        "name": "tert",
        "texture": "cobblemon:textures/pokemon/0179_mareep/tert_glowsheep.png"
        }
    ]
	},
    {"aspects": ["detail6-5", "shiny"],
    "layers": [
        {
        "name": "tert",
        "texture": "cobblemon:textures/pokemon/0179_mareep/tert_glowsheep_shiny.png"
        }
    ]
	},
    {"aspects": ["detail6-6"],
    "layers": [
        {
        "name": "tert",
        "texture": "cobblemon:textures/pokemon/0179_mareep/tert_blacksheep.png"
        }
    ]
	}
  ]
}