{
  "parent": "minecraft:item/generated",
  "display": {
    "firstperson_righthand": {
      "rotation": [ 0, -90, 25 ],
      "translation": [ 0, 5, 0 ],
      "scale": [ 0.68, 0.68, 0.68 ]
    },
    "thirdperson_righthand": {
      "translation": [ 0, 4, 1 ],
      "scale": [ 0.55, 0.55, 0.55 ]
    },
    "head": {
      "translation": [ 0, 14, -5 ]
    },
    "gui": {
      "rotation": [ -12.8099, -29.4927, 0 ],
      "translation": [ 0, -0.3, 0],
      "scale": [ 0.82, 0.82, 1.64 ]
        }
  }
}
