{
	"credit": "Made with Blockbench",
	"gui_light": "front",
	"textures": {
		"egg": "#egg"
	},
	"elements": [
		{
			"from": [2, 1, 7.5],
			"to": [14, 14, 8.5],
			"faces": {
				"north": {"uv": [14, 2, 2, 15], "texture": "#egg"},
				"east": {"uv": [13, 2, 14, 15], "texture": "#egg"},
				"south": {"uv": [2, 2, 14, 15], "texture": "#egg"},
				"west": {"uv": [2, 2, 3, 15], "texture": "#egg"},
				"up": {"uv": [2, 2, 14, 3], "texture": "#egg"},
				"down": {"uv": [2, 14, 14, 15], "texture": "#egg"}
			}
		},
		{
			"from": [4, 2, 7.5],
			"to": [12, 12, 8.5],
			"faces": {
				"east": {"uv": [11, 4, 12, 14], "texture": "#egg"},
				"west": {"uv": [4, 4, 5, 14], "texture": "#egg"},
				"up": {"uv": [4, 4, 12, 5], "texture": "#egg"},
				"down": {"uv": [4, 13, 12, 14], "texture": "#egg"}
			}
		},
		{
			"from": [2, 5, 7.5],
			"to": [14, 8, 8.5],
			"faces": {
				"up": {"uv": [2, 8, 14, 9], "texture": "#egg"},
				"down": {"uv": [2, 10, 14, 11], "texture": "#egg"}
			}
		},
		{
			"from": [3, 3, 7.5],
			"to": [13, 10, 8.5],
			"faces": {
				"east": {"uv": [12, 6, 13, 13], "texture": "#egg"},
				"west": {"uv": [3, 6, 4, 13], "texture": "#egg"},
				"up": {"uv": [3, 6, 13, 7], "texture": "#egg"},
				"down": {"uv": [3, 12, 13, 13], "texture": "#egg"}
			}
		},
		{
			"from": [5, 12, 7.5],
			"to": [11, 13, 8.5],
			"faces": {
				"east": {"uv": [10, 3, 11, 4], "texture": "#egg"},
				"west": {"uv": [5, 3, 6, 4], "texture": "#egg"},
				"up": {"uv": [5, 3, 11, 4], "texture": "#egg"}
			}
		},
		{
			"from": [7, 13, 7.5],
			"to": [9, 14, 8.5],
			"faces": {
				"east": {"uv": [8, 2, 9, 3], "texture": "#egg"},
				"west": {"uv": [7, 2, 8, 3], "texture": "#egg"}
			}
		},
		{
			"from": [6, 1, 7.5],
			"to": [10, 2, 8.5],
			"faces": {
				"east": {"uv": [9, 14, 10, 15], "texture": "#egg"},
				"west": {"uv": [6, 14, 7, 15], "texture": "#egg"}
			}
		}
	],
    "display": {
        "ground": {
            "rotation": [ 0, 0, 0 ],
            "translation": [ 0, 2, 0],
            "scale":[ 0.5, 0.5, 0.5 ]
        },
        "head": {
            "rotation": [ 0, 180, 0 ],
            "translation": [ 0, 13, 7],
            "scale":[ 1, 1, 1]
        },
        "thirdperson_righthand": {
            "rotation": [ 0, 0, 0 ],
            "translation": [ 0, 3, 1 ],
            "scale": [ 0.55, 0.55, 0.55 ]
        },
        "firstperson_righthand": {
            "rotation": [ 0, -90, 25 ],
            "translation": [ 1.13, 3.2, 1.13],
            "scale": [ 0.68, 0.68, 0.68 ]
        },
        "fixed": {
            "rotation": [ 0, 180, 0 ],
            "scale": [ 1, 1, 1 ]
        },
        "gui": {
            "rotation": [ -12.8099, -29.4927, 0 ],
            "translation": [ 0, -0.3, 0],
            "scale": [ 0.82, 0.82, 1.64 ]
        }
    }
}