{
    "parent": "block/end_rod",
	"gui_light": "front",
    "display": {
        "thirdperson_righthand": {
            "rotation": [ 0, 45, 0 ],
            "translation": [ 0, 5, 1 ],
            "scale": [ 1, 1, 1 ]
        },
        "thirdperson_lefthand": {
            "rotation": [ 0, 45, 0 ],
            "translation": [ 0, 5, 1 ],
            "scale": [ 1, 1, 1 ]
        },
        "ground": {
            "rotation": [ 0, 0, 0 ],
            "translation": [ 0, 2, 0],
            "scale":[ 0.5, 0.5, 0.5]
        },
        "gui": {
            "rotation": [ -12.8099, -29.4927, 0 ],
            "translation": [ 0, -0.3, 0],
            "scale": [ 0.82, 0.82, 0.82 ]
        },
        "fixed": {
            "rotation": [ 0, 180, 0 ],
            "translation": [ 0, 0, 0],
            "scale":[ 1, 1, 1]
        }
	}
}