{
    "parent": "block/soul_lantern",
	"gui_light": "front",
    "display": {
        "thirdperson_righthand": {
            "rotation": [ 70, 0, 0 ],
            "translation": [ 0, -2.5, -2 ],
            "scale": [ 0.7, 0.7, 0.7 ]
        },
        "thirdperson_lefthand": {
            "rotation": [ 70, 0, 0 ],
            "translation": [ 0, -2.5, -2 ],
            "scale": [ 0.7, 0.7, 0.7 ]
        },
        "firstperson_righthand": {
            "rotation": [ -5, -55, 0 ],
            "translation": [ 10, -1, -10 ],
            "scale": [ 1.25, 1.25, 1.25 ]
        },
        "firstperson_lefthand": {
            "rotation": [ 0, 0, 0 ],
            "translation": [ 2, 15, 0],
            "scale": [ 0.7, 0.7, 0.7 ]
        },
        "ground": {
            "rotation": [ 0, 0, 0 ],
            "translation": [ 0, 3, 0],
            "scale":[ 0.7, 0.7, 0.7]
        },
        "gui": {
            "rotation": [ -12.8099, -29.4927, 0 ],
            "translation": [ 0, -0.3, 0],
            "scale": [ 0.82, 0.82, 0.82 ]
        },
        "fixed": {
            "rotation": [ 0, 180, 0 ],
            "translation": [ 0, 3, 0],
            "scale":[ 1, 1, 1]
        }
	},
	"overrides":[
		{ "predicate": { "lefthanded": 1 }, "model": "item/soul_lantern_left" }
	]
}