{
	"parent": "minecraft:block/spore_blossom",
	"gui_light": "front",
    "display": {
        "thirdperson_righthand": {
            "rotation": [ 180, 0, 0 ],
            "translation": [ 0, 3.2, 0],
            "scale": [ 0.375, 0.375, 0.375 ]
        },
        "firstperson_righthand": {
            "rotation": [ 0, 45, 180 ],
            "translation": [ 0, 4, 0 ],
            "scale": [ 0.40, 0.40, 0.40 ]
        },
        "firstperson_lefthand": {
            "rotation": [ 0, 225, 180 ],
            "translation": [ 0, 4, 0 ],
            "scale": [ 0.40, 0.40, 0.40 ]
        },
        "gui": {
            "rotation": [ -109.41, 14.03, -30.91 ],
            "translation": [ -1, 1, 0],
            "scale": [ 0.7, 0.7, 0.7 ]
        },
        "fixed": {
            "rotation": [ 90, 0, 0 ],
            "translation": [ 0, 0, -7],
            "scale":[ 1, 1, 1]
        }
	}
}