{
    "enabled": true,
    "neededInstalledMods": [],
    "neededUninstalledMods": [],
    "spawns": [
        {
            "id": "alakazam-1",
            "pokemon": "alakazam",
            "presets": [
                "natural"
            ],
            "type": "pokemon",
            "context": "grounded",
            "bucket": "rare",
            "level": "35-50",
            "weight": 0.1,
            "condition": {
                "canSeeSky": true,
                "biomes": [
                    "#cobblemon:is_hills",
                    "#cobblemon:is_temperate"
                ],
                "timeRange": "night"
            },
            "anticondition": {
                "biomes": [
                    "#cobblemon:is_magical"
                ]
            }
        },
		{
            "id": "alakazam-2",
            "pokemon": "alakazam",
            "presets": [
                "natural"
            ],
            "type": "pokemon",
            "context": "grounded",
            "bucket": "uncommon",
            "level": "35-50",
            "weight": 0.1,
            "condition": {
                "canSeeSky": true,
                "biomes": [
                    "#cobblemon:is_magical"
                ],
                "timeRange": "night"
            }
        },
		{
            "id": "alakazam-3",
            "pokemon": "alakazam",
            "presets": [
                "mansion"
            ],
            "type": "pokemon",
            "context": "grounded",
            "bucket": "common",
            "level": "35-50",
            "weight": 0.02,
            "condition": {
				"canSeeSky": false,
                "biomes": [
                    "#cobblemon:is_overworld"
                ]
            }
        },
        {
            "id": "alakazam-4",
            "pokemon": "alakazam",
            "type": "pokemon",
            "context": "grounded",
            "bucket": "rare",
            "level": "26-30",
            "weight": 3.7,
            "condition": {
                "biomes": [
                    "aether:skyroot_forest",
                    "aether:skyroot_meadow",
                    "aether:skyroot_grove"
                ]
            },
            "anticondition": {
                "structure": [
                    "#aether:dungeons"
                ]
            }
        }
    ]
}