{
    "enabled": true,
    "neededInstalledMods": [],
    "neededUninstalledMods": [],
    "spawns": [
        {
            "id": "rapidash-1",
            "pokemon": "rapidash",
            "presets": [
                "natural"
            ],
            "type": "pokemon",
            "context": "grounded",
            "bucket": "uncommon",
            "level": "40-50",
            "weight": 0.6,
			"weightMultiplier": {
				"multiplier": 0.25,
				"condition": {
					"timeRange": "night"
				}
			},
            "condition": {
                "canSeeSky": true,
                "biomes": [
                    "#cobblemon:is_grassland"
                ],
                "isRaining": false
            }
        },
        {
            "id": "rapidash-2",
            "pokemon": "rapidash",
            "presets": [
                "natural"
            ],
            "type": "pokemon",
            "context": "grounded",
            "bucket": "common",
            "level": "40-50",
            "weight": 0.6,
            "condition": {
                "biomes": [
                    "#cobblemon:is_nether_overgrowth",
					"#cobblemon:is_nether_wasteland"
                ]
            }
        },
		{
            "id": "rapidash-galarian-1",
            "pokemon": "rapidash galarian",
            "presets": [
                "natural",
				"wild"
            ],
            "type": "pokemon",
            "context": "grounded",
            "bucket": "uncommon",
            "level": "40-50",
            "weight": 1.0,
			"weightMultiplier": {
				"multiplier": 0.25,
				"condition": {
					"timeRange": "night"
				}
			},
            "condition": {
                "canSeeSky": true,
                "biomes": [
                    "#cobblemon:is_floral",
					"#cobblemon:is_magical"
                ]
            }
        },
        {
            "id": "rapidash-galarian-2",
            "pokemon": "rapidash galarian",
            "type": "pokemon",
            "context": "grounded",
            "bucket": "uncommon",
            "level": "16-41",
            "weight": 10.0,
            "condition": {
                "canSeeSky": true,
                "biomes": [
                    "#aether:ultracold"
                ],
                "needednearbyBlocks": [
                    "aether:block/purple_flower",
                    "aether:block/white_flower"
                    ]
            }
        }
    ]
}