{
    "enabled": true,
    "neededInstalledMods": [],
    "neededUninstalledMods": [],
    "spawns": [
        {
            "id": "dratini-1",
            "pokemon": "dratini",
            "presets": [
                "water_surface"
            ],
            "type": "pokemon",
            "bucket": "rare",
            "level": "5-30",
            "weight": 9.0,
            "condition": {
                "canSeeSky": false,
				"maxY": 32,
                "biomes": [
                    "#cobblemon:is_overworld"
                ]
            }
        },
		{
            "id": "dratini-2",
            "pokemon": "dratini",
            "presets": [
                "underwater"
            ],
            "type": "pokemon",
            "context": "submerged",
            "bucket": "rare",
            "level": "5-30",
            "weight": 9.0,
            "condition": {
                "canSeeSky": false,
				"maxY": 32,
                "biomes": [
                    "#cobblemon:is_overworld"
                ]
            }
        },
		{
            "id": "dratini-3",
            "pokemon": "dratini",
            "presets": [
                "underwater",
				"ocean_ruins"
            ],
            "type": "pokemon",
            "context": "submerged",
            "bucket": "uncommon",
            "level": "5-30",
            "weight": 90.0,
            "condition": {
                "canSeeSky": true,
                "biomes": [
                    "#cobblemon:is_ocean"
                ]
            }
        },
        {
            "id": "dratini-4",
            "pokemon": "dratini",
            "type": "pokemon",
            "context": "grounded",
            "bucket": "rare",
            "level": "5-10",
            "weight": 1.0,
            "condition": {
                "canSeeSky": true,
                "biomes": [
                    "#aether:ultracold"
                ]
            }
        }
    ]
}