{
    "enabled": true,
    "neededInstalledMods": [],
    "neededUninstalledMods": [],
    "spawns": [
        {
            "id": "dragonair-1",
            "pokemon": "dragonair",
            "presets": [
                "water_surface"
            ],
            "type": "pokemon",
            "bucket": "rare",
            "level": "30-42",
            "weight": 0.9,
            "condition": {
                "canSeeSky": false,
				"maxY": 32,
                "biomes": [
                    "#cobblemon:is_overworld"
                ]
            }
        },
		{
            "id": "dragonair-2",
            "pokemon": "dragonair",
            "presets": [
                "underwater"
            ],
            "type": "pokemon",
            "context": "submerged",
            "bucket": "rare",
            "level": "30-42",
            "weight": 0.9,
            "condition": {
                "canSeeSky": false,
				"maxY": 32,
                "biomes": [
                    "#cobblemon:is_overworld"
                ]
            }
        },
		{
            "id": "dragonair-3",
            "pokemon": "dragonair",
            "presets": [
                "underwater",
				"ocean_ruins"
            ],
            "type": "pokemon",
            "context": "submerged",
            "bucket": "uncommon",
            "level": "30-42",
            "weight": 9.0,
            "condition": {
                "canSeeSky": true,
                "biomes": [
                    "#cobblemon:is_ocean"
                ]
            }
        },
        {
            "id": "dragonair-4",
            "pokemon": "dragonair",
            "type": "pokemon",
            "context": "grounded",
            "bucket": "rare",
            "level": "45-50",
            "weight": 0.5,
            "condition": {
                "canSeeSky": true,
                "biomes": [
                    "#aether:ultracold"
                ]
            }
        }
    ]
}