{
    "enabled": true,
    "neededInstalledMods": [],
    "neededUninstalledMods": [],
    "spawns": [
        {
            "id": "dragonite-1",
            "pokemon": "dragonite",
            "presets": [
                "natural"
            ],
            "type": "pokemon",
            "context": "grounded",
            "bucket": "rare",
            "level": "55-60",
            "weight": 0.1,
            "condition": {
                "canSeeSky": false,
				"maxY": 32,
                "biomes": [
                    "#cobblemon:is_overworld"
                ],
				"neededNearbyBlocks": [
                    "minecraft:water"
                ]
            }
        },
        {
            "id": "dragonite-2",
            "pokemon": "dragonite",
            "presets": [
                "natural"
            ],
            "type": "pokemon",
            "context": "grounded",
            "bucket": "rare",
            "level": "55-60",
            "weight": 0.1,
            "condition": {
                "canSeeSky": true,
                "biomes": [
                    "#cobblemon:is_sky"
                ],
                "isRaining": true
            }
        },
        {
            "id": "dragonite-3",
            "pokemon": "dragonite",
            "presets": [
                "underwater",
				"ocean_ruins"
            ],
            "type": "pokemon",
            "context": "submerged",
            "bucket": "uncommon",
            "level": "55-60",
            "weight": 1.0,
            "condition": {
                "canSeeSky": true,
                "biomes": [
                    "#cobblemon:is_ocean"
                ]
            }
        },
        {
            "id": "dragonite-4",
            "pokemon": "dragonite",
            "type": "pokemon",
            "context": "grounded",
            "bucket": "rare",
            "level": "55-60",
            "weight": 0.1,
            "condition": {
                "canSeeSky": true,
                "biomes": [
                    "#aether:ultracold"
                ]
            }
        }
    ]
}