{
    "enabled": "true",
    "neededInstalledMods": [],
    "neededUninstalledMods": [],
    "spawns": [
        {
            "id": "chikorita-1",
            "pokemon": "chikorita",
            "presets": [
                "natural"
            ],
            "type": "pokemon",
            "context": "grounded",
            "bucket": "ultra-rare",
            "level": "5-32",
            "weight": 9.0,
            "condition": {
                "canSeeSky": true,
                "biomes": [
                    "#cobblemon:is_floral"
                ]
            }
        },
		{
            "id": "chikorita-2",
            "pokemon": "chikorita",
            "type": "pokemon",
            "context": "grounded",
            "bucket": "ultra-rare",
            "level": "5-32",
            "weight": 9.0,
            "condition": {
                "biomes": [
                    "the_bumblezone:floral_meadow"
                ]
            },
            "anticondition": {
                "structures": [
					"#the_bumblezone:sempiternal_sanctums"
				]
            }
        },
        {
            "id": "chikorita-3",
            "pokemon": "chikorita",
            "type": "pokemon",
            "context": "grounded",
            "bucket": "ultra-rare",
            "level": "5",
            "weight": 10.0,
            "condition": {
                "canSeeSky":true,
                "biomes": [
                    "#aether:ultracold",
                    "aether:skyroot_forest"
                ]
            }
        }
    ]
}