{
    "enabled": true,
    "neededInstalledMods": [],
    "neededUninstalledMods": [],
    "spawns": [
        {
            "id": "pichu-1",
            "pokemon": "pichu",
            "presets": [
                "natural"
            ],
            "type": "pokemon",
            "context": "grounded",
            "bucket": "uncommon",
            "level": "1-21",
            "weight": 1.8,
			"weightMultiplier": {
				"multiplier": 5.0,
				"condition": {
					"isThundering": true
				}
			},
            "condition": {
                "canSeeSky": true,
                "biomes": [
                    "#cobblemon:is_forest"
                ]
            },
            "anticondition": {
                "biomes": [
                    "#cobblemon:is_spooky"
                ]
            }
        },
        {
            "id": "pichu-2",
            "pokemon": "pichu",
            "type": "pokemon",
            "context": "grounded",
            "bucket": "common",
            "level": "1-5",
            "weight": 10.0,
            "condition": {
                "canSeeSky": true,
                "biomes": [
                    "aether:skyroot_meadow"
                ]
            },
            "anticondition": {
                "neededBaseBlocks": [
                        "aether:locked_angelic_stone"
                    ]
			}
        }
    ]
}