{
    "enabled": true,
    "neededInstalledMods": [],
    "neededUninstalledMods": [],
    "spawns": [
        {
            "id": "cleffa-1",
            "pokemon": "cleffa",
            "presets": [
                "natural"
            ],
            "type": "pokemon",
            "context": "grounded",
            "bucket": "uncommon",
            "level": "1-22",
            "weight": 9.0,
            "condition": {
				"canSeeSky": true,
                "biomes": [
                    "#cobblemon:is_dripstone"
                ],
                "timeRange": "night"
            }
        },
        {
            "id": "cleffa-2",
            "pokemon": "cleffa",
            "presets": [
                "natural"
            ],
            "type": "pokemon",
            "context": "grounded",
            "bucket": "uncommon",
            "level": "1-22",
            "weight": 9.0,
            "condition": {
                "canSeeSky": false,
                "biomes": [
                    "#cobblemon:is_dripstone"
                ]
            }
        },
        {
            "id": "cleffa-3",
            "pokemon": "cleffa",
            "presets": [
                "natural"
            ],
            "type": "pokemon",
            "context": "grounded",
            "bucket": "uncommon",
            "level": "1-22",
            "weight": 9.0,
            "condition": {
                "canSeeSky": true,
                "biomes": [
                    "#cobblemon:is_hills"
                ],
                "timeRange": "night",
				"moonPhase": 1
            }
        },
        {
            "id": "cleffa-4",
            "pokemon": "cleffa",
            "presets": [
                "natural"
            ],
            "type": "pokemon",
            "context": "grounded",
            "bucket": "uncommon",
            "level": "1-22",
            "weight": 9.0,
            "condition": {
                "canSeeSky": true,
                "biomes": [
                    "#cobblemon:is_magical"
                ],
                "timeRange": "night"
            },
            "anticondition": {
                "biomes": [
                    "#cobblemon:is_spooky"
                ]
            }
        },
        {
            "id": "celffa-5",
            "pokemon": "cleffa",
            "type": "pokemon",
            "context": "grounded",
            "bucket": "common",
            "level": "1-5",
            "weight": 10.0,
            "condition": {
                "canSeeSky": true,
                "biomes": [
                    "aether:skyroot_meadow"
                ]
            },
            "anticondition": {
                "neededBaseBlocks": [
                        "aether:locked_angelic_stone"
                    ]
			}
        }
    ]
}