{
    "enabled": true,
    "neededInstalledMods": [],
    "neededUninstalledMods": [],
    "spawns": [
        {
            "id": "igglybuff-1",
            "pokemon": "igglybuff",
            "presets": [
                "natural"
            ],
            "type": "pokemon",
            "context": "grounded",
            "bucket": "common",
            "level": "1-21",
            "weight": 9.0,
			"weightMultiplier": {
				"multiplier": 1.5,
				"condition": {
					"timeRange": "night"
				}
			},
            "condition": {
                "canSeeSky": true,
                "biomes": [
                    "#cobblemon:is_floral"
                ]
            }
        },
		{
            "id": "igglybuff-2",
            "pokemon": "igglybuff",
            "presets": [
                "natural"
            ],
            "type": "pokemon",
            "context": "grounded",
            "bucket": "common",
            "level": "1-21",
            "weight": 1.8,
			"weightMultiplier": {
				"multiplier": 1.5,
				"condition": {
					"timeRange": "night"
				}
			},
            "condition": {
                "canSeeSky": true,
                "biomes": [
                    "#cobblemon:is_plains"
                ]
            },
            "anticondition": {
                "biomes": [
                    "#cobblemon:is_floral"
                ]
            }
        },
        {
            "id": "igglybuff-3",
            "pokemon": "igglybuff",
            "type": "pokemon",
            "context": "grounded",
            "bucket": "common",
            "level": "1-5",
            "weight": 10.0,
            "condition": {
                "canSeeSky": true,
                "biomes": [
                    "aether:skyroot_meadow"
                ]
            },
            "anticondition": {
                "neededBaseBlocks": [
                        "aether:locked_angelic_stone"
                    ]
			}
        }
    ]
}