{
    "enabled": true,
    "neededInstalledMods": [],
    "neededUninstalledMods": [],
    "spawns": [
        {
            "id": "natu-1",
            "pokemon": "natu",
            "presets": [
                "natural",
				"treetop"
            ],
            "type": "pokemon",
            "context": "grounded",
            "bucket": "common",
            "level": "7-32",
            "weight": 5.4,
            "condition": {
                "canSeeSky": true,
                "biomes": [
                    "#cobblemon:is_badlands",
                    "#cobblemon:is_plateau"
                ],
                "timeRange": "day"
			}
        },
		{
            "id": "natu-2",
            "pokemon": "natu",
            "presets": [
                "trail_ruins"
            ],
            "type": "pokemon",
            "context": "grounded",
            "bucket": "common",
            "level": "7-32",
            "weight": 90.0,
            "condition": {
                "canSeeSky": true,
                "biomes": [
                    "#cobblemon:is_overworld"
                ],
                "timeRange": "day"
			}
        },
        {
            "id": "natu-3",
            "pokemon": "natu",
            "type": "pokemon",
            "context": "grounded",
            "bucket": "common",
            "level": "12-32",
            "weight": 10.0,
            "condition": {
                "canSeeSky": true,
                "biomes": [
                    "#aether:ultracold"
                ]
			},
            "anticondition": {
                "neededBaseBlocks": [
                    "aether:locked_angelic_stone"
                ]
            }
        }
    ]
}