{
    "enabled": true,
    "neededInstalledMods": [],
    "neededUninstalledMods": [],
    "spawns": [
        {
            "id": "xatu-1",
            "pokemon": "xatu",
            "presets": [
                "natural",
				"treetop"
            ],
            "type": "pokemon",
            "context": "grounded",
            "bucket": "common",
            "level": "25-47",
            "weight": 0.6,
            "condition": {
                "canSeeSky": true,
                "biomes": [
                    "#cobblemon:is_badlands",
                    "#cobblemon:is_plateau"
                ],
                "timeRange": "day"
			}
        },
		{
            "id": "xatu-2",
            "pokemon": "xatu",
            "presets": [
                "trail_ruins"
            ],
            "type": "pokemon",
            "context": "grounded",
            "bucket": "common",
            "level": "25-47",
            "weight": 10.0,
            "condition": {
                "canSeeSky": true,
                "biomes": [
                    "#cobblemon:is_overworld"
                ],
                "timeRange": "day"
			}
        },
        {
            "id": "xatu-3",
            "pokemon": "xatu",
            "type": "pokemon",
            "context": "grounded",
            "bucket": "uncommon",
            "level": "30-48",
            "weight": 11.0,
            "condition": {
                "canSeeSky": true,
                "biomes": [
                    "#aether:ultracold"
                ]
			}
        }
    ]
}