{
    "enabled": "true",
    "neededInstalledMods": [],
    "neededUninstalledMods": [],
    "spawns": [
        {
            "id": "kirlia-1",
            "pokemon": "kirlia",
            "presets": [
                "natural"
            ],
            "type": "pokemon",
            "context": "grounded",
            "bucket": "rare",
            "level": "20-29",
            "weight": 0.9,
            "condition": {
                "canSeeSky": true,
                "biomes": [
                    "#cobblemon:is_floral",
                    "#cobblemon:is_magical",
                    "#cobblemon:is_snowy_forest"
                ]
            }
        },
        {
            "id": "kirlia-2",
            "pokemon": "kirlia",
            "presets": [
                "natural",
                "urban"
            ],
            "type": "pokemon",
            "context": "grounded",
            "bucket": "rare",
            "level": "20-29",
            "weight": 0.18,
            "condition": {
                "canSeeSky": true,
                "biomes": [
                    "#cobblemon:is_overworld"
                ]
            },
            "anticondition": {
                "structures": [
                    "#minecraft:village"
                ]
            }
        },
        {
            "id": "kirlia-3",
            "pokemon": "kirlia",
            "presets": [
                "natural",
				"village"
            ],
            "type": "pokemon",
            "context": "grounded",
            "bucket": "rare",
            "level": "20-29",
            "weight": 0.18,
            "condition": {
                "canSeeSky": true,
                "biomes": [
                    "#cobblemon:is_overworld"
                ]
            }
        },
        {
            "id": "kirlia-4",
            "pokemon": "kirlia",
            "presets": [
                "mansion"
            ],
            "type": "pokemon",
            "context": "grounded",
            "bucket": "common",
            "level": "20-29",
            "weight": 0.18,
            "condition": {
                "canSeeSky": false,
                "biomes": [
                    "#cobblemon:is_overworld"
                ]
            }
        },
        {
            "id": "kirlia-5",
            "pokemon": "kirlia",
            "presets": [
                "aether_silver_dungeon"
            ],
            "type": "pokemon",
            "context": "grounded",
            "bucket": "common",
            "level": "30",
            "weight": 10.0,
            "condition": {
                "canSeeSky":false,
                "biomes": [
                    "#aether:ultracold"
                ],
                "structures": [
                    "#aether:dungeons"
                ]
            }
        }
    ]
}