{
    "enabled": "true",
    "neededInstalledMods": [],
    "neededUninstalledMods": [],
    "spawns": [
        {
            "id": "shedinja-1",
            "pokemon": "shedinja",
            "presets": [
                "natural"
            ],
            "type": "pokemon",
            "context": "grounded",
            "bucket": "common",
            "level": "20-24",
            "weight": 2.0,
            "condition": {
                "canSeeSky": true,
                "biomes": [
                    "#cobblemon:is_forest",
                    "#cobblemon:is_jungle"
                ],
                "timeRange": "night",
                "isRaining": false
            },
            "anticondition": {
                "biomes": [
                    "#cobblemon:is_freezing"
                ]
            }
        },
        {
            "id": "shedinja-2",
            "pokemon": "shedinja",
            "type": "pokemon",
            "context": "grounded",
            "bucket": "rare",
            "level": "45-50",
            "weight": 8.0,
            "condition": {
                "canSeeSky": true,
                "biomes": [
                    "#aether:ultracold"
                ]
            }
        }
    ]
}