{
    "enabled": "true",
    "neededInstalledMods": [],
    "neededUninstalledMods": [],
    "spawns": [
        {
            "id": "whismur-1",
            "pokemon": "whismur",
            "presets": [
                "natural"
            ],
            "type": "pokemon",
            "context": "grounded",
            "bucket": "uncommon",
            "level": "1-24",
            "weight": 9.0,
            "condition": {
                "canSeeSky": false,
                "biomes": [
                    "#cobblemon:is_deep_dark"
                ]
            }
        },
		{
            "id": "whismur-2",
            "pokemon": "whismur",
            "presets": [
                "natural"
            ],
            "type": "pokemon",
            "context": "grounded",
            "bucket": "common",
            "level": "1-24",
            "weight": 1.8,
            "condition": {
                "canSeeSky": false,
                "biomes": [
                    "#cobblemon:is_overworld"
                ],
				"maxY": 0
            },
            "anticondition": {
                "biomes": [
                    "#cobblemon:is_deep_dark"
                ]
			}
        },
        {
            "id": "whismur-3",
            "pokemon": "whismur",
            "type": "pokemon",
            "context": "grounded",
            "bucket": "common",
            "level": "17-19",
            "weight": 10.0,
            "condition": {
                "canSeeSky": false,
                "biomes": [
                    "#aether:ultracold"
                ]
            },
            "anticondition": {
                "structures": [
                    "#aether:dungeons"
                ]
			}
        }
    ]
}