{
    "enabled": "true",
    "neededInstalledMods": [],
    "neededUninstalledMods": [],
    "spawns": [
        {
            "id": "baltoy-1",
            "pokemon": "baltoy",
            "presets": [
                "natural"
            ],
            "type": "pokemon",
            "context": "grounded",
            "bucket": "uncommon",
            "level": "5-30",
            "weight": 5.4,
            "condition": {
                "canSeeSky": false,
                "biomes": [
                    "#cobblemon:is_sandy"
                ],
				"minY": 0
            },
            "anticondition": {
                "biomes": [
                    "#cobblemon:is_deep_dark"
                ]
            }
        },
		{
            "id": "baltoy-2",
            "pokemon": "baltoy",
            "presets": [
                "natural",
				"desert_pyramid"
            ],
            "type": "pokemon",
            "context": "grounded",
            "bucket": "common",
            "level": "5-30",
            "weight": 54.0,
            "condition": {
                "canSeeSky": false,
                "biomes": [
                    "#cobblemon:is_overworld"
                ]
            }
        },
		{
            "id": "baltoy-3",
            "pokemon": "baltoy",
            "type": "pokemon",
            "context": "grounded",
            "bucket": "common",
            "level": "5-30",
            "weight": 5.4,
            "condition": {
                "biomes": [
                    "the_bumblezone:howling_constructs"
                ]
            },
            "anticondition": {
                "structures": [
					"#the_bumblezone:sempiternal_sanctums"
				]
            }
        },
        {
            "id": "baltoy-4",
            "pokemon": "baltoy",
            "type": "pokemon",
            "context": "grounded",
            "bucket": "common",
            "level": "20-30",
            "weight": 9.0,
            "condition": {
                "canSeeSky":true,
                "biomes": [
                    "#aether:ultracold"
                ]
            }
        },
        {
            "id": "baltoy-5",
            "pokemon": "baltoy",
            "presets": [
                "aether_bronze_dungeon",
				"aether_silver_dungeon"
            ],
            "type": "pokemon",
            "context": "grounded",
            "bucket": "common",
            "level": "20-30",
            "weight": 5.0,
            "condition": {
                "canSeeSky":false,
                "structures": [
                    "#aether:dungeons"
                ]
            }
        }
    ]
}