{
    "enabled": "true",
    "neededInstalledMods": [],
    "neededUninstalledMods": [],
    "spawns": [
        {
            "id": "beldum-1",
            "pokemon": "beldum",
            "presets": [
                "natural"
            ],
            "type": "pokemon",
            "context": "grounded",
            "bucket": "rare",
            "level": "5-30",
            "weight": 9.0,
            "condition": {
                "biomes": [
                    "#cobblemon:is_dripstone",
                    "#cobblemon:is_peak"
                ]
            }
        },
        {
            "id": "beldum-2",
            "pokemon": "beldum",
            "presets": [
                "natural"
            ],
            "type": "pokemon",
            "context": "grounded",
            "bucket": "rare",
            "level": "5-30",
            "weight": 9.0,
            "condition": {
                "biomes": [
                    "#minecraft:is_end"
                ]
            }
        },
        {
            "id": "beldum-3",
            "pokemon": "beldum",
            "type": "pokemon",
            "context": "grounded",
            "bucket": "rare",
            "level": "5-30",
            "weight": 9.0,
            "condition": {
                "biomes": [
                    "the_bumblezone:howling_constructs"
                ]
            },
            "anticondition": {
                "structures": [
					"#the_bumblezone:sempiternal_sanctums"
				]
            }
        },
        {
            "id": "beldum-4",
            "pokemon": "beldum",
            "presets": [
                "aether_bronze_dungeon"
            ],
            "type": "pokemon",
            "context": "grounded",
            "bucket": "common",
            "level": "23-25",
            "weight": 60.0,
            "condition": {
                "canSeeSky": false,
                "biomes": [
                    "#aether:ultracold",
                    "aether:skyroot_meadow",
                    "aether:skyroot_forest",
                    "aether:skyroot_woodland",
                    "aether:skyroot_grove"
                ],
                "structures": [
                    "aether:bronze_dungeon",
                    "#aether:dungeons"
                ]
            }
        }
    ]
}