{
    "enabled": "true",
    "neededInstalledMods": [],
    "neededUninstalledMods": [],
    "spawns": [
        {
            "id": "metang-1",
            "pokemon": "metang",
            "presets": [
                "natural"
            ],
            "type": "pokemon",
            "context": "grounded",
            "bucket": "rare",
            "level": "20-44",
            "weight": 0.9,
            "condition": {
                "biomes": [
                    "#cobblemon:is_dripstone",
                    "#cobblemon:is_peak"
                ]
            }
        },
        {
            "id": "metang-2",
            "pokemon": "metang",
            "presets": [
                "natural"
            ],
            "type": "pokemon",
            "context": "grounded",
            "bucket": "rare",
            "level": "20-44",
            "weight": 0.9,
            "condition": {
                "biomes": [
                    "#minecraft:is_end"
                ]
            }
        },
        {
            "id": "metang-3",
            "pokemon": "metang",
            "type": "pokemon",
            "context": "grounded",
            "bucket": "rare",
            "level": "20-44",
            "weight": 0.9,
            "condition": {
                "biomes": [
                    "the_bumblezone:howling_constructs"
                ]
            },
            "anticondition": {
                "structures": [
					"#the_bumblezone:sempiternal_sanctums"
				]
            }
        },
        {
            "id": "metang-4",
            "pokemon": "metang",
            "presets": [
                "aether_bronze_dungeon"
            ],
            "type": "pokemon",
            "context": "grounded",
            "bucket": "uncommon",
            "level": "45",
            "weight": 10.0,
            "condition": {
                "canSeeSky": false,
                "biomes": [
                    "#aether:ultracold",
                    "#aether:has_bronze_dungeon"
                ],
                "structure": [
                    "aether:bronze_dungeon",
                    "#aether:dungeons"
                ]
            }
        }
    ]
}