{
    "enabled": true,
    "neededInstalledMods": [],
    "neededUninstalledMods": [],
    "spawns": [
        {
            "id": "piplup-1",
            "pokemon": "piplup",
            "presets": [
                "natural"
            ],
            "type": "pokemon",
            "context": "grounded",
            "bucket": "ultra-rare",
            "level": "5-31",
            "weight": 9.0,
            "condition": {
                "canSeeSky": true,
                "biomes": [
                    "#cobblemon:is_frozen_ocean"
                ]
            }
        },
        {
            "id": "piplup-2",
            "pokemon": "piplup",
            "presets": [
                "underwater"
            ],
            "type": "pokemon",
            "context": "submerged",
            "bucket": "ultra-rare",
            "level": "5-31",
            "weight": 9.0,
            "condition": {
                "canSeeSky": true,
                "biomes": [
                    "#cobblemon:is_frozen_ocean"
                ]
            }
        },
        {
            "id": "piplup-3",
            "pokemon": "piplup",
            "type": "pokemon",
            "context": "grounded",
            "bucket": "ultra-rare",
            "level": "5",
            "weight": 10.0,
            "condition": {
                "canSeeSky":true,
                "biomes": [
                    "#aether:ultracold",
                    "aether:skyroot_meadow"
                ]
            }
        }
    ]
}