{
    "enabled": "true",
    "neededInstalledMods": [],
    "neededUninstalledMods": [],
    "spawns": [
        {
            "id": "chingling-1",
            "pokemon": "chingling",
            "presets": [
                "natural"
            ],
            "type": "pokemon",
            "context": "grounded",
            "bucket": "uncommon",
            "level": "4-29",
            "weight": 1.8,
            "condition": {
                "canSeeSky": true,
                "biomes": [
                    "#cobblemon:is_forest",
                    "#cobblemon:is_mountain",
                    "#cobblemon:is_spooky",
                    "#cobblemon:is_taiga"
                ],
                "timeRange": "night"
            }
        },
        {
            "id": "chingling-2",
            "pokemon": "chingling",
            "presets": [
                "natural"
            ],
            "type": "pokemon",
            "context": "grounded",
            "bucket": "uncommon",
            "level": "4-29",
            "weight": 5.4,
            "condition": {
                "canSeeSky": true,
                "biomes": [
                    "#cobblemon:is_magical"
                ],
                "timeRange": "night"
            }
        },
        {
            "id": "chingling-3",
            "pokemon": "chingling",
            "type": "pokemon",
            "context": "grounded",
            "bucket": "common",
            "level": "10-12",
            "weight": 10.0,
            "condition": {
                "canSeeSky": true,
                "biomes": [
                    "#aether:ultracold"
                ]
            },
            "anticondition": {
                "neededBaseBlocks": [
                        "aether:locked_angelic_stone"
                    ]
			}
        }
    ]
}