{
    "enabled": "true",
    "neededInstalledMods": [],
    "neededUninstalledMods": [],
    "spawns": [
        {
            "id": "spiritomb-1",
            "pokemon": "spiritomb",
			"presets": [
                "ancient_city"
            ],
            "type": "pokemon",
            "context": "grounded",
            "bucket": "uncommon",
            "level": "24-49",
            "weight": 6.0,
            "condition": {
                "canSeeSky": false,
                "biomes": [
                    "#cobblemon:is_deep_dark"
                ]
            }
        },
		{
            "id": "spiritomb-2",
            "pokemon": "spiritomb",
			"presets": [
                "trail_ruins"
            ],
            "type": "pokemon",
            "context": "grounded",
            "bucket": "uncommon",
            "level": "24-49",
            "weight": 100.0,
            "condition": {
                "biomes": [
                    "#cobblemon:is_overworld"
                ]
            }
        },
		{
            "id": "spiritomb-3",
            "pokemon": "spiritomb",
			"presets": [
                "natural",
				"desert_pyramid",
				"jungle_pyramid"
            ],
            "type": "pokemon",
            "context": "grounded",
            "bucket": "rare",
            "level": "24-49",
            "weight": 100.0,
            "condition": {
                "canSeeSky": false,
                "biomes": [
                    "#cobblemon:is_overworld"
                ]
            }
        },
		{
            "id": "spiritomb-4",
            "pokemon": "spiritomb",
            "type": "pokemon",
            "context": "grounded",
            "bucket": "rare",
            "level": "24-49",
            "weight": 10.0,
            "condition": {
                "biomes": [
                    "the_bumblezone:howling_constructs"
                ]
            },
            "anticondition": {
                "structures": [
					"#the_bumblezone:sempiternal_sanctums"
				]
            }
        },
        {
            "id": "spiritomb-5",
            "pokemon": "spiritomb",
            "type": "pokemon",
            "context": "grounded",
            "bucket": "rare",
            "level": "50",
            "weight": 1.0,
            "condition": {
                "canSeeSky": false,
                "biomes": [
                    "#aether:ultracold"
                ]   
        }
    }
    ]
}