{
    "enabled": "true",
    "neededInstalledMods": [],
    "neededUninstalledMods": [],
    "spawns": [
        {
            "id": "riolu-1",
            "pokemon": "riolu",
            "presets": [
                "natural",
				"wild"
            ],
            "type": "pokemon",
            "context": "grounded",
            "bucket": "rare",
            "level": "4-29",
            "weight": 9.0,
			"weightMultiplier": {
				"multiplier": 0.25,
				"condition": {
					"timeRange": "night"
				}
			},
            "condition": {
                "canSeeSky": true,
                "biomes": [
                    "#cobblemon:is_mountain"
                ]
            }
        },
        {
            "id": "riolu-2",
            "pokemon": "riolu",
            "type": "pokemon",
            "context": "grounded",
            "bucket": "common",
            "level": "15-18",
            "weight": 5.6,
            "condition": {
                "canSeeSky": true,
                "biomes": [
                    "#aether:ultracold"
                ]
            },
            "anticondition": {
                "neededBaseBlocks": [
                    "aether:locked_angelic_stone"
                ]
            }
        }
    ]
}