{
    "enabled": "true",
    "neededInstalledMods": [],
    "neededUninstalledMods": [],
    "spawns": [
        {
            "id": "lucario-1",
            "pokemon": "lucario",
            "presets": [
                "natural",
				"wild"
            ],
            "type": "pokemon",
            "context": "grounded",
            "bucket": "rare",
            "level": "24-53",
            "weight": 1.0,
			"weightMultiplier": {
				"multiplier": 0.25,
				"condition": {
					"timeRange": "night"
				}
			},
            "condition": {
                "canSeeSky": true,
                "biomes": [
                    "#cobblemon:is_mountain"
                ]
            }
        },
        {
            "id": "lucario-2",
            "pokemon": "lucario",
            "type": "pokemon",
            "context": "grounded",
            "bucket": "uncommon",
            "level": "50-60",
            "weight": 9.0,
            "condition": {
                "canSeeSky": true,
                "biomes": [
                    "#aether:ultracold"
                ]
            }
        }
    ]
}