{
    "enabled": true,
    "neededInstalledMods": [],
    "neededUninstalledMods": [],
    "spawns": [
        {
            "id": "porygonz-1",
            "pokemon": "porygonz",
            "type": "pokemon",
            "context": "grounded",
            "bucket": "uncommon",
            "level": "47-54",
            "weight": 0.1,
            "condition": {
                "biomes": [
                    "#cobblemon:is_overworld"
                ],
				"neededNearbyBlocks": [
                    "cobblemon:pc"
                ]
            }
        },
        {
            "id": "porygonz-2",
            "pokemon": "porygonz",
            "type": "pokemon",
            "context": "grounded",
            "bucket": "ultra-rare",
            "level": "50",
            "weight": 0.1,
            "condition": {
                "biomes": [
                    "#aether:ultracold"
                ],
				"neededNearbyBlocks": [
                    "aether:sentry_stone"
                ]
            }
        }
    ]
}