{
    "enabled": "true",
    "neededInstalledMods": [],
    "neededUninstalledMods": [],
    "spawns": [
        {
            "id": "gallade-1",
            "pokemon": "gallade",
            "presets": [
                "natural"
            ],
            "type": "pokemon",
            "context": "grounded",
            "bucket": "rare",
            "level": "30-52",
            "weight": 0.05,
            "condition": {
                "canSeeSky": true,
                "biomes": [
                    "#cobblemon:is_floral",
                    "#cobblemon:is_magical",
                    "#cobblemon:is_snowy_forest"
                ]
            }
        },
        {
            "id": "gallade-2",
            "pokemon": "gallade",
            "presets": [
                "natural",
                "urban"
            ],
            "type": "pokemon",
            "context": "grounded",
            "bucket": "rare",
            "level": "30-52",
            "weight": 0.01,
            "condition": {
                "canSeeSky": true,
                "biomes": [
                    "#cobblemon:is_overworld"
                ]
            },
            "anticondition": {
                "structures": [
                    "#minecraft:village"
                ]
            }
        },
        {
            "id": "gallade-3",
            "pokemon": "gallade",
            "presets": [
                "natural",
				"village"
            ],
            "type": "pokemon",
            "context": "grounded",
            "bucket": "rare",
            "level": "30-52",
            "weight": 0.01,
            "condition": {
                "canSeeSky": true,
                "biomes": [
                    "#cobblemon:is_overworld"
                ]
            }
        },
        {
            "id": "gallade-4",
            "pokemon": "gallade",
            "presets": [
                "mansion"
            ],
            "type": "pokemon",
            "context": "grounded",
            "bucket": "common",
            "level": "30-52",
            "weight": 0.01,
            "condition": {
                "canSeeSky": false,
                "biomes": [
                    "#cobblemon:is_overworld"
                ]
            }
        },
        {
            "id": "gallade-5",
            "pokemon": "gallade",
            "presets": [
                "aether_silver_dungeon"
            ],
            "type": "pokemon",
            "context": "grounded",
            "bucket": "rare",
            "level": "60",
            "weight": 9.0,
            "condition": {
                "canSeeSky": false,
                "biomes": [
                    "#aether:ultracold"    
                ],
                "structures": [
                    "#aether:dungeons"
                ]
            }
        }
    ]
}