{
    "enabled": true,
    "neededInstalledMods": [],
    "neededUninstalledMods": [],
    "spawns": [
        {
            "id": "probopass-1",
            "pokemon": "probopass",
            "presets": [
                "natural"
            ],
            "type": "pokemon",
            "context": "grounded",
            "bucket": "uncommon",
            "level": "33-53",
            "weight": 0.6,
            "condition": {
                "canSeeSky": false,
                "biomes": [
                    "#cobblemon:is_overworld"
                ]
            },
            "anticondition": {
                "biomes": [
                    "#cobblemon:is_deep_dark"
                ]
            }
        },
        {
            "id": "probopass-2",
            "pokemon": "probopass",
            "type": "pokemon",
            "context": "grounded",
            "bucket": "rare",
            "level": "33-53",
            "weight": 4.0,
            "condition": {
                "biomes": [
                    "#aether:ultracold"
                ],
                "neededBaseBlocks": [
                    "aether:carved_stone",
                    "aether:sentry_stone"
                ]
            }
        }
    ]
}