{
    "enabled": "true",
    "neededInstalledMods": [],
    "neededUninstalledMods": [],
    "spawns": [
        {
            "id": "cottonee-1",
            "pokemon": "cottonee",
            "presets": [
                "natural"
            ],
            "type": "pokemon",
            "context": "grounded",
            "bucket": "common",
            "level": "3-28",
            "weight": 5.4,
            "weightMultiplier": {
                "multiplier": 0.25,
                "condition": {
                    "timeRange": "night"
                }
            },
            "condition": {
                "canSeeSky": true,
                "biomes": [
                    "#cobblemon:is_plains"
                ],
                "isRaining": false
            }
        },
        {
            "id": "cottonee-2",
            "pokemon": "cottonee",
            "type": "pokemon",
            "context": "grounded",
            "bucket": "common",
            "level": "20-24",
            "weight": 9.0,
            "condition": {
                "canSeeSky": true,
                "biomes": [
                    "#aether:ultracold"
                ]
            },
            "anticondition": {
                "structures": [
                "#aether:dungeons",
                "aether:bronze_dungeon",
                "aether:silver_dungeon"
                ]
            }
        }
    ]
}