{
    "enabled": "true",
    "neededInstalledMods": [],
    "neededUninstalledMods": [],
    "spawns": [
        {
            "id": "whimsicott-1",
            "pokemon": "whimsicott",
            "presets": [
                "natural"
            ],
            "type": "pokemon",
            "context": "grounded",
            "bucket": "common",
            "level": "23-48",
            "weight": 0.6,
            "weightMultiplier": {
                "multiplier": 0.25,
                "condition": {
                    "timeRange": "night"
                }
            },
            "condition": {
                "canSeeSky": true,
                "biomes": [
                    "#cobblemon:is_plains"
                ],
                "isRaining": false
            }
        },
        {
            "id": "whimsicott-2",
            "pokemon": "whimsicott",
            "type": "pokemon",
            "context": "grounded",
            "bucket": "uncommon",
            "level": "35-40",
            "weight": 10.0,
            "condition": {
                "canSeeSky": true,
                "biomes": [
                    "#aether:ultracold",
                    "aether:skyroot_forest",
                    "aether:skyroot_meadow",
                    "aether:skyroot_grove"
                ]
            },
            "anticondition": {
                "neededBaseBlocks": [
                        "aether:locked_angelic_stone"
                    ]
			}
        }
    ]
}