{
    "enabled": "true",
    "neededInstalledMods": [],
    "neededUninstalledMods": [],
    "spawns": [
        {
            "id": "sigilyph-1",
            "pokemon": "sigilyph",
            "presets": [
                "natural",
				"desert_pyramid",
				"jungle_pyramid"
            ],
            "type": "pokemon",
            "context": "grounded",
            "bucket": "common",
            "level": "24-49",
            "weight": 60.0,
            "condition": {
                "canSeeSky": true,
                "biomes": [
                    "#cobblemon:is_overworld"
                ],
				"structures": [
					"minecraft:desert_well"
				]
            }
        },
		{
            "id": "sigilyph-2",
            "pokemon": "sigilyph",
            "presets": [
                "trail_ruins"
            ],
            "type": "pokemon",
            "context": "grounded",
            "bucket": "common",
            "level": "24-49",
            "weight": 60.0,
            "condition": {
                "canSeeSky": true,
                "biomes": [
                    "#cobblemon:is_overworld"
                ]
            }
        },
		{
            "id": "sigilyph-3",
            "pokemon": "sigilyph",
            "presets": [
                "natural",
				"end_city"
            ],
            "type": "pokemon",
            "context": "grounded",
            "bucket": "uncommon",
            "level": "24-49",
            "weight": 6.0,
            "condition": {
                "biomes": [
                    "#minecraft:is_end"
                ]
            }
        },
		{
            "id": "sigilyph-4",
            "pokemon": "sigilyph",
            "type": "pokemon",
            "context": "grounded",
            "bucket": "common",
            "level": "24-49",
            "weight": 6.0,
            "condition": {
                "biomes": [
                    "the_bumblezone:howling_constructs"
                ]
            },
            "anticondition": {
                "structures": [
					"#the_bumblezone:sempiternal_sanctums"
				]
            }
        },
        {
            "id": "sigilyph-5",
            "pokemon": "sigilyph",
            "type": "pokemon",
            "context": "grounded",
            "bucket": "common",
            "level": "35-40",
            "weight": 3.0,
            "condition": {
                "canSeeSky":true,
                "biomes": [
                    "#aether:ultracold"
                ]
            }
        }
    ]
}