{
    "enabled": "true",
    "neededInstalledMods": [],
    "neededUninstalledMods": [],
    "spawns": [
        {
            "id": "golett-1",
            "pokemon": "golett",
			"presets": [
                "ancient_city"
            ],
            "type": "pokemon",
            "context": "grounded",
            "bucket": "uncommon",
            "level": "5-30",
            "weight": 9.0,
            "condition": {
                "canSeeSky": false,
                "biomes": [
                    "#cobblemon:is_deep_dark"
                ]
            }
        },
		{
            "id": "golett-2",
            "pokemon": "golett",
			"presets": [
                "trail_ruins"
            ],
            "type": "pokemon",
            "context": "grounded",
            "bucket": "common",
            "level": "5-30",
            "weight": 18.0,
            "condition": {
                "biomes": [
                    "#cobblemon:is_overworld"
                ]
            }
        },
		{
            "id": "golett-3",
            "pokemon": "golett",
			"presets": [
                "natural",
				"desert_pyramid",
				"jungle_pyramid"
            ],
            "type": "pokemon",
            "context": "grounded",
            "bucket": "common",
            "level": "5-30",
            "weight": 18.0,
            "condition": {
                "biomes": [
                    "#cobblemon:is_overworld"
                ]
            }
        },
		{
            "id": "golett-4",
            "pokemon": "golett",
            "type": "pokemon",
            "context": "grounded",
            "bucket": "common",
            "level": "5-30",
            "weight": 5.4,
            "condition": {
                "biomes": [
                    "the_bumblezone:howling_constructs"
                ]
            },
            "anticondition": {
                "structures": [
					"#the_bumblezone:sempiternal_sanctums"
				]
            }
        },
        {
            "id": "golett-5",
            "pokemon": "golett",
            "presets": [
                "aether_bronze_dungeon"
            ],
            "type": "pokemon",
            "context": "grounded",
            "bucket": "common",
            "level": "23-25",
            "weight": 60.0,
            "condition": {
                "canSeeSky": false,
                "biomes": [
                    "#aether:ultracold",
                    "aether:skyroot_meadow",
                    "aether:skyroot_forest",
                    "aether:skyroot_woodland",
                    "aether:skyroot_grove"
                ],
                "structures": [
                    "aether:bronze_dungeon",
                    "#aether:dungeons"
                ]
            }
        }
    ]
}