{
    "enabled": "true",
    "neededInstalledMods": [],
    "neededUninstalledMods": [],
    "spawns": [
        {
            "id": "doublade-1",
            "pokemon": "doublade",
			"presets": [
                "natural",
                "nether_structures"
            ],
            "type": "pokemon",
            "context": "grounded",
            "bucket": "uncommon",
            "level": "35-45",
            "weight": 9.0,
            "condition": {
                "biomes": [
                    "#minecraft:is_nether"
                ]
            }
        },
        {
            "id": "doublade-2",
            "pokemon": "doublade",
            "type": "pokemon",
            "context": "grounded",
            "bucket": "uncommon",
            "level": "35-45",
            "weight": 0.9,
            "condition": {
                "canSeeSky": false,
                "biomes": [
                    "#cobblemon:is_overworld"
                ],
                "neededNearbyBlocks": [
                    "minecraft:iron_bars",
                    "minecraft:cracked_stone_bricks",
                    "minecraft:infested_cracked_stone_bricks"
                ]
            }
        },
        {
            "id": "doublade-3",
            "pokemon": "doublade",
            "type": "pokemon",
            "context": "grounded",
            "bucket": "uncommon",
            "level": "36-40",
            "weight": 8.0,
            "condition": {
                "biomes": [
                    "#aether:ultracold",
                    "aether:skyroot_meadow",
                    "aether:skyroot_forest",
                    "aether:skyroot_woodland",
                    "aether:skyroot_grove"
                ]
            },
            "anticondition": {
                "neededNearbyBlocks": [
                    "aether:sentry_stone",
                    "aether:carved_stone"
                ]
            }
        }
    ]
}