{
    "enabled": "true",
    "neededInstalledMods": [],
    "neededUninstalledMods": [],
    "spawns": [
        {
            "id": "aegislash-1",
            "pokemon": "aegislash",
			"presets": [
                "natural",
                "nether_structures"
            ],
            "type": "pokemon",
            "context": "grounded",
            "bucket": "uncommon",
            "level": "40-50",
            "weight": 1.0,
            "condition": {
                "biomes": [
                    "#minecraft:is_nether"
                ]
            }
        },
        {
            "id": "aegislash-2",
            "pokemon": "aegislash",
            "type": "pokemon",
            "context": "grounded",
            "bucket": "uncommon",
            "level": "40-50",
            "weight": 0.1,
            "condition": {
                "canSeeSky": false,
                "biomes": [
                    "#cobblemon:is_overworld"
                ],
                "neededNearbyBlocks": [
                    "minecraft:iron_bars",
                    "minecraft:cracked_stone_bricks",
                    "minecraft:infested_cracked_stone_bricks"
                ]
            }
        },
        {
            "id": "aegislash-3",
            "pokemon": "aegislash",
            "presets": [
                "aether_silver_dungeon"
            ],
            "type": "pokemon",
            "context": "grounded",
            "bucket": "rare",
            "level": "55-58",
            "weight": 2.0,
            "condition": {
                "canSeeSky": false,
                "biomes": [
                    "#aether:has_silver_dungeon"    
                ],
                "structures": [
                    "aether:silver_dungeon",
                    "#aether:dungeons"
                ]
            }
        }
    ]
}