{
    "enabled": "true",
    "neededInstalledMods": [],
    "neededUninstalledMods": [],
    "spawns": [
        {
            "id": "corvisquire-1",
            "pokemon": "corvisquire",
            "presets": [
                "natural",
                "treetop"
            ],
            "type": "pokemon",
            "context": "grounded",
            "bucket": "common",
            "level": "18-37",
            "weight": 0.9,
            "condition": {
                "canSeeSky": true,
                "biomes": [
                    "#cobblemon:is_hills",
                    "#cobblemon:is_sky",
                    "#cobblemon:is_spooky",
                    "#cobblemon:is_taiga"
                ],
                "timeRange": "day"
            },
            "anticondition": {
                "biomes": [
                    "#cobblemon:is_arid"
                ]
            }
        },
        {
            "id": "corvisquire-2",
            "pokemon": "corvisquire",
            "type": "pokemon",
            "context": "grounded",
            "bucket": "common",
            "level": "22-34",
            "weight": 8.0,
            "condition": {
                "canSeeSky": true,
                "biomes": [
                    "#aether:ultracold",
                    "aether:skyroot_meadow",
                    "aether:skyroot_forest",
                    "aether:skyroot_woodland",
                    "aether:skyroot_grove"
                ]
            }
        }
    ]
}