{
    "enabled": "true",
    "neededInstalledMods": [],
    "neededUninstalledMods": [],
    "spawns": [
        {
            "id": "corviknight-1",
            "pokemon": "corviknight",
            "presets": [
                "natural",
                "treetop"
            ],
            "type": "pokemon",
            "context": "grounded",
            "bucket": "common",
            "level": "38-50",
            "weight": 0.1,
            "condition": {
                "canSeeSky": true,
                "biomes": [
                    "#cobblemon:is_hills",
                    "#cobblemon:is_sky",
                    "#cobblemon:is_spooky",
                    "#cobblemon:is_taiga",
                    "#aether:is_aether"
                ],
                "timeRange": "day"
            },
            "anticondition": {
                "biomes": [
                    "#cobblemon:is_arid"
                ]
            }
        },
        {
            "id": "corviknight-2",
            "pokemon": "corviknight",
            "type": "pokemon",
            "context": "grounded",
            "bucket": "uncommon",
            "level": "50",
            "weight": 5.0,
            "condition": {
                "canSeeSky": true,
                "biomes": [
                    "#aether:ultracold"
                ]
            }
        }
    ]
}