{
    "enabled": "true",
    "neededInstalledMods": [],
    "neededUninstalledMods": [],
    "spawns": [
        {
            "id": "sirfetchd-1",
            "pokemon": "sirfetchd",
            "presets": [
                "natural",
				"wild"
            ],
            "type": "pokemon",
            "context": "grounded",
            "bucket": "rare",
            "level": "33-51",
            "weight": 1.0,
            "weightMultiplier": {
                "multiplier": 0.25,
                "condition": {
                    "timeRange": "night"
                }
            },
            "condition": {
                "canSeeSky": true,
                "biomes": [
                    "#cobblemon:is_forest"
                ]
            },
            "anticondition": {
				"neededNearbyBlocks": [
                    "#minecraft:water"
                ]
            }
        },
        {
            "id": "sirfetchd-2",
            "pokemon": "sirfetchd",
            "presets": [
                "aether_silver_dungeon"
            ],
            "type": "pokemon",
            "context": "grounded",
            "bucket": "rare",
            "level": "50",
            "weight": 4.0,
            "condition": {
                "canSeeSky": false,
                "biomes": [
                    "#aether:ultracold"
                ],
                "structures": [
                    "aether:silver_dungeon"
                ]
            }
        }
    ]
}