{
    "enabled": "true",
    "neededInstalledMods": [],
    "neededUninstalledMods": [],
    "spawns": [
        {
            "id": "falinks-1",
            "pokemon": "falinks",
            "presets": [
                "natural"
            ],
            "type": "pokemon",
            "context": "grounded",
            "bucket": "uncommon",
            "level": "22-47",
            "weight": 2.0,
            "weightMultiplier": {
                "multiplier": 0.25,
                "condition": {
                    "timeRange": "night"
                }
            },
            "condition": {
                "canSeeSky": true,
                "biomes": [
                    "#cobblemon:is_badlands"
                ]
            }
        },
        {
            "id": "falinks-2",
            "pokemon": "falinks",
            "presets": [
                "natural",
                "nether_structures"
            ],
            "type": "pokemon",
            "context": "grounded",
            "bucket": "uncommon",
            "level": "22-47",
            "weight": 100.0,
            "condition": {
                "biomes": [
                    "#minecraft:is_nether"
                ]
            }
        },
        {
            "id": "falinks-3",
            "pokemon": "falinks",
            "type": "pokemon",
            "context": "grounded",
            "bucket": "uncommon",
            "level": "22-47",
            "weight": 6.6,
            "condition": {
                "canSeeSky":true,
                "biomes": [
                    "#aether:ultracold"
                ]
            }
        }
    ]
}