{
    "enabled": "true",
    "neededInstalledMods": [],
    "neededUninstalledMods": [],
    "spawns": [
        {
            "id": "wyrdeer-1",
            "pokemon": "wyrdeer",
            "presets": [
                "natural",
				"wild"
            ],
            "type": "pokemon",
            "context": "grounded",
            "bucket": "common",
            "level": "42-53",
            "weight": 0.6,
			"weightMultiplier": {
				"multiplier": 0.25,
				"condition": {
					"timeRange": "night"
				}
			},
            "condition": {
                "canSeeSky": true,
                "biomes": [
                    "#cobblemon:is_snowy_forest",
                    "#cobblemon:is_tundra"
                ]
            }
        },
        {
            "id": "wyrdeer-2",
            "pokemon": "wyrdeer",
            "type": "pokemon",
            "context": "grounded",
            "bucket": "common",
            "level": "48-50",
            "weight": 1.7,
            "condition": {
                "canSeeSky": true,
                "biomes": [
                    "#aether:ultracold"
                ]
            },
            "anticondition": {
                "neededBaseBlocks": [
                        "aether:locked_angelic_stone"
                    ]
			}
        }
    ]
}