{
    "enabled": "true",
    "neededInstalledMods": [],
    "neededUninstalledMods": [],
    "spawns": [
        {
            "id": "charcadet-1",
            "pokemon": "charcadet",
            "presets": [
                "natural",
                "nether_structures"
            ],
            "type": "pokemon",
            "context": "grounded",
            "bucket": "common",
            "level": "1-26",
            "weight": 90.0,
            "condition": {
                "biomes": [
                    "#minecraft:is_nether"
                ]
            },
			"drops": {
				"amount": "1",
				"entries": [
					{
					"item": "minecraft:blaze_rod",
					"percentage": 50
					}
				]
			}
        },
        {
            "id": "charcadet-2",
            "pokemon": "charcadet",
            "presets": [
                "ruined_portal"
            ],
            "type": "pokemon",
            "context": "grounded",
            "bucket": "uncommon",
            "level": "1-26",
            "weight": 18.0,
            "condition": {
                "biomes": [
                    "#cobblemon:is_overworld"
                ]
            },
			"drops": {
				"amount": "1",
				"entries": [
					{
					"item": "minecraft:charcoal",
					"percentage": 50
					}
				]
			}
        },
        {
            "id": "charcadet-3",
            "pokemon": "charcadet",
            "type": "pokemon",
            "context": "grounded",
            "bucket": "common",
            "level": "16-23",
            "weight": 5.0,
            "condition": {
                "biomes": [
                    "#aether:ultracold"
                ],
                "structures": [
                    "aether:silver_dungeon",
                    "aether:gold_dungeon"
                ]
            }
        }
    ]
}