{
    "enabled": "true",
    "neededInstalledMods": [],
    "neededUninstalledMods": [],
    "spawns": [
        {
            "id": "armarouge-1",
            "pokemon": "armarouge",
            "type": "pokemon",
            "context": "grounded",
            "bucket": "common",
            "level": "21-53",
            "weight": 5.0,
            "condition": {
                "biomes": [
                    "#minecraft:is_nether",
                    "minecraft:crimson_forest",
                    "minecraft:basalt_deltas",
                    "minecraft:warped_forest",
                    "minecraft:soul_sand_valley",
                    "minecraft:nether_wastes"
                ]
            },
			"drops": {
				"amount": "1",
				"entries": [
					{
					"item": "minecraft:blaze_rod",
					"quantityRange": "1-2",
					"percentage": 66
					}
				]
			}
        },
        {
            "id": "armarouge-2",
            "pokemon": "armarouge",
            "presets": [
                "ruined_portal"
            ],
            "type": "pokemon",
            "context": "grounded",
            "bucket": "uncommon",
            "level": "21-53",
            "weight": 1.0,
            "condition": {
                "biomes": [
                    "#cobblemon:is_overworld"
                ]
            },
			"drops": {
				"amount": "1",
				"entries": [
					{
					"item": "minecraft:charcoal",
					"quantityRange": "1-2",
					"percentage": 66
					}
				]
			}
        },
        {
            "id": "armarouge-3",
            "pokemon": "armarouge",
            "type": "pokemon",
            "context": "grounded",
            "bucket": "uncommon",
            "level": "45-50",
            "weight": 1.0,
            "condition": {
                "biomes": [
                    "#aether:ultracold"
                ],
                "structures": [
                    "#aether:dungeons"
                ]
            }
        }
    ]
}