{
    "enabled": "true",
    "neededInstalledMods": [],
    "neededUninstalledMods": [],
    "spawns": [
        {
            "id": "flittle-1",
            "pokemon": "flittle",
            "presets": [
                "natural",
				"wild"
            ],
            "type": "pokemon",
            "context": "grounded",
            "bucket": "uncommon",
            "level": "1-26",
            "weight": 5.4,
            "weightMultiplier": {
                "multiplier": 0.25,
                "condition": {
                    "timeRange": "night"
                }
            },
            "condition": {
                "canSeeSky": true,
                "biomes": [
                    "#cobblemon:is_arid"
                ]
            }
        },
        {
            "id": "flittle-2",
            "pokemon": "flittle",
            "type": "pokemon",
            "context": "grounded",
            "bucket": "common",
            "level": "20-29",
            "weight": 9.0,
            "condition": {
                "canSeeSky": true,
                "biomes": [
                    "#aether:ultracold",
                    "aether:skyroot_meadow",
                    "aether:skyroot_forest",
                    "aether:skyroot_woodland",
                    "aether:skyroot_grove"
                ]
            },
            "anticondition": {
                "structures": [
                "#aether:dungeons",
                "aether:bronze_dungeon",
                "aether:silver_dungeon"
                ]
            }
        }
    ]
}