{
    "enabled": "true",
    "neededInstalledMods": [],
    "neededUninstalledMods": [],
    "spawns": [
        {
            "id": "tinkatink-1",
            "pokemon": "tinkatink",
            "presets": [
                "natural",
				"wild"
            ],
            "type": "pokemon",
            "context": "grounded",
            "bucket": "rare",
            "level": "5-30",
            "weight": 9.0,
            "condition": {
                "canSeeSky": true,
                "biomes": [
                    "#cobblemon:is_hills"
                ]
            }
        },
        {
            "id": "tinkatink-2",
            "pokemon": "tinkatink",
            "type": "pokemon",
            "context": "grounded",
            "bucket": "common",
            "level": "10-30",
            "weight": 3.0,
            "condition": {
                "canSeeSky": true,
                "biomes": [
                    "#aether:ultracold"
                ]
            },
            "anticondition": {
                "neededBaseBlocks": [
                    "aether:locked_angelic_stone"
                ]
            }
        }
    ]
}