{
    "enabled": "true",
    "neededInstalledMods": [],
    "neededUninstalledMods": [],
    "spawns": [
        {
            "id": "tinkatuff-1",
            "pokemon": "tinkatuff",
            "presets": [
                "natural",
				"wild"
            ],
            "type": "pokemon",
            "context": "grounded",
            "bucket": "rare",
            "level": "24-38",
            "weight": 0.9,
            "condition": {
                "canSeeSky": true,
                "biomes": [
                    "#cobblemon:is_hills"
                ]
            }
        },
        {
            "id": "tinkatuff-2",
            "pokemon": "tinkatuff",
            "type": "pokemon",
            "context": "grounded",
            "bucket": "uncommon",
            "level": "34-45",
            "weight": 7.0,
            "condition": {
                "canSeeSky": true,
                "biomes": [
                    "#aether:ultracold"
                ]
            },
            "anticondition": {
                "neededBaseBlocks": [
                    "aether:locked_angelic_stone"
                ]
            }
        }
    ]
}