{
    "enabled": "true",
    "neededInstalledMods": [],
    "neededUninstalledMods": [],
    "spawns": [
        {
            "id": "tinkaton-1",
            "pokemon": "tinkaton",
            "presets": [
                "natural",
				"wild"
            ],
            "type": "pokemon",
            "context": "grounded",
            "bucket": "rare",
            "level": "38-51",
            "weight": 0.1,
            "condition": {
                "canSeeSky": true,
                "biomes": [
                    "#cobblemon:is_hills"
                ]
            }
        },
        {
            "id": "tinkaton-2",
            "pokemon": "tinkaton",
            "type": "pokemon",
            "context": "grounded",
            "bucket": "rare",
            "level": "53-60",
            "weight": 10.0,
            "condition": {
                "canSeeSky": true,
                "biomes": [
                    "#aether:ultracold"
                ]
            },
            "anticondition": {
                "neededBaseBlocks": [
                    "aether:locked_angelic_stone"
                ]
            }
        }
    ]
}