{
    "enabled": "true",
    "neededInstalledMods": [],
    "neededUninstalledMods": [],
    "spawns": [
        {
            "id": "glimmet-1",
            "pokemon": "glimmet",
            "presets": [
                "natural"
            ],
            "type": "pokemon",
            "context": "grounded",
            "bucket": "common",
            "level": "10-35",
            "weight": 1.8,
            "condition": {
                "biomes": [
                    "#cobblemon:is_nether_quartz"
                ],
				"neededBaseBlocks": [
					"minecraft:quartz_block"
				]
            }
        },
        {
            "id": "glimmet-2",
            "pokemon": "glimmet",
            "presets": [
                "natural",
                "gemstones"
            ],
            "type": "pokemon",
            "context": "grounded",
            "bucket": "common",
            "level": "10-35",
            "weight": 9.0,
            "condition": {
                "canSeeSky": false,
                "biomes": [
                    "#cobblemon:is_overworld"
                ]
            }
        },
        {
            "id": "glimmet-3",
            "pokemon": "glimmet",
            "type": "pokemon",
            "context": "grounded",
            "bucket": "uncommon",
            "level": "30-35",
            "weight": 10.0,
            "condition": {
                "biomes": [
                    "#aether:ultracold"
                ]
            },
            "anticondition": {
                "structures": [
                    "#aether:dungeons",
                    "aether:silver_dungeon"
                ],
                "neededBaseBlocks": [
                        "aether:locked_angelic_stone"
                    ]
			}
        }
    ]
}