{
    "enabled": "true",
    "neededInstalledMods": [],
    "neededUninstalledMods": [],
    "spawns": [
        {
            "id": "glimmora-1",
            "pokemon": "glimmora",
            "presets": [
                "natural"
            ],
            "type": "pokemon",
            "context": "grounded",
            "bucket": "common",
            "level": "35-53",
            "weight": 0.2,
            "condition": {
                "biomes": [
                    "#cobblemon:is_nether_quartz"
                ],
				"neededBaseBlocks": [
					"minecraft:quartz_block"
				]
            }
        },
        {
            "id": "glimmora-2",
            "pokemon": "glimmora",
            "presets": [
                "natural",
                "gemstones"
            ],
            "type": "pokemon",
            "context": "grounded",
            "bucket": "common",
            "level": "35-53",
            "weight": 1.0,
            "condition": {
                "canSeeSky": false,
                "biomes": [
                    "#cobblemon:is_overworld"
                ]
            }
        },
        {
            "id": "glimmora-3",
            "pokemon": "glimmora",
            "type": "pokemon",
            "context": "grounded",
            "bucket": "uncommon",
            "level": "55-56",
            "weight": 4.0,
            "condition": {
                "canSeeSky": true,
                "biomes": [
                    "#aether:ultracold"
                ]
            }
        }
    ]
}