{
  "species": "cobblemon:electrode",
  "order": 2,
  "variations": [

    {"aspects": ["voltorb-ball-base"],
    "layers": [
        {
        "name": "electrode",
        "texture": "cobblemon:textures/pokemon/0101_electrode/base.png",
        "emissive": false
        }
    ]
    },
    {"aspects": ["voltorb-ball-base", "shiny"],
    "layers": [
        {
        "name": "electrode",
        "texture": "cobblemon:textures/pokemon/0101_electrode/base_shiny.png",
        "emissive": false
        }
    ]
    },
    {"aspects": ["voltorb-ball-beast"],
    "layers": [
        {
        "name": "electrode",
        "texture": "cobblemon:textures/pokemon/0101_electrode/beast.png",
        "emissive": false
        }
    ]
    },
    {"aspects": ["voltorb-ball-beast", "shiny"],
    "layers": [
        {
        "name": "electrode",
        "texture": "cobblemon:textures/pokemon/0101_electrode/beast_shiny.png",
        "emissive": false
        }
    ]
    },
    {"aspects": ["voltorb-ball-cherish"],
    "layers": [
        {
        "name": "electrode",
        "texture": "cobblemon:textures/pokemon/0101_electrode/cherish.png",
        "emissive": false
        }
    ]
    },
    {"aspects": ["voltorb-ball-cherish", "shiny"],
    "layers": [
        {
        "name": "electrode",
        "texture": "cobblemon:textures/pokemon/0101_electrode/cherish_shiny.png",
        "emissive": false
        }
    ]
    },
    {"aspects": ["voltorb-ball-dive"],
    "layers": [
        {
        "name": "electrode",
        "texture": "cobblemon:textures/pokemon/0101_electrode/dive.png",
        "emissive": false
        }
    ]
    },
    {"aspects": ["voltorb-ball-dive", "shiny"],
    "layers": [
        {
        "name": "electrode",
        "texture": "cobblemon:textures/pokemon/0101_electrode/dive_shiny.png",
        "emissive": false
        }
    ]
    },
    {"aspects": ["voltorb-ball-dream"],
    "layers": [
        {
        "name": "electrode",
        "texture": "cobblemon:textures/pokemon/0101_electrode/dream.png",
        "emissive": false
        }
    ]
    },
    {"aspects": ["voltorb-ball-dream", "shiny"],
    "layers": [
        {
        "name": "electrode",
        "texture": "cobblemon:textures/pokemon/0101_electrode/dream_shiny.png",
        "emissive": false
        }
    ]
    },
    {"aspects": ["voltorb-ball-dusk"],
    "layers": [
        {
        "name": "electrode",
        "texture": "cobblemon:textures/pokemon/0101_electrode/dusk.png",
        "emissive": false
        }
    ]
    },
    {"aspects": ["voltorb-ball-dusk", "shiny"],
    "layers": [
        {
        "name": "electrode",
        "texture": "cobblemon:textures/pokemon/0101_electrode/dusk_shiny.png",
        "emissive": false
        }
    ]
    },
    {"aspects": ["voltorb-ball-fast"],
    "layers": [
        {
        "name": "electrode",
        "texture": "cobblemon:textures/pokemon/0101_electrode/fast.png",
        "emissive": false
        }
    ]
    },
    {"aspects": ["voltorb-ball-fast", "shiny"],
    "layers": [
        {
        "name": "electrode",
        "texture": "cobblemon:textures/pokemon/0101_electrode/fast_shiny.png",
        "emissive": false
        }
    ]
    },
    {"aspects": ["voltorb-ball-friend"],
    "layers": [
        {
        "name": "electrode",
        "texture": "cobblemon:textures/pokemon/0101_electrode/friend.png",
        "emissive": false
        }
    ]
    },
    {"aspects": ["voltorb-ball-friend", "shiny"],
    "layers": [
        {
        "name": "electrode",
        "texture": "cobblemon:textures/pokemon/0101_electrode/friend_shiny.png",
        "emissive": false
        }
    ]
    },
    {"aspects": ["voltorb-ball-great"],
    "layers": [
        {
        "name": "electrode",
        "texture": "cobblemon:textures/pokemon/0101_electrode/great.png",
        "emissive": false
        }
    ]
    },
    {"aspects": ["voltorb-ball-great", "shiny"],
    "layers": [
        {
        "name": "electrode",
        "texture": "cobblemon:textures/pokemon/0101_electrode/great_shiny.png",
        "emissive": false
        }
    ]
    },
    {"aspects": ["voltorb-ball-heal"],
    "layers": [
        {
        "name": "electrode",
        "texture": "cobblemon:textures/pokemon/0101_electrode/heal.png",
        "emissive": false
        }
    ]
    },
    {"aspects": ["voltorb-ball-heal", "shiny"],
    "layers": [
        {
        "name": "electrode",
        "texture": "cobblemon:textures/pokemon/0101_electrode/heal_shiny.png",
        "emissive": false
        }
    ]
    },
    {"aspects": ["voltorb-ball-heavy"],
    "layers": [
        {
        "name": "electrode",
        "texture": "cobblemon:textures/pokemon/0101_electrode/heavy.png",
        "emissive": false
        }
    ]
    },
    {"aspects": ["voltorb-ball-heavy", "shiny"],
    "layers": [
        {
        "name": "electrode",
        "texture": "cobblemon:textures/pokemon/0101_electrode/heavy_shiny.png",
        "emissive": false
        }
    ]
    },
    {"aspects": ["voltorb-ball-level"],
    "layers": [
        {
        "name": "electrode",
        "texture": "cobblemon:textures/pokemon/0101_electrode/level.png",
        "emissive": false
        }
    ]
    },
    {"aspects": ["voltorb-ball-level", "shiny"],
    "layers": [
        {
        "name": "electrode",
        "texture": "cobblemon:textures/pokemon/0101_electrode/level_shiny.png",
        "emissive": false
        }
    ]
    },
    {"aspects": ["voltorb-ball-love"],
    "layers": [
        {
        "name": "electrode",
        "texture": "cobblemon:textures/pokemon/0101_electrode/love.png",
        "emissive": false
        }
    ]
    },
    {"aspects": ["voltorb-ball-love", "shiny"],
    "layers": [
        {
        "name": "electrode",
        "texture": "cobblemon:textures/pokemon/0101_electrode/love_shiny.png",
        "emissive": false
        }
    ]
    },
    {"aspects": ["voltorb-ball-lure"],
    "layers": [
        {
        "name": "electrode",
        "texture": "cobblemon:textures/pokemon/0101_electrode/lure.png",
        "emissive": false
        }
    ]
    },
    {"aspects": ["voltorb-ball-lure", "shiny"],
    "layers": [
        {
        "name": "electrode",
        "texture": "cobblemon:textures/pokemon/0101_electrode/lure_shiny.png",
        "emissive": false
        }
    ]
    },
    {"aspects": ["voltorb-ball-luxury"],
    "layers": [
        {
        "name": "electrode",
        "texture": "cobblemon:textures/pokemon/0101_electrode/luxury.png",
        "emissive": false
        }
    ]
    },
    {"aspects": ["voltorb-ball-luxury", "shiny"],
    "layers": [
        {
        "name": "electrode",
        "texture": "cobblemon:textures/pokemon/0101_electrode/luxury_shiny.png",
        "emissive": false
        }
    ]
    },
    {"aspects": ["voltorb-ball-master"],
    "layers": [
        {
        "name": "electrode",
        "texture": "cobblemon:textures/pokemon/0101_electrode/master.png",
        "emissive": false
        }
    ]
    },
    {"aspects": ["voltorb-ball-master", "shiny"],
    "layers": [
        {
        "name": "electrode",
        "texture": "cobblemon:textures/pokemon/0101_electrode/master_shiny.png",
        "emissive": false
        }
    ]
    },
    {"aspects": ["voltorb-ball-moon"],
    "layers": [
        {
        "name": "electrode",
        "texture": "cobblemon:textures/pokemon/0101_electrode/moon.png",
        "emissive": false
        }
    ]
    },
    {"aspects": ["voltorb-ball-moon", "shiny"],
    "layers": [
        {
        "name": "electrode",
        "texture": "cobblemon:textures/pokemon/0101_electrode/moon_shiny.png",
        "emissive": false
        }
    ]
    },
    {"aspects": ["voltorb-ball-nest"],
    "layers": [
        {
        "name": "electrode",
        "texture": "cobblemon:textures/pokemon/0101_electrode/nest.png",
        "emissive": false
        }
    ]
    },
    {"aspects": ["voltorb-ball-nest", "shiny"],
    "layers": [
        {
        "name": "electrode",
        "texture": "cobblemon:textures/pokemon/0101_electrode/nest_shiny.png",
        "emissive": false
        }
    ]
    },
    {"aspects": ["voltorb-ball-net"],
    "layers": [
        {
        "name": "electrode",
        "texture": "cobblemon:textures/pokemon/0101_electrode/net.png",
        "emissive": false
        }
    ]
    },
    {"aspects": ["voltorb-ball-net", "shiny"],
    "layers": [
        {
        "name": "electrode",
        "texture": "cobblemon:textures/pokemon/0101_electrode/net_shiny.png",
        "emissive": false
        }
    ]
    },
    {"aspects": ["voltorb-ball-park"],
    "layers": [
        {
        "name": "electrode",
        "texture": "cobblemon:textures/pokemon/0101_electrode/park.png",
        "emissive": false
        }
    ]
    },
    {"aspects": ["voltorb-ball-park", "shiny"],
    "layers": [
        {
        "name": "electrode",
        "texture": "cobblemon:textures/pokemon/0101_electrode/park_shiny.png",
        "emissive": false
        }
    ]
    },
    {"aspects": ["voltorb-ball-premier"],
    "layers": [
        {
        "name": "electrode",
        "texture": "cobblemon:textures/pokemon/0101_electrode/premier.png",
        "emissive": false
        }
    ]
    },
    {"aspects": ["voltorb-ball-premier", "shiny"],
    "layers": [
        {
        "name": "electrode",
        "texture": "cobblemon:textures/pokemon/0101_electrode/premier_shiny.png",
        "emissive": false
        }
    ]
    },
    {"aspects": ["voltorb-ball-quick"],
    "layers": [
        {
        "name": "electrode",
        "texture": "cobblemon:textures/pokemon/0101_electrode/quick.png",
        "emissive": false
        }
    ]
    },
    {"aspects": ["voltorb-ball-quick", "shiny"],
    "layers": [
        {
        "name": "electrode",
        "texture": "cobblemon:textures/pokemon/0101_electrode/quick_shiny.png",
        "emissive": false
        }
    ]
    },
    {"aspects": ["voltorb-ball-repeat"],
    "layers": [
        {
        "name": "electrode",
        "texture": "cobblemon:textures/pokemon/0101_electrode/repeat.png",
        "emissive": false
        }
    ]
    },
    {"aspects": ["voltorb-ball-repeat", "shiny"],
    "layers": [
        {
        "name": "electrode",
        "texture": "cobblemon:textures/pokemon/0101_electrode/repeat_shiny.png",
        "emissive": false
        }
    ]
    },
    {"aspects": ["voltorb-ball-safari"],
    "layers": [
        {
        "name": "electrode",
        "texture": "cobblemon:textures/pokemon/0101_electrode/safari.png",
        "emissive": false
        }
    ]
    },
    {"aspects": ["voltorb-ball-safari", "shiny"],
    "layers": [
        {
        "name": "electrode",
        "texture": "cobblemon:textures/pokemon/0101_electrode/safari_shiny.png",
        "emissive": false
        }
    ]
    },
    {"aspects": ["voltorb-ball-sport"],
    "layers": [
        {
        "name": "electrode",
        "texture": "cobblemon:textures/pokemon/0101_electrode/sport.png",
        "emissive": false
        }
    ]
    },
    {"aspects": ["voltorb-ball-sport", "shiny"],
    "layers": [
        {
        "name": "electrode",
        "texture": "cobblemon:textures/pokemon/0101_electrode/sport_shiny.png",
        "emissive": false
        }
    ]
    },
    {"aspects": ["voltorb-ball-timer"],
    "layers": [
        {
        "name": "electrode",
        "texture": "cobblemon:textures/pokemon/0101_electrode/timer.png",
        "emissive": false
        }
    ]
    },
    {"aspects": ["voltorb-ball-timer", "shiny"],
    "layers": [
        {
        "name": "electrode",
        "texture": "cobblemon:textures/pokemon/0101_electrode/timer_shiny.png",
        "emissive": false
        }
    ]
    },
    {"aspects": ["voltorb-ball-ultra"],
    "layers": [
        {
        "name": "electrode",
        "texture": "cobblemon:textures/pokemon/0101_electrode/ultra.png",
        "emissive": false
        }
    ]
    },
    {"aspects": ["voltorb-ball-ultra", "shiny"],
    "layers": [
        {
        "name": "electrode",
        "texture": "cobblemon:textures/pokemon/0101_electrode/ultra_shiny.png",
        "emissive": false
        }
    ]
    },
	{"aspects": ["hisuian"],
    "layers": [
        {
        "name": "electrode",
        "texture": "cobblemon:textures/pokemon/none.png"
        }
    ]
    }
  ]
}