{
  "name": "Raikou",
  "nationalPokedexNumber": 243,
  "primaryType": "electric",
  "abilities": [
    "pressure",
    "h:innerfocus"
  ],
  "baseStats": {
    "hp": 90,
    "attack": 85,
    "defence": 75,
    "special_attack": 115,
    "special_defence": 100,
    "speed": 115
  },
  "catchRate": 3,
  "maleRatio": -1,
  "shoulderMountable": false,
  "baseExperienceYield": 290,
  "experienceGroup": "slow",
  "eggCycles": 80,
  "eggGroups": [
    "undiscovered"
  ],
  "moves": [
    "1:charge",
    "1:extremespeed",
    "1:leer",
    "1:quickattack",
    "1:thundershock",
    "6:spark",
    "12:bite",
    "18:calmmind",
    "24:roar",
    "30:thunderfang",
    "36:howl",
    "42:crunch",
    "48:extrasensory",
    "54:discharge",
    "60:reflect",
    "66:raindance",
    "72:thunder",
    "78:zapcannon",
    "tm:agility",
    "tm:aurasphere",
    "tm:bodyslam",
    "tm:bulldoze",
    "tm:calmmind",
    "tm:charge",
    "tm:chargebeam",
    "tm:confide",
    "tm:crunch",
    "tm:cut",
    "tm:dig",
    "tm:doubleedge",
    "tm:doubleteam",
    "tm:eerieimpulse",
    "tm:electricterrain",
    "tm:electroball",
    "tm:electroweb",
    "tm:endure",
    "tm:facade",
    "tm:flash",
    "tm:frustration",
    "tm:gigaimpact",
    "tm:helpinghand",
    "tm:hiddenpower",
    "tm:hyperbeam",
    "tm:ironhead",
    "tm:irontail",
    "tm:lightscreen",
    "tm:mudslap",
    "tm:naturalgift",
    "tm:protect",
    "tm:psychup",
    "tm:quash",
    "tm:raindance",
    "tm:reflect",
    "tm:rest",
    "tm:return",
    "tm:roar",
    "tm:rockclimb",
    "tm:rocksmash",
    "tm:round",
    "tm:sandstorm",
    "tm:scald",
    "tm:scaryface",
    "tm:secretpower",
    "tm:shadowball",
    "tm:shockwave",
    "tm:sleeptalk",
    "tm:snarl",
    "tm:snore",
    "tm:strength",
    "tm:substitute",
    "tm:sunnyday",
    "tm:supercellslam",
    "tm:swagger",
    "tm:swift",
    "tm:takedown",
    "tm:terablast",
    "tm:throatchop",
    "tm:thunder",
    "tm:thunderbolt",
    "tm:thunderfang",
    "tm:thunderwave",
    "tm:toxic",
    "tm:trailblaze",
    "tm:voltswitch",
    "tm:weatherball",
    "tm:wildcharge",
    "tutor:aurasphere",
    "tutor:bite",
    "tutor:bodyslam",
    "tutor:calmmind",
    "tutor:crunch",
    "tutor:curse",
    "tutor:cut",
    "tutor:detect",
    "tutor:dig",
    "tutor:doubleedge",
    "tutor:doubleteam",
    "tutor:endure",
    "tutor:extremespeed",
    "tutor:flash",
    "tutor:frustration",
    "tutor:headbutt",
    "tutor:hiddenpower",
    "tutor:howl",
    "tutor:hyperbeam",
    "tutor:ironhead",
    "tutor:irontail",
    "tutor:laserfocus",
    "tutor:leer",
    "tutor:magnetrise",
    "tutor:mimic",
    "tutor:mudslap",
    "tutor:protect",
    "tutor:psychup",
    "tutor:quickattack",
    "tutor:rest",
    "tutor:return",
    "tutor:risingvoltage",
    "tutor:roar",
    "tutor:rocksmash",
    "tutor:sandstorm",
    "tutor:shockwave",
    "tutor:signalbeam",
    "tutor:sleeptalk",
    "tutor:snore",
    "tutor:spark",
    "tutor:strength",
    "tutor:substitute",
    "tutor:sunnyday",
    "tutor:swagger",
    "tutor:swift",
    "tutor:throatchop",
    "tutor:thunder",
    "tutor:thunderbolt",
    "tutor:thunderfang",
    "tutor:thundershock",
    "tutor:thunderwave",
    "tutor:toxic",
    "tutor:voltswitch",
    "tutor:weatherball",
    "tutor:zapcannon"
  ],
  "labels": [
    "gen2",
    "legendary"
  ],
  "pokedex": [
    "cobblemon.species.raikou.desc"
  ],
  "evolutions": [],
  "baseScale": 0.4,
  "hitbox": {
    "width": 3,
    "height": 3,
    "fixed": false
  },
  "baseFriendship": 35,
  "evYield": {
    "hp": 0,
    "attack": 0,
    "defence": 0,
    "special_attack": 1,
    "special_defence": 0,
    "speed": 2
  },
  "height": 19,
  "weight": 1780,
  "aspects": [],
  "cannotDynamax": false,
  "drops": {
    "amount": 1,
    "entries": [
      {
        "item": "cobblemon:magnet"
      }
    ]
  }
}
