{
  "enabled": true,
  "neededInstalledMods": [],
  "neededUninstalledMods": [],
  "spawns": [
    {
      "id": "mythsandlegends-kyurem-1",
      "pokemon": "kyurem",
      "presets": [
        "natural"
      ],
      "type": "pokemon",
      "context": "grounded",
      "bucket": "ultra-rare",
      "level": "75",
      "weight": 0.1,
      "condition": {
        "biomes": [
          "minecraft:frozen_peaks",
          "minecraft:snowy_slopes",
          "minecraft:snowy_taiga"
        ],
        "key_item": "dna_splicer"
      }
    },
    {
      "id": "mythsandlegends-kyurem-2",
      "pokemon": "kyurem",
      "presets": [
        "natural"
      ],
      "type": "pokemon",
      "context": "grounded",
      "bucket": "ultra-rare",
      "level": "75",
      "weight": 0.1,
      "condition": {
        "biomes": [
          "#cobblemon:is_freezing",
          "#cobblemon:is_glacial",
          "#cobblemon:is_snowy_forest"
        ],
        "key_item": "dna_splicer"
      }
    }
  ]
}