{
  "enabled": true,
  "neededInstalledMods": [],
  "neededUninstalledMods": [],
  "spawns": [
    {
      "id": "mythsandlegends-lunala-1",
      "pokemon": "lunala",
      "presets": ["natural"],
      "type": "pokemon",
      "context": "grounded",
      "bucket": "ultra-rare",
      "level": "70-80",
      "weight": 0.1,
      "condition": {
        "biomes": [
          "minecraft:dark_forest",
          "byg:warped_desert",
          "#cobblemon:is_hills"
        ],
        "timeRange": "night",
        "key_item": "moon_flute"
      }
    }
  ]
}
