{
	"format_version": "1.8.0",
	"animations": {
		"animation.combee.air_fly": {
			"loop": true,
			"animation_length": 2.55,
			"bones": {
				"body": {
					"rotation": {
						"0.0": [0, 0, 0],
						"1.3": [5, 0, 0],
						"2.55": [0, 0, 0]
					}
				},
				"leftwing_bone": {
					"rotation": {
						"0.0": [0, 0, 35],
						"0.05": [0, 0, 0],
						"0.1": [0, 0, -35],
						"0.15": [0, 0, 0],
						"0.2": [0, 0, 35],
						"0.25": [0, 0, 0],
						"0.3": [0, 0, -35],
						"0.35": [0, 0, 0],
						"0.4": [0, 0, 35],
						"0.45": [0, 0, 0],
						"0.5": [0, 0, -35],
						"0.55": [0, 0, 0],
						"0.6": [0, 0, 35],
						"0.65": [0, 0, 0],
						"0.7": [0, 0, -35],
						"0.75": [0, 0, 0],
						"0.8": [0, 0, 35],
						"0.85": [0, 0, 0],
						"0.9": [0, 0, -35],
						"0.95": [0, 0, 0],
						"1.0": [0, 0, 35],
						"1.05": [0, 0, 0],
						"1.1": [0, 0, -35],
						"1.15": [0, 0, 0],
						"1.2": [0, 0, 35],
						"1.25": [0, 0, 0],
						"1.3": [0, 0, -35],
						"1.35": [0, 0, 0],
						"1.4": [0, 0, 35],
						"1.45": [0, 0, 0],
						"1.5": [0, 0, -35],
						"1.55": [0, 0, 0],
						"1.6": [0, 0, 35],
						"1.65": [0, 0, 0],
						"1.7": [0, 0, -35],
						"1.75": [0, 0, 0],
						"1.8": [0, 0, 35],
						"1.85": [0, 0, 0],
						"1.9": [0, 0, -35],
						"1.95": [0, 0, 0],
						"2.0": [0, 0, 35],
						"2.05": [0, 0, 0],
						"2.1": [0, 0, -35],
						"2.15": [0, 0, 0],
						"2.2": [0, 0, 35],
						"2.25": [0, 0, 0],
						"2.3": [0, 0, -35],
						"2.35": [0, 0, 0],
						"2.4": [0, 0, 35],
						"2.45": [0, 0, 0],
						"2.5": [0, 0, -35],
						"2.55": [0, 0, 0]
					}
				},
				"leg_front": {
					"rotation": {
						"0.0": [15, 0, 0],
						"1.2": [25, 0, 0],
						"2.55": [15, 0, 0]
					}
				},
				"leg_mid": {
					"rotation": {
						"0.0": [15, 0, 0],
						"1.3": [35, 0, 0],
						"2.55": [15, 0, 0]
					}
				},
				"leg_back": {
					"rotation": {
						"0.0": [30, 0, 0],
						"1.6": [45, 0, 0],
						"2.55": [30, 0, 0]
					}
				},
				"rightwing_bone": {
					"rotation": {
						"0.0": [0, 0, -35],
						"0.05": [0, 0, 0],
						"0.1": [0, 0, 35],
						"0.15": [0, 0, 0],
						"0.2": [0, 0, -35],
						"0.25": [0, 0, 0],
						"0.3": [0, 0, 35],
						"0.35": [0, 0, 0],
						"0.4": [0, 0, -35],
						"0.45": [0, 0, 0],
						"0.5": [0, 0, 35],
						"0.55": [0, 0, 0],
						"0.6": [0, 0, -35],
						"0.65": [0, 0, 0],
						"0.7": [0, 0, 35],
						"0.75": [0, 0, 0],
						"0.8": [0, 0, -35],
						"0.85": [0, 0, 0],
						"0.9": [0, 0, 35],
						"0.95": [0, 0, 0],
						"1.0": [0, 0, -35],
						"1.05": [0, 0, 0],
						"1.1": [0, 0, 35],
						"1.15": [0, 0, 0],
						"1.2": [0, 0, -35],
						"1.25": [0, 0, 0],
						"1.3": [0, 0, 35],
						"1.35": [0, 0, 0],
						"1.4": [0, 0, -35],
						"1.45": [0, 0, 0],
						"1.5": [0, 0, 35],
						"1.55": [0, 0, 0],
						"1.6": [0, 0, -35],
						"1.65": [0, 0, 0],
						"1.7": [0, 0, 35],
						"1.75": [0, 0, 0],
						"1.8": [0, 0, -35],
						"1.85": [0, 0, 0],
						"1.9": [0, 0, 35],
						"1.95": [0, 0, 0],
						"2.0": [0, 0, -35],
						"2.05": [0, 0, 0],
						"2.1": [0, 0, 35],
						"2.15": [0, 0, 0],
						"2.2": [0, 0, -35],
						"2.25": [0, 0, 0],
						"2.3": [0, 0, 35],
						"2.35": [0, 0, 0],
						"2.4": [0, 0, -35],
						"2.45": [0, 0, 0],
						"2.5": [0, 0, 35],
						"2.55": [0, 0, 0]
					}
				},
				"body2": {
					"rotation": {
						"0.0": [0, 0, 0],
						"1.3": [5, 0, 0],
						"2.55": [0, 0, 0]
					},
					"position": {
						"0.0": [0, 0, 0],
						"1.3": [0, 0, -0.5],
						"2.55": [0, 0, 0]
					}
				},
				"rightwing_bone2": {
					"rotation": {
						"0.0": [0, 0, -35],
						"0.05": [0, 0, 0],
						"0.1": [0, 0, 35],
						"0.15": [0, 0, 0],
						"0.2": [0, 0, -35],
						"0.25": [0, 0, 0],
						"0.3": [0, 0, 35],
						"0.35": [0, 0, 0],
						"0.4": [0, 0, -35],
						"0.45": [0, 0, 0],
						"0.5": [0, 0, 35],
						"0.55": [0, 0, 0],
						"0.6": [0, 0, -35],
						"0.65": [0, 0, 0],
						"0.7": [0, 0, 35],
						"0.75": [0, 0, 0],
						"0.8": [0, 0, -35],
						"0.85": [0, 0, 0],
						"0.9": [0, 0, 35],
						"0.95": [0, 0, 0],
						"1.0": [0, 0, -35],
						"1.05": [0, 0, 0],
						"1.1": [0, 0, 35],
						"1.15": [0, 0, 0],
						"1.2": [0, 0, -35],
						"1.25": [0, 0, 0],
						"1.3": [0, 0, 35],
						"1.35": [0, 0, 0],
						"1.4": [0, 0, -35],
						"1.45": [0, 0, 0],
						"1.5": [0, 0, 35],
						"1.55": [0, 0, 0],
						"1.6": [0, 0, -35],
						"1.65": [0, 0, 0],
						"1.7": [0, 0, 35],
						"1.75": [0, 0, 0],
						"1.8": [0, 0, -35],
						"1.85": [0, 0, 0],
						"1.9": [0, 0, 35],
						"1.95": [0, 0, 0],
						"2.0": [0, 0, -35],
						"2.05": [0, 0, 0],
						"2.1": [0, 0, 35],
						"2.15": [0, 0, 0],
						"2.2": [0, 0, -35],
						"2.25": [0, 0, 0],
						"2.3": [0, 0, 35],
						"2.35": [0, 0, 0],
						"2.4": [0, 0, -35],
						"2.45": [0, 0, 0],
						"2.5": [0, 0, 35],
						"2.55": [0, 0, 0]
					}
				},
				"body3": {
					"rotation": {
						"0.0": [0, 0, 0],
						"1.3": [5, 0, 0],
						"2.55": [0, 0, 0]
					},
					"position": {
						"0.0": [0, 0, 0],
						"1.3": [0, 0, -0.5],
						"2.55": [0, 0, 0]
					}
				},
				"leftwing_bone3": {
					"rotation": {
						"0.0": [0, 0, 35],
						"0.05": [0, 0, 0],
						"0.1": [0, 0, -35],
						"0.15": [0, 0, 0],
						"0.2": [0, 0, 35],
						"0.25": [0, 0, 0],
						"0.3": [0, 0, -35],
						"0.35": [0, 0, 0],
						"0.4": [0, 0, 35],
						"0.45": [0, 0, 0],
						"0.5": [0, 0, -35],
						"0.55": [0, 0, 0],
						"0.6": [0, 0, 35],
						"0.65": [0, 0, 0],
						"0.7": [0, 0, -35],
						"0.75": [0, 0, 0],
						"0.8": [0, 0, 35],
						"0.85": [0, 0, 0],
						"0.9": [0, 0, -35],
						"0.95": [0, 0, 0],
						"1.0": [0, 0, 35],
						"1.05": [0, 0, 0],
						"1.1": [0, 0, -35],
						"1.15": [0, 0, 0],
						"1.2": [0, 0, 35],
						"1.25": [0, 0, 0],
						"1.3": [0, 0, -35],
						"1.35": [0, 0, 0],
						"1.4": [0, 0, 35],
						"1.45": [0, 0, 0],
						"1.5": [0, 0, -35],
						"1.55": [0, 0, 0],
						"1.6": [0, 0, 35],
						"1.65": [0, 0, 0],
						"1.7": [0, 0, -35],
						"1.75": [0, 0, 0],
						"1.8": [0, 0, 35],
						"1.85": [0, 0, 0],
						"1.9": [0, 0, -35],
						"1.95": [0, 0, 0],
						"2.0": [0, 0, 35],
						"2.05": [0, 0, 0],
						"2.1": [0, 0, -35],
						"2.15": [0, 0, 0],
						"2.2": [0, 0, 35],
						"2.25": [0, 0, 0],
						"2.3": [0, 0, -35],
						"2.35": [0, 0, 0],
						"2.4": [0, 0, 35],
						"2.45": [0, 0, 0],
						"2.5": [0, 0, -35],
						"2.55": [0, 0, 0]
					}
				},
				"bodies": {
					"position": {
						"0.0": [0, 1, 0],
						"1.3": [0, 1.9, 0],
						"2.55": [0, 1, 0]
					}
				},
				"angry_eyes": {
					"scale": 0.5
				},
				"angry_eyes2": {
					"position": [-2, 4, 0],
					"scale": 0.5
				},
				"angry_eyes3": {
					"position": [2, 4, 0],
					"scale": 0.5
				}
			}
		},
		"animation.combee.ground_idle": {
			"loop": true,
			"bones": {
				"angry_eyes": {
					"scale": 0.5
				},
				"angry_eyes2": {
					"position": [-2, 4, 0],
					"scale": 0.5
				},
				"angry_eyes3": {
					"position": [2, 4, 0],
					"scale": 0.5
				}
			}
		},
		"animation.combee.battle_idle": {
			"loop": true,
			"animation_length": 2.55,
			"bones": {
				"body": {
					"rotation": {
						"0.0": [0, 0, 0],
						"1.3": [5, 0, 0],
						"2.55": [0, 0, 0]
					}
				},
				"leftwing_bone": {
					"rotation": {
						"0.0": [0, 0, 35],
						"0.05": [0, 0, 0],
						"0.1": [0, 0, -35],
						"0.15": [0, 0, 0],
						"0.2": [0, 0, 35],
						"0.25": [0, 0, 0],
						"0.3": [0, 0, -35],
						"0.35": [0, 0, 0],
						"0.4": [0, 0, 35],
						"0.45": [0, 0, 0],
						"0.5": [0, 0, -35],
						"0.55": [0, 0, 0],
						"0.6": [0, 0, 35],
						"0.65": [0, 0, 0],
						"0.7": [0, 0, -35],
						"0.75": [0, 0, 0],
						"0.8": [0, 0, 35],
						"0.85": [0, 0, 0],
						"0.9": [0, 0, -35],
						"0.95": [0, 0, 0],
						"1.0": [0, 0, 35],
						"1.05": [0, 0, 0],
						"1.1": [0, 0, -35],
						"1.15": [0, 0, 0],
						"1.2": [0, 0, 35],
						"1.25": [0, 0, 0],
						"1.3": [0, 0, -35],
						"1.35": [0, 0, 0],
						"1.4": [0, 0, 35],
						"1.45": [0, 0, 0],
						"1.5": [0, 0, -35],
						"1.55": [0, 0, 0],
						"1.6": [0, 0, 35],
						"1.65": [0, 0, 0],
						"1.7": [0, 0, -35],
						"1.75": [0, 0, 0],
						"1.8": [0, 0, 35],
						"1.85": [0, 0, 0],
						"1.9": [0, 0, -35],
						"1.95": [0, 0, 0],
						"2.0": [0, 0, 35],
						"2.05": [0, 0, 0],
						"2.1": [0, 0, -35],
						"2.15": [0, 0, 0],
						"2.2": [0, 0, 35],
						"2.25": [0, 0, 0],
						"2.3": [0, 0, -35],
						"2.35": [0, 0, 0],
						"2.4": [0, 0, 35],
						"2.45": [0, 0, 0],
						"2.5": [0, 0, -35],
						"2.55": [0, 0, 0]
					}
				},
				"leg_front": {
					"rotation": {
						"0.0": [15, 0, 0],
						"1.2": [25, 0, 0],
						"2.55": [15, 0, 0]
					}
				},
				"leg_mid": {
					"rotation": {
						"0.0": [15, 0, 0],
						"1.3": [35, 0, 0],
						"2.55": [15, 0, 0]
					}
				},
				"leg_back": {
					"rotation": {
						"0.0": [30, 0, 0],
						"1.6": [45, 0, 0],
						"2.55": [30, 0, 0]
					}
				},
				"rightwing_bone": {
					"rotation": {
						"0.0": [0, 0, -35],
						"0.05": [0, 0, 0],
						"0.1": [0, 0, 35],
						"0.15": [0, 0, 0],
						"0.2": [0, 0, -35],
						"0.25": [0, 0, 0],
						"0.3": [0, 0, 35],
						"0.35": [0, 0, 0],
						"0.4": [0, 0, -35],
						"0.45": [0, 0, 0],
						"0.5": [0, 0, 35],
						"0.55": [0, 0, 0],
						"0.6": [0, 0, -35],
						"0.65": [0, 0, 0],
						"0.7": [0, 0, 35],
						"0.75": [0, 0, 0],
						"0.8": [0, 0, -35],
						"0.85": [0, 0, 0],
						"0.9": [0, 0, 35],
						"0.95": [0, 0, 0],
						"1.0": [0, 0, -35],
						"1.05": [0, 0, 0],
						"1.1": [0, 0, 35],
						"1.15": [0, 0, 0],
						"1.2": [0, 0, -35],
						"1.25": [0, 0, 0],
						"1.3": [0, 0, 35],
						"1.35": [0, 0, 0],
						"1.4": [0, 0, -35],
						"1.45": [0, 0, 0],
						"1.5": [0, 0, 35],
						"1.55": [0, 0, 0],
						"1.6": [0, 0, -35],
						"1.65": [0, 0, 0],
						"1.7": [0, 0, 35],
						"1.75": [0, 0, 0],
						"1.8": [0, 0, -35],
						"1.85": [0, 0, 0],
						"1.9": [0, 0, 35],
						"1.95": [0, 0, 0],
						"2.0": [0, 0, -35],
						"2.05": [0, 0, 0],
						"2.1": [0, 0, 35],
						"2.15": [0, 0, 0],
						"2.2": [0, 0, -35],
						"2.25": [0, 0, 0],
						"2.3": [0, 0, 35],
						"2.35": [0, 0, 0],
						"2.4": [0, 0, -35],
						"2.45": [0, 0, 0],
						"2.5": [0, 0, 35],
						"2.55": [0, 0, 0]
					}
				},
				"body2": {
					"rotation": {
						"0.0": [0, 0, 0],
						"1.3": [5, 0, 0],
						"2.55": [0, 0, 0]
					},
					"position": {
						"0.0": [0, 0, 0],
						"1.3": [0, 0, -0.5],
						"2.55": [0, 0, 0]
					}
				},
				"rightwing_bone2": {
					"rotation": {
						"0.0": [0, 0, -35],
						"0.05": [0, 0, 0],
						"0.1": [0, 0, 35],
						"0.15": [0, 0, 0],
						"0.2": [0, 0, -35],
						"0.25": [0, 0, 0],
						"0.3": [0, 0, 35],
						"0.35": [0, 0, 0],
						"0.4": [0, 0, -35],
						"0.45": [0, 0, 0],
						"0.5": [0, 0, 35],
						"0.55": [0, 0, 0],
						"0.6": [0, 0, -35],
						"0.65": [0, 0, 0],
						"0.7": [0, 0, 35],
						"0.75": [0, 0, 0],
						"0.8": [0, 0, -35],
						"0.85": [0, 0, 0],
						"0.9": [0, 0, 35],
						"0.95": [0, 0, 0],
						"1.0": [0, 0, -35],
						"1.05": [0, 0, 0],
						"1.1": [0, 0, 35],
						"1.15": [0, 0, 0],
						"1.2": [0, 0, -35],
						"1.25": [0, 0, 0],
						"1.3": [0, 0, 35],
						"1.35": [0, 0, 0],
						"1.4": [0, 0, -35],
						"1.45": [0, 0, 0],
						"1.5": [0, 0, 35],
						"1.55": [0, 0, 0],
						"1.6": [0, 0, -35],
						"1.65": [0, 0, 0],
						"1.7": [0, 0, 35],
						"1.75": [0, 0, 0],
						"1.8": [0, 0, -35],
						"1.85": [0, 0, 0],
						"1.9": [0, 0, 35],
						"1.95": [0, 0, 0],
						"2.0": [0, 0, -35],
						"2.05": [0, 0, 0],
						"2.1": [0, 0, 35],
						"2.15": [0, 0, 0],
						"2.2": [0, 0, -35],
						"2.25": [0, 0, 0],
						"2.3": [0, 0, 35],
						"2.35": [0, 0, 0],
						"2.4": [0, 0, -35],
						"2.45": [0, 0, 0],
						"2.5": [0, 0, 35],
						"2.55": [0, 0, 0]
					}
				},
				"body3": {
					"rotation": {
						"0.0": [0, 0, 0],
						"1.3": [5, 0, 0],
						"2.55": [0, 0, 0]
					},
					"position": {
						"0.0": [0, 0, 0],
						"1.3": [0, 0, -0.5],
						"2.55": [0, 0, 0]
					}
				},
				"leftwing_bone3": {
					"rotation": {
						"0.0": [0, 0, 35],
						"0.05": [0, 0, 0],
						"0.1": [0, 0, -35],
						"0.15": [0, 0, 0],
						"0.2": [0, 0, 35],
						"0.25": [0, 0, 0],
						"0.3": [0, 0, -35],
						"0.35": [0, 0, 0],
						"0.4": [0, 0, 35],
						"0.45": [0, 0, 0],
						"0.5": [0, 0, -35],
						"0.55": [0, 0, 0],
						"0.6": [0, 0, 35],
						"0.65": [0, 0, 0],
						"0.7": [0, 0, -35],
						"0.75": [0, 0, 0],
						"0.8": [0, 0, 35],
						"0.85": [0, 0, 0],
						"0.9": [0, 0, -35],
						"0.95": [0, 0, 0],
						"1.0": [0, 0, 35],
						"1.05": [0, 0, 0],
						"1.1": [0, 0, -35],
						"1.15": [0, 0, 0],
						"1.2": [0, 0, 35],
						"1.25": [0, 0, 0],
						"1.3": [0, 0, -35],
						"1.35": [0, 0, 0],
						"1.4": [0, 0, 35],
						"1.45": [0, 0, 0],
						"1.5": [0, 0, -35],
						"1.55": [0, 0, 0],
						"1.6": [0, 0, 35],
						"1.65": [0, 0, 0],
						"1.7": [0, 0, -35],
						"1.75": [0, 0, 0],
						"1.8": [0, 0, 35],
						"1.85": [0, 0, 0],
						"1.9": [0, 0, -35],
						"1.95": [0, 0, 0],
						"2.0": [0, 0, 35],
						"2.05": [0, 0, 0],
						"2.1": [0, 0, -35],
						"2.15": [0, 0, 0],
						"2.2": [0, 0, 35],
						"2.25": [0, 0, 0],
						"2.3": [0, 0, -35],
						"2.35": [0, 0, 0],
						"2.4": [0, 0, 35],
						"2.45": [0, 0, 0],
						"2.5": [0, 0, -35],
						"2.55": [0, 0, 0]
					}
				},
				"bodies": {
					"position": {
						"0.0": [0, 0, 0],
						"1.3": [0, 0.9, 0],
						"2.55": [0, 0, 0]
					}
				}
			}
		},
		"animation.combee.fly_bobbing": {
			"loop": true,
			"bones": {
				"body": {
					"rotation": [0, "5 * math.cos(query.anim_time * 343.774 / 2)", 0],
					"position": [0, "math.cos(query.life_time * 343.774) * 1.6", 0]
				},
				"body2": {
					"rotation": [0, "5 * math.cos(query.anim_time * 343.774 / 2)", 0],
					"position": [0, "math.cos(query.life_time * 343.774) * 1.6", 0]
				},
				"body3": {
					"rotation": [0, "5 * math.cos(query.anim_time * 343.774 / 2)", 0],
					"position": [0, "math.cos(query.life_time * 343.774) * 1.6", 0]
				}
			}
		}
	}
}