{
  "species": "cobblemon:pidgeot",
  "order": 2,
  "variations": [
    {"aspects": ["pidgey-body-base"],
    "layers": [
        {
        "name": "body",
        "texture": "cobblemon:textures/pokemon/0018_pidgeot/body_base.png",
        "emissive": false
        }
    ]
    },
    {"aspects": ["pidgey-body-base", "shiny"],
    "layers": [
        {
        "name": "body",
        "texture": "cobblemon:textures/pokemon/0018_pidgeot/body_base_shiny.png",
        "emissive": false
        }
    ]
    },
    {"aspects": ["pidgey-body-basetop"],
    "layers": [
        {
        "name": "body",
        "texture": "cobblemon:textures/pokemon/0018_pidgeot/body_basetop.png",
        "emissive": false
        }
    ]
    },
    {"aspects": ["pidgey-body-basetop", "shiny"],
    "layers": [
        {
        "name": "body",
        "texture": "cobblemon:textures/pokemon/0018_pidgeot/body_basetop_shiny.png",
        "emissive": false
        }
    ]
    },
    {"aspects": ["pidgey-body-basetrident"],
    "layers": [
        {
        "name": "body",
        "texture": "cobblemon:textures/pokemon/0018_pidgeot/body_basetrident.png",
        "emissive": false
        }
    ]
    },
    {"aspects": ["pidgey-body-basetrident", "shiny"],
    "layers": [
        {
        "name": "body",
        "texture": "cobblemon:textures/pokemon/0018_pidgeot/body_basetrident_shiny.png",
        "emissive": false
        }
    ]
    },
    {"aspects": ["pidgey-body-cardinal"],
    "layers": [
        {
        "name": "body",
        "texture": "cobblemon:textures/pokemon/0018_pidgeot/body_cardinal.png",
        "emissive": false
        }
    ]
    },
    {"aspects": ["pidgey-body-cardinal", "shiny"],
    "layers": [
        {
        "name": "body",
        "texture": "cobblemon:textures/pokemon/0018_pidgeot/body_cardinal_shiny.png",
        "emissive": false
        }
    ]
    },
    {"aspects": ["pidgey-body-cardinaltop"],
    "layers": [
        {
        "name": "body",
        "texture": "cobblemon:textures/pokemon/0018_pidgeot/body_cardinaltop.png",
        "emissive": false
        }
    ]
    },
    {"aspects": ["pidgey-body-cardinaltop", "shiny"],
    "layers": [
        {
        "name": "body",
        "texture": "cobblemon:textures/pokemon/0018_pidgeot/body_cardinaltop_shiny.png",
        "emissive": false
        }
    ]
    },
    {"aspects": ["pidgey-body-cardinaltrident"],
    "layers": [
        {
        "name": "body",
        "texture": "cobblemon:textures/pokemon/0018_pidgeot/body_cardinaltrident.png",
        "emissive": false
        }
    ]
    },
    {"aspects": ["pidgey-body-cardinaltrident", "shiny"],
    "layers": [
        {
        "name": "body",
        "texture": "cobblemon:textures/pokemon/0018_pidgeot/body_cardinaltrident_shiny.png",
        "emissive": false
        }
    ]
    },
    {"aspects": ["pidgey-body-pastel"],
    "layers": [
        {
        "name": "body",
        "texture": "cobblemon:textures/pokemon/0018_pidgeot/body_pastel.png",
        "emissive": false
        }
    ]
    },
    {"aspects": ["pidgey-body-pastel", "shiny"],
    "layers": [
        {
        "name": "body",
        "texture": "cobblemon:textures/pokemon/0018_pidgeot/body_pastel_shiny.png",
        "emissive": false
        }
    ]
    },
    {"aspects": ["pidgey-body-pasteltop"],
    "layers": [
        {
        "name": "body",
        "texture": "cobblemon:textures/pokemon/0018_pidgeot/body_pasteltop.png",
        "emissive": false
        }
    ]
    },
    {"aspects": ["pidgey-body-pasteltop", "shiny"],
    "layers": [
        {
        "name": "body",
        "texture": "cobblemon:textures/pokemon/0018_pidgeot/body_pasteltop_shiny.png",
        "emissive": false
        }
    ]
    },
    {"aspects": ["pidgey-body-pasteltrident"],
    "layers": [
        {
        "name": "body",
        "texture": "cobblemon:textures/pokemon/0018_pidgeot/body_pasteltrident.png",
        "emissive": false
        }
    ]
    },
    {"aspects": ["pidgey-body-pasteltrident", "shiny"],
    "layers": [
        {
        "name": "body",
        "texture": "cobblemon:textures/pokemon/0018_pidgeot/body_pasteltrident_shiny.png",
        "emissive": false
        }
    ]
    },
    {"aspects": ["pidgey-body-spearowmimic"],
    "layers": [
        {
        "name": "body",
        "texture": "cobblemon:textures/pokemon/0018_pidgeot/body_spearowmimic.png",
        "emissive": false
        }
    ]
    },
    {"aspects": ["pidgey-body-spearowmimic", "shiny"],
    "layers": [
        {
        "name": "body",
        "texture": "cobblemon:textures/pokemon/0018_pidgeot/body_spearowmimic_shiny.png",
        "emissive": false
        }
    ]
    },
    {"aspects": ["pidgey-detail-blackbeak"],
    "layers": [
        {
        "name": "detail",
        "texture": "cobblemon:textures/pokemon/0018_pidgeot/detail_blackbeak.png"
        }
    ]
    },
    {"aspects": ["pidgey-detail-blackbeak", "pidgeot-body-pastel"],
    "layers": [
        {
        "name": "detail",
        "texture": "cobblemon:textures/pokemon/0018_pidgeot/detail_blackbeakpastel.png"
        }
    ]
    },
    {"aspects": ["pidgey-detail-blackbeak", "pidgeot-body-pasteltop"],
    "layers": [
        {
        "name": "detail",
        "texture": "cobblemon:textures/pokemon/0018_pidgeot/detail_blackbeakpastel.png"
        }
    ]
    },
    {"aspects": ["pidgey-detail-blackbeak", "pidgeot-body-pasteltrident"],
    "layers": [
        {
        "name": "detail",
        "texture": "cobblemon:textures/pokemon/0018_pidgeot/detail_blackbeakpastel.png"
        }
    ]
    },
    {"aspects": ["pidgey-detail-blacktip"],
    "layers": [
        {
        "name": "detail",
        "texture": "cobblemon:textures/pokemon/0018_pidgeot/detail_blacktip.png"
        }
    ]
    },
    {"aspects": ["pidgey-detail-blacktip", "pidgeot-body-pastel"],
    "layers": [
        {
        "name": "detail",
        "texture": "cobblemon:textures/pokemon/0018_pidgeot/detail_blacktippastel.png"
        }
    ]
    },
    {"aspects": ["pidgey-detail-blacktip", "pidgeot-body-pasteltrident"],
    "layers": [
        {
        "name": "detail",
        "texture": "cobblemon:textures/pokemon/0018_pidgeot/detail_blacktippastel.png"
        }
    ]
    },
    {"aspects": ["pidgey-detail-blacktipbeak"],
    "layers": [
        {
        "name": "detail",
        "texture": "cobblemon:textures/pokemon/0018_pidgeot/detail_blacktipbeak.png"
        }
    ]
    },
    {"aspects": ["pidgey-detail-blacktipbeak", "pidgeot-body-pastel"],
    "layers": [
        {
        "name": "detail",
        "texture": "cobblemon:textures/pokemon/0018_pidgeot/detail_blacktipbeakpastel.png"
        }
    ]
    },
    {"aspects": ["pidgey-detail-blacktipbeak", "pidgeot-body-pasteltrident"],
    "layers": [
        {
        "name": "detail",
        "texture": "cobblemon:textures/pokemon/0018_pidgeot/detail_blacktipbeakpastel.png"
        }
    ]
    },
    {"aspects": ["pidgey-detail-minimega"],
    "layers": [
        {
        "name": "detail",
        "texture": "cobblemon:textures/pokemon/0018_pidgeot/detail_minimega.png"
        }
    ]
    },
    {"aspects": ["pidgey-detail-minimega", "shiny"],
    "layers": [
        {
        "name": "detail",
        "texture": "cobblemon:textures/pokemon/0018_pidgeot/detail_minimega.png"
        }
    ]
    },
    {"aspects": ["pidgey-detail-minimegablack"],
    "layers": [
        {
        "name": "detail",
        "texture": "cobblemon:textures/pokemon/0018_pidgeot/detail_minimegablack.png"
        }
    ]
    },
    {"aspects": ["pidgey-detail-minimegablack", "pidgeot-body-pastel"],
    "layers": [
        {
        "name": "detail",
        "texture": "cobblemon:textures/pokemon/0018_pidgeot/detail_minimegablackpastel.png"
        }
    ]
    },
    {"aspects": ["pidgey-detail-minimegablack", "pidgeot-body-pasteltrident"],
    "layers": [
        {
        "name": "detail",
        "texture": "cobblemon:textures/pokemon/0018_pidgeot/detail_minimegablackpastel.png"
        }
    ]
    },
    {"aspects": ["pidgey-detail-minimegablack", "shiny"],
    "layers": [
        {
        "name": "detail",
        "texture": "cobblemon:textures/pokemon/0018_pidgeot/detail_minimegablack_shiny.png"
        }
    ]
    },
    {"aspects": ["pidgey-detail-minimegablack", "pidgeot-body-pastel", "shiny"],
    "layers": [
        {
        "name": "detail",
        "texture": "cobblemon:textures/pokemon/0018_pidgeot/detail_minimegablackpastel_shiny.png"
        }
    ]
    },
    {"aspects": ["pidgey-detail-minimegablack", "pidgeot-body-pasteltrident", "shiny"],
    "layers": [
        {
        "name": "detail",
        "texture": "cobblemon:textures/pokemon/0018_pidgeot/detail_minimegablackpastel_shiny.png"
        }
    ]
    },
    {"aspects": ["eyestype-extraone", "isoneinfour-four"],
    "layers": [
        {
        "name": "eyes",
        "texture": "cobblemon:textures/pokemon/0018_pidgeot/eyestype_extraone.png"
        }
    ]
    }
  ]
}