{
    "head": "head",
    "portraitScale": 0.84,
    "portraitTranslation": [ -0.01, 0.79, 0 ],
    "profileScale": 0.7,
    "profileTranslation": [ 0, 0.95, 0 ],
    "faint": "bedrock(bronzong, faint)",
    "poses": {

      "standing": {
        "poseName": "standing",
        "transformTicks": 10,
        "poseTypes": [
          "STAND",
          "NONE",
          "PORTRAIT",
          "PROFILE"
        ],
        "animations": [
          "look",
          "bedrock(bronzong, ground_idle)"
        ],
        "quirks": [
          {
            "name": "blink",
            "animations": ["bedrock(bronzong, blink)"]
          }
        ]
      },

      "walking": {
        "poseName": "walking",
        "transformTicks": 10,
        "poseTypes": [ "WALK" ],
        "animations": [ 
          "look",
          "bedrock(bronzong, ground_walk)"
        ],
        "quirks": [
          {
            "name": "blink",
            "animations": ["bedrock(bronzong, blink)"]
          }
        ]
      }
    }
  }