{
  "head": "head",
  "portraitScale": 1.42,
  "portraitTranslation": [ -0.21, 2.62, 0 ],
  "profileScale": 0.4,
  "profileTranslation": [ 0, 1.2, 0 ],
  "faint": "bedrock(buzzwole, faint)",
  "poses": {
    "standing": {
      "poseName": "standing",
      "transformTicks": 10,
      "poseTypes": [
        "STAND",
        "NONE",
        "PORTRAIT",
        "PROFILE"
      ],
      "animations": [
        "look",
        "bedrock(buzzwole, ground_idle)"
      ]
    },
    "walking": {
      "poseName": "walking",
      "transformTicks": 10,
      "poseTypes": [ "WALK" ],
      "animations": [ "bedrock(buzzwole, ground_walk)" ]
    }
  }
}