{
    "head": "body",
    "portraitScale": 2.13,
    "portraitTranslation": [ 0.28, -1.68, 0 ],
    "profileScale": 1.5,
    "profileTranslation": [ 0.15, -0.5, 0 ],
    "faint": "bedrock(charjabug, faint)",
    "poses": {

      "standing": {
        "poseName": "standing",
        "transformTicks": 10,
        "poseTypes": [
          "STAND",
          "NONE",
          "PORTRAIT",
          "PROFILE"
        ],
        "animations": [
          "bedrock(charjabug, ground_idle)"
        ],
        "quirks": []
      },

      "walking": {
        "poseName": "walking",
        "transformTicks": 10,
        "poseTypes": [ "WALK" ],
        "animations": [ 
          "bedrock(charjabug, ground_walk)"
        ],
        "quirks": []
      }
    }
  }