{
    "head": "head",
    "portraitScale": 2.12,
    "portraitTranslation": [ -0.18, -0.13, 0 ],
    "profileScale": 0.90,
    "profileTranslation": [ 0, 0.4, 0 ],
    "faint": "bedrock(gumshoos, faint)",
    "poses": {

      "standing": {
        "poseName": "standing",
        "transformTicks": 10,
        "poseTypes": [
          "STAND",
          "NONE",
          "PORTRAIT",
          "PROFILE"
        ],
        "animations": [
          "look",
          "bedrock(gumshoos, ground_idle)"
        ],
        "quirks": []
      },

      "walking": {
        "poseName": "walking",
        "transformTicks": 10,
        "poseTypes": [ "WALK" ],
        "animations": [ 
          "look",
          "bedrock(gumshoos, ground_walk)"
        ],
        "quirks": []
      }
    }
  }