{
    "head": "head",
    "portraitScale": 1,
    "portraitTranslation": [ -0.2, 2.38, 0 ],
    "profileScale": 0.3,
    "profileTranslation": [ 0, 1.15, 0 ],
    "faint": "bedrock(lunala, faint)",
    "poses": {

      "standing": {
        "poseName": "standing",
        "transformTicks": 10,
        "poseTypes": [
          "STAND",
          "NONE",
          "PORTRAIT",
          "PROFILE"
        ],
        "animations": [
          "look",
          "bedrock(lunala, ground_idle)"
        ],
        "quirks": []
      },

      "walking": {
        "poseName": "walking",
        "transformTicks": 10,
        "poseTypes": [ "WALK" ],
        "animations": [ 
          "look",
          "bedrock(lunala, ground_walk)"
        ],
        "quirks": []
      }
    }
  }