{
    "head": "head",
    "portraitScale": 1,
    "portraitTranslation": [ -0.06, 2.32, 0 ],
    "profileScale": 0.43,
    "profileTranslation": [ 0, 1.2, 0 ],
    "faint": "bedrock(palkia, faint)",
    "poses": {

      "standing": {
        "poseName": "standing",
        "transformTicks": 10,
        "poseTypes": [
          "STAND",
          "NONE",
          "PORTRAIT",
          "PROFILE"
        ],
        "animations": [
          "look",
          "bedrock(palkia, ground_idle)"
        ],
        "quirks": [
          {
            "name": "blink",
            "animations": ["bedrock(palkia, blink)"]
          }
        ]
      },

      "walking": {
        "poseName": "walking",
        "transformTicks": 10,
        "poseTypes": [ "WALK" ],
        "animations": [ 
          "look",
          "bedrock(palkia, ground_walk)"
        ],
        "quirks": [
          {
            "name": "blink",
            "animations": ["bedrock(palkia, blink)"]
          }
        ]
      }
    }
  }