{
    "head": "head",
    "portraitScale": 2,
    "portraitTranslation": [ 0.2, -0.92, 0 ],
    "profileScale": 1.5,
    "profileTranslation": [ 0, -0.4, 0 ],
    "faint": "bedrock(pikipek, faint)",
    "poses": {

      "standing": {
        "poseName": "standing",
        "transformTicks": 10,
        "poseTypes": [
          "STAND",
          "NONE",
          "PORTRAIT",
          "PROFILE"
        ],
        "animations": [
          "look",
          "bedrock(pikipek, ground_idle)"
        ],
        "quirks": []
      },

      "walking": {
        "poseName": "walking",
        "transformTicks": 10,
        "poseTypes": [ "WALK" ],
        "animations": [ 
          "look",
          "bedrock(pikipek, ground_walk)"
        ],
        "quirks": []
      }
    }
  }