{
    "head": "body",
    "portraitScale": 1.12,
    "portraitTranslation": [ 0.01, 0.81, 0 ],
    "profileScale": 0.75,
    "profileTranslation": [ -0.10, 0.6, 0 ],
    "poses": {
      "standing": {
        "poseName": "standing",
        "transformTicks": 10,
        "poseTypes": [
          "STAND",
          "NONE",
          "PORTRAIT",
          "PROFILE"
        ],
        "animations": [
          "bedrock(registeel, ground_idle)"
        ]
      },

      "walking": {
        "poseName": "walking",
        "transformTicks": 10,
        "poseTypes": [ "WALK" ],
        "animations": [ 
          "bedrock(registeel, ground_walk)"
        ]
      }
    }
  }