{
    "head": "head",
    "portraitScale": 1.07,
    "portraitTranslation": [ 0.07, 0.87, 0 ],
    "profileScale": 0.67,
    "profileTranslation": [ 0, 0.8, 0 ],
    "poses": {
      "standing": {
        "poseName": "standing",
        "transformTicks": 10,
        "poseTypes": [
          "STAND",
          "NONE",
          "PORTRAIT",
          "PROFILE"
        ],
        "animations": [
          "look",
          "bedrock(regirock, ground_idle)"
        ]
      },

      "walking": {
        "poseName": "walking",
        "transformTicks": 10,
        "poseTypes": [ "WALK" ],
        "animations": [ 
          "look",
          "bedrock(regirock, ground_walk)"
        ]
      }
    }
  }