{
    "head": "body",
    "portraitScale": 1.5,
    "portraitTranslation": [ 0.02, -0.33, 0 ],
    "profileScale": 1,
    "profileTranslation": [ 0.05, 0.2, 0 ],
    "faint": "bedrock(vikavolt, faint)",
    "poses": {

      "standing": {
        "poseName": "standing",
        "transformTicks": 10,
        "poseTypes": [
          "STAND",
          "NONE",
          "PORTRAIT",
          "PROFILE"
        ],
        "animations": [
          "bedrock(vikavolt, ground_idle)"
        ],
        "quirks": []
      },

      "walking": {
        "poseName": "walking",
        "transformTicks": 10,
        "poseTypes": [ "WALK" ],
        "animations": [ 
          "bedrock(vikavolt, ground_walk)"
        ],
        "quirks": []
      }
    }
  }