{
    "head": "head",
    "portraitScale": 2.21,
    "portraitTranslation": [ -0.51, -1.17, 0 ],
    "profileScale": 1.01,
    "profileTranslation": [ 0, 0.1, 0 ],
    "poses": {
      "standing": {
        "poseName": "standing",
        "transformTicks": 10,
        "poseTypes": [
          "STAND",
          "NONE",
          "PORTRAIT",
          "PROFILE"
        ],
        "animations": [
          "look",
          "bedrock(yungoos, ground_idle)"
        ],
        "quirks": []
      },

      "walking": {
        "poseName": "walking",
        "transformTicks": 10,
        "poseTypes": [ "WALK" ],
        "animations": [ 
          "look",
          "bedrock(yungoos, ground_walk)"
        ],
        "quirks": []
      }
    }
  }