{
    "head": "head",
    "portraitScale": 1.75,
    "portraitTranslation": [ -0.52, 2.01, 0 ],
    "profileScale": 0.5,
    "profileTranslation": [ 0, 1.1, 0 ],
    "faint": "bedrock(yveltal, faint)",
    "poses": {

      "standing": {
        "poseName": "standing",
        "transformTicks": 10,
        "poseTypes": [
          "STAND",
          "NONE",
          "PORTRAIT",
          "PROFILE"
        ],
        "animations": [
          "look",
          "bedrock(yveltal, ground_idle)"
        ],
        "quirks": [
          {
            "name": "blink",
            "animations": ["bedrock(yveltal, blink)"]
          }
        ]
      },

      "walking": {
        "poseName": "walking",
        "transformTicks": 10,
        "poseTypes": [ "WALK" ],
        "animations": [ 
          "look",
          "bedrock(yveltal, ground_walk)"
        ],
        "quirks": [
          {
            "name": "blink",
            "animations": ["bedrock(yveltal, blink)"]
          }
        ]
      }
    }
  }