{
  "type": "minecraft:tree",
  "config": {
    "decorators": [],
    "dirt_provider": {
      "type": "minecraft:simple_state_provider",
      "state": {
        "Name": "minecraft:dirt"
      }
    },
    "foliage_placer": {
      "type": "aether:crystal_foliage_placer",
      "offset": 0,
      "radius": 0,
      "trunk_height": 6
    },
    "foliage_provider": {
      "type": "minecraft:weighted_state_provider",
      "entries": [
        {
          "data": {
            "Name": "aether:crystal_leaves",
            "Properties": {
              "distance": "7",
              "double_drops": "true",
              "persistent": "false",
              "waterlogged": "false"
            }
          },
          "weight": 4
        },
        {
          "data": {
            "Name": "aether:crystal_fruit_leaves",
            "Properties": {
              "distance": "7",
              "double_drops": "true",
              "persistent": "false",
              "waterlogged": "false"
            }
          },
          "weight": 1
        }
      ]
    },
    "force_dirt": false,
    "ignore_vines": true,
    "minimum_size": {
      "type": "minecraft:two_layers_feature_size",
      "limit": 1,
      "lower_size": 0,
      "upper_size": 1
    },
    "trunk_placer": {
      "type": "aether:crystal_tree_trunk_placer",
      "base_height": 7,
      "height_rand_a": 0,
      "height_rand_b": 0
    },
    "trunk_provider": {
      "type": "minecraft:simple_state_provider",
      "state": {
        "Name": "aether:skyroot_log",
        "Properties": {
          "axis": "y",
          "double_drops": "true"
        }
      }
    }
  }
}