{
  "type": "minecraft:tree",
  "config": {
    "decorators": [
      {
        "type": "aether:holiday_tree_decorator",
        "provider": {
          "type": "minecraft:weighted_state_provider",
          "entries": [
            {
              "data": {
                "Name": "minecraft:snow",
                "Properties": {
                  "layers": "1"
                }
              },
              "weight": 10
            },
            {
              "data": {
                "Name": "aether:present"
              },
              "weight": 1
            }
          ]
        }
      }
    ],
    "dirt_provider": {
      "type": "minecraft:simple_state_provider",
      "state": {
        "Name": "minecraft:dirt"
      }
    },
    "foliage_placer": {
      "type": "aether:holiday_foliage_placer",
      "offset": 0,
      "radius": 0,
      "trunk_height": 8
    },
    "foliage_provider": {
      "type": "minecraft:weighted_state_provider",
      "entries": [
        {
          "data": {
            "Name": "aether:holiday_leaves",
            "Properties": {
              "distance": "7",
              "double_drops": "true",
              "persistent": "false",
              "waterlogged": "false"
            }
          },
          "weight": 4
        },
        {
          "data": {
            "Name": "aether:decorated_holiday_leaves",
            "Properties": {
              "distance": "7",
              "double_drops": "true",
              "persistent": "false",
              "waterlogged": "false"
            }
          },
          "weight": 1
        }
      ]
    },
    "force_dirt": false,
    "ignore_vines": true,
    "minimum_size": {
      "type": "minecraft:two_layers_feature_size",
      "limit": 1,
      "lower_size": 0,
      "upper_size": 1
    },
    "trunk_placer": {
      "type": "minecraft:straight_trunk_placer",
      "base_height": 9,
      "height_rand_a": 0,
      "height_rand_b": 0
    },
    "trunk_provider": {
      "type": "minecraft:simple_state_provider",
      "state": {
        "Name": "aether:skyroot_log",
        "Properties": {
          "axis": "y",
          "double_drops": "true"
        }
      }
    }
  }
}