{
  "type": "minecraft:random_selector",
  "config": {
    "default": {
      "feature": "aether:skyroot_tree",
      "placement": [
        {
          "type": "minecraft:block_predicate_filter",
          "predicate": {
            "type": "minecraft:would_survive",
            "state": {
              "Name": "aether:skyroot_sapling",
              "Properties": {
                "stage": "0"
              }
            }
          }
        }
      ]
    },
    "features": [
      {
        "chance": 0.01,
        "feature": {
          "feature": "aether:golden_oak_tree",
          "placement": [
            {
              "type": "minecraft:block_predicate_filter",
              "predicate": {
                "type": "minecraft:would_survive",
                "state": {
                  "Name": "aether:golden_oak_sapling",
                  "Properties": {
                    "stage": "0"
                  }
                }
              }
            }
          ]
        }
      }
    ]
  }
}