{
	"format_version": "1.8.0",
	"animations": {
		"animation.vespiquen.pose": {
			"loop": true,
			"bones": {
				"dress": {
					"rotation": [0, 0, 0]
				},
				"body": {
					"rotation": [7.5, 0, 0]
				},
				"arm_left": {
					"rotation": [0, 25, 32.5]
				},
				"wing_left": {
					"rotation": [0, -12.5, 0]
				},
				"arm_left2": {
					"rotation": [0, 60, 0]
				},
				"claw_left1": {
					"rotation": [0, 0, 27.5]
				},
				"claw_left2": {
					"rotation": [0, 0, 37.5]
				},
				"arm_right": {
					"rotation": [0, -25, -32.5]
				},
				"arm_right2": {
					"rotation": [0, -60, 0]
				},
				"claw_right1": {
					"rotation": [0, 0, -27.5]
				},
				"claw_right2": {
					"rotation": [0, 0, -37.5]
				},
				"wing_upper_left": {
					"rotation": [0, 2.5, -2.5]
				},
				"wing_lower_left": {
					"rotation": [0, 0, -7.5]
				},
				"wing_right": {
					"rotation": [0, 12.5, 0]
				},
				"wing_upper_right": {
					"rotation": [0, -2.5, 2.5]
				},
				"wing_lower_right": {
					"rotation": [0, 0, 7.5]
				}
			}
		},
		"animation.vespiquen.ground_idle": {
			"loop": true,
			"bones": {
				"body": {
					"rotation": [7.5, "math.sin(q.anim_time*90*1)*1", 0]
				},
				"arm_left": {
					"rotation": [0, 25, "32.5+(math.sin(q.anim_time*90*1)*3)"]
				},
				"wing_left": {
					"rotation": [0, -12.5, 0]
				},
				"arm_left2": {
					"rotation": [0, 60, 0]
				},
				"claw_left1": {
					"rotation": [0, 0, 27.5]
				},
				"claw_left2": {
					"rotation": [0, 0, 37.5]
				},
				"arm_right": {
					"rotation": [7.5, -25, "-32.5-(math.sin(q.anim_time*90*1)*3)"]
				},
				"arm_right2": {
					"rotation": [0, -60, 0]
				},
				"claw_right1": {
					"rotation": [0, 0, -27.5]
				},
				"claw_right2": {
					"rotation": [0, 0, -37.5]
				},
				"wing_upper_left": {
					"rotation": [0, -5, -2.5]
				},
				"wing_lower_left": {
					"rotation": [0, -5.5, -7.5]
				},
				"wing_right": {
					"rotation": [0, 12.5, 0]
				},
				"wing_upper_right": {
					"rotation": [0, 5, 2.5]
				},
				"wing_lower_right": {
					"rotation": [0, 5.5, 7.5]
				},
				"abdomen0": {
					"rotation": ["math.sin(q.anim_time*90*4-90)*2+math.sin(q.anim_time*90*2-90)*1", 0, 0]
				},
				"angry_eyes": {
					"scale": 0.5
				},
				"eyelids": {
					"scale": 0.5
				}
			}
		},
		"animation.vespiquen.battle_idle": {
			"loop": true,
			"bones": {
				"dress": {
					"rotation": ["math.sin(q.anim_time*90*4)*2+math.sin(q.anim_time*90*2)*1", 0, 0]
				},
				"body": {
					"rotation": [7.5, "math.sin(q.anim_time*90*1)*3", 0]
				},
				"arm_left": {
					"rotation": [0, 25, "32.5+(math.sin(q.anim_time*90*2)*4)"]
				},
				"wing_left": {
					"rotation": [0, -12.5, 0]
				},
				"arm_left2": {
					"rotation": [0, 60, 0]
				},
				"claw_left1": {
					"rotation": [0, 0, 27.5]
				},
				"claw_left2": {
					"rotation": [0, 0, 37.5]
				},
				"arm_right": {
					"rotation": [7.5, -25, "-32.5-(math.sin(q.anim_time*90*2)*4)"]
				},
				"arm_right2": {
					"rotation": [0, -60, 0]
				},
				"claw_right1": {
					"rotation": [0, 0, -27.5]
				},
				"claw_right2": {
					"rotation": [0, 0, -37.5]
				},
				"wing_upper_left": {
					"rotation": [0, "-5+(-45+30*(math.sin(q.anim_time*90*4*6)*1+1))", -2.5]
				},
				"wing_lower_left": {
					"rotation": [0, "-5.5+(-45+30*(math.sin(q.anim_time*90*4*6-10)*1+1))", -7.5]
				},
				"wing_right": {
					"rotation": [0, 12.5, 0]
				},
				"wing_upper_right": {
					"rotation": [0, "5+(45-30*(math.sin(q.anim_time*90*4*6)*1+1))", 2.5]
				},
				"wing_lower_right": {
					"rotation": [0, "5.5+(45-30*(math.sin(q.anim_time*90*4*6-10)*1+1))", 7.5]
				},
				"torso": {
					"rotation": ["math.sin(q.anim_time*90*2)*2", 0, 0],
					"position": [0, "math.sin(q.anim_time*90*1)*0.5+math.sin(q.anim_time*90*2)*1+0.5", "math.sin(q.anim_time*90*1)*0.5"]
				},
				"abdomen0": {
					"rotation": ["math.sin(q.anim_time*90*4-90)*2+math.sin(q.anim_time*90*2-90)*1", 0, 0]
				},
				"angry_eyes": {
					"scale": 1
				},
				"eyelids": {
					"scale": 0.5
				}
			}
		},
		"animation.vespiquen.air_idle": {
			"loop": true,
			"bones": {
				"dress": {
					"rotation": ["math.sin(q.anim_time*90*4)*2+math.sin(q.anim_time*90*2)*1", 0, 0]
				},
				"body": {
					"rotation": [7.5, "math.sin(q.anim_time*90*1)*3", 0]
				},
				"arm_left": {
					"rotation": [0, 25, "32.5+(math.sin(q.anim_time*90*2)*4)"]
				},
				"wing_left": {
					"rotation": [0, -12.5, 0]
				},
				"arm_left2": {
					"rotation": [0, 60, 0]
				},
				"claw_left1": {
					"rotation": [0, 0, 27.5]
				},
				"claw_left2": {
					"rotation": [0, 0, 37.5]
				},
				"arm_right": {
					"rotation": [7.5, -25, "-32.5-(math.sin(q.anim_time*90*2)*4)"]
				},
				"arm_right2": {
					"rotation": [0, -60, 0]
				},
				"claw_right1": {
					"rotation": [0, 0, -27.5]
				},
				"claw_right2": {
					"rotation": [0, 0, -37.5]
				},
				"wing_upper_left": {
					"rotation": [0, "-5+(-45+30*(math.sin(q.anim_time*90*4*6)*1+1))", -2.5]
				},
				"wing_lower_left": {
					"rotation": [0, "-5.5+(-45+30*(math.sin(q.anim_time*90*4*6-10)*1+1))", -7.5]
				},
				"wing_right": {
					"rotation": [0, 12.5, 0]
				},
				"wing_upper_right": {
					"rotation": [0, "5+(45-30*(math.sin(q.anim_time*90*4*6)*1+1))", 2.5]
				},
				"wing_lower_right": {
					"rotation": [0, "5.5+(45-30*(math.sin(q.anim_time*90*4*6-10)*1+1))", 7.5]
				},
				"torso": {
					"rotation": ["math.sin(q.anim_time*90*2)*2", 0, 0],
					"position": [0, "math.sin(q.anim_time*90*1)*0.5+math.sin(q.anim_time*90*2)*1+0.5", "math.sin(q.anim_time*90*1)*0.5"]
				},
				"abdomen0": {
					"rotation": ["math.sin(q.anim_time*90*4-90)*2+math.sin(q.anim_time*90*2-90)*1", 0, 0]
				},
				"angry_eyes": {
					"scale": 0.5
				},
				"eyelids": {
					"scale": 0.5
				}
			}
		},
		"animation.vespiquen.air_fly": {
			"loop": true,
			"bones": {
				"dress": {
					"rotation": ["27.5+(math.sin(q.anim_time*90*4)*4+math.sin(q.anim_time*90*2)*2)", 0, 0]
				},
				"body": {
					"rotation": ["(math.sin(q.anim_time*90*1)*6)", "math.sin(q.anim_time*90*2)*3", 0]
				},
				"arm_left": {
					"rotation": [0, 25, "32.5+(math.sin(q.anim_time*90*4)*4)"]
				},
				"wing_left": {
					"rotation": [0, -12.5, 0]
				},
				"arm_left2": {
					"rotation": [0, "66.875+(math.sin(q.anim_time*90*4)*4)", 0]
				},
				"claw_left1": {
					"rotation": [0, 0, 27.5]
				},
				"claw_left2": {
					"rotation": [0, 0, 37.5]
				},
				"arm_right": {
					"rotation": [7.5, -25, "-32.5-(math.sin(q.anim_time*90*4)*4)"]
				},
				"arm_right2": {
					"rotation": [0, "-66.875-(math.sin(q.anim_time*90*4)*4)", 0]
				},
				"claw_right1": {
					"rotation": [0, 0, -27.5]
				},
				"claw_right2": {
					"rotation": [0, 0, -37.5]
				},
				"wing_upper_left": {
					"rotation": [0, "-5+(-45+30*(math.sin(q.anim_time*90*4*6)*1.5+1))", -2.5]
				},
				"wing_lower_left": {
					"rotation": [0, "-5.5+(-45+30*(math.sin(q.anim_time*90*4*6-10)*1.5+1))", -7.5]
				},
				"wing_right": {
					"rotation": [0, 12.5, 0]
				},
				"wing_upper_right": {
					"rotation": [0, "5+(45-30*(math.sin(q.anim_time*90*4*6)*1.5+1))", 2.5]
				},
				"wing_lower_right": {
					"rotation": [0, "5.5+(45-30*(math.sin(q.anim_time*90*4*6-10)*1.5+1))", 7.5]
				},
				"torso": {
					"rotation": ["(math.sin(q.anim_time*90*2)*2)+12.25", 0, 0],
					"position": [0, "math.sin(q.anim_time*90*1)*0.5+math.sin(q.anim_time*90*2)*1+0.5", "math.sin(q.anim_time*90*1)*1"]
				},
				"abdomen0": {
					"rotation": ["(math.sin(q.anim_time*90*4-90)*4+math.sin(q.anim_time*90*2-90)*2)", 0, 0]
				},
				"angry_eyes": {
					"scale": 0.5
				},
				"eyelids": {
					"scale": 0.5
				}
			}
		},
		"animation.vespiquen.air_fast": {
			"loop": true,
			"bones": {
				"torso": {
					"rotation": ["80+(math.sin(q.anim_time*90*2)*2)", "(math.sin(q.anim_time*90*1)*2)", "(math.sin(q.anim_time*90*3)*2)"],
					"position": ["math.sin(q.anim_time*90*1)*0.5", "math.sin(q.anim_time*90*1)*0.375+math.sin(q.anim_time*90*2)*0.75+0.5", "math.sin(q.anim_time*90*1)*1"]
				},
				"body": {
					"rotation": [-35, "math.sin(q.anim_time*90*3)*2", 0]
				},
				"dress": {
					"rotation": ["5+(math.sin(q.anim_time*90*3)*2+math.sin(q.anim_time*90*2)*1)", 0, 0]
				},
				"east_jet": {
					"position": [0, -0.1, 0]
				},
				"east60_jet": {
					"position": [0, -0.1, 0]
				},
				"east60n_jet": {
					"position": [0, -0.1, 0]
				},
				"west_jet": {
					"position": [0, -0.1, 0]
				},
				"west60_jet": {
					"position": [0, -0.1, 0]
				},
				"west60n_jet": {
					"position": [0, -0.1, 0]
				},
				"arm_left": {
					"rotation": ["math.sin(q.anim_time*90*4)*4", 12.5, 55.5]
				},
				"arm_left2": {
					"rotation": [0, "66.875+(math.sin(q.anim_time*90*4)*4)", 0]
				},
				"arm_right": {
					"rotation": ["math.sin(q.anim_time*90*4)*4", -12.5, -55.5]
				},
				"arm_right2": {
					"rotation": [0, "-66.875-(math.sin(q.anim_time*90*4)*4)", 0]
				},
				"wing_upper_left": {
					"rotation": [0, "-5+(-45+30*(math.sin(q.anim_time*90*6*6)*1.5+1))", -2.5]
				},
				"wing_lower_left": {
					"rotation": [0, "-5.5+(-45+30*(math.sin(q.anim_time*90*6*6-10)*1.5+1))", -7.5]
				},
				"wing_upper_right": {
					"rotation": [0, "5+(45-30*(math.sin(q.anim_time*90*6*6)*1.5+1))", 2.5]
				},
				"wing_lower_right": {
					"rotation": [0, "5.5+(45-30*(math.sin(q.anim_time*90*6*6-10)*1.5+1))", 7.5]
				},
				"abdomen0": {
					"rotation": ["(math.sin(q.anim_time*90*3-90)*2+math.sin(q.anim_time*90*2.5-90)*1.5)", 0, "math.sin(q.anim_time*90*2-90)*1"]
				},
				"angry_eyes": {
					"scale": 0.5
				},
				"eyelids": {
					"scale": 0.5
				}
			}
		},
		"animation.vespiquen.sleep": {
			"loop": true,
			"bones": {
				"dress": {
					"rotation": [0, 0, 0]
				},
				"body": {
					"rotation": ["40+(math.sin(q.anim_time*90*0.5)*7.5)", 0, 0]
				},
				"arm_left": {
					"rotation": [0, 25, "32.5+(math.sin(q.anim_time*90*1)*3)"]
				},
				"wing_left": {
					"rotation": [0, -12.5, 0]
				},
				"arm_left2": {
					"rotation": [0, 80, 0]
				},
				"claw_left1": {
					"rotation": [0, 0, 27.5]
				},
				"claw_left2": {
					"rotation": [0, 0, 37.5]
				},
				"arm_right": {
					"rotation": [0, -25, "-32.5-(math.sin(q.anim_time*90*1)*3)"]
				},
				"arm_right2": {
					"rotation": [0, -77.5, 0]
				},
				"claw_right1": {
					"rotation": [0, 0, -27.5]
				},
				"claw_right2": {
					"rotation": [0, 0, -37.5]
				},
				"wing_upper_left": {
					"rotation": [0, 2.5, -2.5]
				},
				"wing_lower_left": {
					"rotation": [0, 0, -7.5]
				},
				"wing_right": {
					"rotation": [0, 12.5, 0]
				},
				"wing_upper_right": {
					"rotation": [0, -2.5, 2.5]
				},
				"wing_lower_right": {
					"rotation": [0, 0, 7.5]
				},
				"angry_eyes": {
					"scale": 0.5
				}
			}
		},
		"animation.vespiquen.sleep_flap": {
			"animation_length": 0.58333,
			"bones": {
				"wing_upper_left": {
					"rotation": {
						"0.0": {
							"post": [0, 0, 0],
							"lerp_mode": "catmullrom"
						},
						"0.1667": {
							"post": [0, -12.5, 0],
							"lerp_mode": "catmullrom"
						},
						"0.2917": {
							"post": [0, 0, 0],
							"lerp_mode": "catmullrom"
						},
						"0.4583": {
							"post": [0, -10, 0],
							"lerp_mode": "catmullrom"
						},
						"0.5833": {
							"post": [0, 0, 0],
							"lerp_mode": "catmullrom"
						}
					}
				},
				"wing_lower_left": {
					"rotation": {
						"0.0": {
							"post": [0, 0, 0],
							"lerp_mode": "catmullrom"
						},
						"0.1667": {
							"post": [0, -7.5, 0],
							"lerp_mode": "catmullrom"
						},
						"0.2917": {
							"post": [0, 0, 0],
							"lerp_mode": "catmullrom"
						},
						"0.4583": {
							"post": [0, -10, 0],
							"lerp_mode": "catmullrom"
						},
						"0.5833": {
							"post": [0, 0, 0],
							"lerp_mode": "catmullrom"
						}
					}
				},
				"wing_upper_right": {
					"rotation": {
						"0.0": {
							"post": [0, 0, 0],
							"lerp_mode": "catmullrom"
						},
						"0.1667": {
							"post": [0, 7.5, 0],
							"lerp_mode": "catmullrom"
						},
						"0.2917": {
							"post": [0, 0, 0],
							"lerp_mode": "catmullrom"
						},
						"0.4583": {
							"post": [0, 5, 0],
							"lerp_mode": "catmullrom"
						},
						"0.5833": {
							"post": [0, 0, 0],
							"lerp_mode": "catmullrom"
						}
					}
				},
				"wing_lower_right": {
					"rotation": {
						"0.0": {
							"post": [0, 0, 0],
							"lerp_mode": "catmullrom"
						},
						"0.1667": {
							"post": [0, 5, 0],
							"lerp_mode": "catmullrom"
						},
						"0.2917": {
							"post": [0, 0, 0],
							"lerp_mode": "catmullrom"
						},
						"0.4583": {
							"post": [0, 7.5, 0],
							"lerp_mode": "catmullrom"
						},
						"0.5833": {
							"post": [0, 0, 0],
							"lerp_mode": "catmullrom"
						}
					}
				}
			}
		},
		"animation.vespiquen.faint": {
			"animation_length": 3,
			"bones": {
				"dress": {
					"rotation": {
						"0.0": [0, 0, 0],
						"0.9583": {
							"pre": [0, 0, 0],
							"post": [0, 0, 0],
							"lerp_mode": "catmullrom"
						},
						"1.4167": {
							"post": [33.375, 0, 0],
							"lerp_mode": "catmullrom"
						},
						"1.6667": {
							"post": [25, 8.5, 0],
							"lerp_mode": "catmullrom"
						},
						"3.0": {
							"post": [20, 0, 0],
							"lerp_mode": "catmullrom"
						}
					}
				},
				"body": {
					"rotation": {
						"0.0": {
							"post": [7.5, 0, 0],
							"lerp_mode": "catmullrom"
						},
						"0.5": {
							"post": [-2.2386, 14.8687, 2.00307],
							"lerp_mode": "catmullrom"
						},
						"0.625": {
							"post": [-2, 14.875, 2],
							"lerp_mode": "catmullrom"
						},
						"0.7083": {
							"post": [1, 11, 2.5],
							"lerp_mode": "catmullrom"
						},
						"1.1667": {
							"post": [15, -5, 5],
							"lerp_mode": "catmullrom"
						},
						"1.4167": [0, 0, 5],
						"1.6667": {
							"pre": [-10, 0, 5],
							"post": [-10, 0, 5],
							"lerp_mode": "catmullrom"
						},
						"1.9583": {
							"post": [1.25, -2.5, 5],
							"lerp_mode": "catmullrom"
						},
						"3.0": {
							"post": [-1.25, -2.5, 5],
							"lerp_mode": "catmullrom"
						}
					}
				},
				"arm_left": {
					"rotation": {
						"0.0": {
							"post": [0, 25, 32.5],
							"lerp_mode": "catmullrom"
						},
						"0.2083": {
							"post": [-0.75, 20.5, 32.5],
							"lerp_mode": "catmullrom"
						},
						"0.5": {
							"post": [-2.4, 23, 45],
							"lerp_mode": "catmullrom"
						},
						"0.9167": {
							"post": [0, 27.5, 45],
							"lerp_mode": "catmullrom"
						},
						"1.5": {
							"post": [7.5, 125, 135],
							"lerp_mode": "catmullrom"
						},
						"3.0": {
							"post": [7.5, 125, 135],
							"lerp_mode": "catmullrom"
						}
					}
				},
				"wing_left": {
					"rotation": [0, -12.5, 0]
				},
				"arm_left2": {
					"rotation": [0, 60, 0]
				},
				"claw_left1": {
					"rotation": [0, 0, 27.5]
				},
				"claw_left2": {
					"rotation": [0, 0, 37.5]
				},
				"arm_right": {
					"rotation": {
						"0.0": {
							"post": [0, -25, -32.5],
							"lerp_mode": "catmullrom"
						},
						"0.25": {
							"post": [-31.25, -42.5, 10],
							"lerp_mode": "catmullrom"
						},
						"0.5833": {
							"post": [-62.5, -50, 63],
							"lerp_mode": "catmullrom"
						},
						"0.7083": {
							"post": [-62.5, -48.25, 68],
							"lerp_mode": "catmullrom"
						},
						"1.0": {
							"post": [-62.5, -49, 62],
							"lerp_mode": "catmullrom"
						},
						"1.2083": {
							"post": [-62.5, -48, 62],
							"lerp_mode": "catmullrom"
						},
						"1.5833": {
							"post": [85, -25, -32.5],
							"lerp_mode": "catmullrom"
						},
						"2.0": {
							"post": [96, -23, -39.5],
							"lerp_mode": "catmullrom"
						},
						"3.0": {
							"post": [85, -25, -32.5],
							"lerp_mode": "catmullrom"
						}
					}
				},
				"arm_right2": {
					"rotation": [0, -60, 0]
				},
				"claw_right1": {
					"rotation": [0, 0, -27.5]
				},
				"claw_right2": {
					"rotation": [0, 0, -37.5]
				},
				"wing_upper_left": {
					"rotation": {
						"0.0": [0, "2.5-45+30*(math.exp(q.anim_time*-2.25)*math.sin(q.anim_time*90*4*6)*1+1)", -2.5],
						"2.0": [0, -2.5, -2.5]
					}
				},
				"wing_lower_left": {
					"rotation": {
						"0.0": [0, "-45+30*(math.exp(q.anim_time*-2.25)*math.sin(q.anim_time*90*4*6)*1+1)", -7.5],
						"2.0": [0, 0, -7.5]
					}
				},
				"wing_right": {
					"rotation": [0, 12.5, 0]
				},
				"wing_upper_right": {
					"rotation": {
						"0.0": [0, "-2.5+45-30*(math.exp(q.anim_time*-2.25)*math.sin(q.anim_time*90*4*6)*1+1)", 2.5],
						"2.0": [0, 2.5, 2.5]
					}
				},
				"wing_lower_right": {
					"rotation": {
						"0.0": [0, "45-30*(math.exp(q.anim_time*-2.25)*math.sin(q.anim_time*90*4*6)*1+1)", 7.5],
						"2.0": [0, 0, 7.5]
					}
				},
				"torso": {
					"rotation": {
						"0.9583": {
							"pre": [0, 0, 0],
							"post": [0, 0, 0],
							"lerp_mode": "catmullrom"
						},
						"1.125": {
							"post": [6.25, -1.25, 0],
							"lerp_mode": "catmullrom"
						},
						"1.2917": {
							"post": [30.13, -1.42, 0],
							"lerp_mode": "catmullrom"
						},
						"1.4167": {
							"post": [87.5, -1.25, 0],
							"lerp_mode": "catmullrom"
						},
						"1.5": {
							"post": [98, 0.25, 0],
							"lerp_mode": "catmullrom"
						},
						"1.625": {
							"post": [90, 0, 0],
							"lerp_mode": "catmullrom"
						},
						"3.0": {
							"post": [91, 0, 0],
							"lerp_mode": "catmullrom"
						}
					},
					"position": {
						"0.9583": {
							"pre": [0, 0, 0],
							"post": [0, 0, 0],
							"lerp_mode": "catmullrom"
						},
						"1.125": {
							"post": [0, -1.4, -1.45],
							"lerp_mode": "catmullrom"
						},
						"1.2917": {
							"post": [0, -5.66, -4.5],
							"lerp_mode": "catmullrom"
						},
						"1.4167": {
							"post": [0, -11.22, -8],
							"lerp_mode": "catmullrom"
						},
						"1.5": {
							"post": [0, -13.5, -9.125],
							"lerp_mode": "catmullrom"
						},
						"1.625": {
							"post": [0, -12.56, -9],
							"lerp_mode": "catmullrom"
						},
						"3.0": {
							"post": [0, -12.5, -9],
							"lerp_mode": "catmullrom"
						}
					}
				},
				"abdomen0": {
					"rotation": {
						"1.125": [0, 0, 0],
						"1.4583": {
							"pre": [10, 0, 0],
							"post": [10, 0, 0],
							"lerp_mode": "catmullrom"
						},
						"1.75": {
							"post": [-12.5, 0, 0],
							"lerp_mode": "catmullrom"
						},
						"2.0417": {
							"post": [-7.5, 0, 0],
							"lerp_mode": "catmullrom"
						},
						"2.25": {
							"post": [-10, 0, 0],
							"lerp_mode": "catmullrom"
						},
						"2.4167": {
							"post": [-8.75, 0, 0],
							"lerp_mode": "catmullrom"
						},
						"2.5833": {
							"post": [-10.5, 0, 0],
							"lerp_mode": "catmullrom"
						},
						"3.0": {
							"post": [-10, 0, 0],
							"lerp_mode": "catmullrom"
						}
					}
				},
				"angry_eyes": {
					"scale": 0.5
				},
				"eyelids": {
					"scale": {
						"0.0": [0.5, 0.5, 0.5],
						"0.375": [1, 1, 1]
					}
				}
			}
		},
		"animation.vespiquen.blink": {
			"animation_length": 0.16667,
			"bones": {
				"angry_eyes": {
					"scale": 0.5
				},
				"eyelids": {
					"scale": {
						"0.0": [0, 0, 0],
						"0.0833": [1, 1, 1]
					}
				}
			}
		},
		"animation.vespiquen.angry_blink": {
			"animation_length": 0.16667,
			"bones": {
				"eyelids": {
					"scale": {
						"0.0": [0, 0, 0],
						"0.0833": [1, 1, 1]
					}
				}
			}
		}
	}
}