{
  "type": "choice",
  "keys": ["voltorb-ball"],
  "default": "random",
  "choices": [
	"base",
    "beast",
    "cherish",
    "dive",
    "dream",
    "dusk",
    "fast",
    "friend",
    "great",
    "heal",
    "heavy",
    "level",
    "love",
    "lure",
    "luxury",
    "master",
    "moon",
    "nest",
    "net",
    "park",
    "premier",
    "quick",
    "repeat",
    "safari",
    "sport",
    "timer",
    "ultra"
  ],
  "isAspect": true,
  "aspectFormat": "voltorb-ball-{{choice}}"
}