{
  "species": "cobblemon:raticate",
  "order": 2,
  "variations": [
    {"aspects": ["biomevar-base"],
    "layers": [
        {
        "name": "color",
        "texture": "cobblemon:textures/pokemon/0020_raticate/raticate_base.png"
        }
    ]
    },
    {"aspects": ["biomevar-base", "shiny"],
    "layers": [
        {
        "name": "color",
        "texture": "cobblemon:textures/pokemon/0020_raticate/raticate_base_shiny.png"
        }
    ]
    },
	{"aspects": ["biomevar-night"],
    "layers": [
        {
        "name": "color",
        "texture": "cobblemon:textures/pokemon/0020_raticate/raticate_night.png"
        }
    ]
    },
    {"aspects": ["biomevar-night", "shiny"],
    "layers": [
        {
        "name": "color",
        "texture": "cobblemon:textures/pokemon/0020_raticate/raticate_night_shiny.png"
        }
    ]
    },

	{"aspects": ["alolan"],
    "layers": [
        {
        "name": "color",
        "texture": "cobblemon:textures/pokemon/0020_raticate/raticate_alolan.png"
        }
    ]
    },
    {"aspects": ["alolan", "shiny"],
    "layers": [
        {
        "name": "color",
        "texture": "cobblemon:textures/pokemon/0020_raticate/raticate_alolan_shiny.png"
        }
    ]
    },

    {"aspects": ["rattata-body-nomittens"],
    "layers": [
        {
        "name": "body",
        "texture": "cobblemon:textures/pokemon/0020_raticate/body_nomittens.png"
        }
    ]
    },
    {"aspects": ["rattata-body-nomittens", "shiny"],
    "layers": [
        {
        "name": "body",
        "texture": "cobblemon:textures/pokemon/0020_raticate/body_nomittens_shiny.png"
        }
    ]
    },
    {"aspects": ["rattata-body-nomittens", "biomevar-night"],
    "layers": [
        {
        "name": "body",
        "texture": "cobblemon:textures/pokemon/0020_raticate/body_nomittens_night.png"
        }
    ]
    },
    {"aspects": ["rattata-body-nomittens", "shiny", "biomevar-night"],
    "layers": [
        {
        "name": "body",
        "texture": "cobblemon:textures/pokemon/0020_raticate/body_nomittens_night_shiny.png"
        }
    ]
	},
    {"aspects": ["rattata-body-nomittens", "alolan"],
    "layers": [
        {
        "name": "body",
        "texture": "cobblemon:textures/pokemon/0020_raticate/body_nomittens_alolan.png"
        }
    ]
    },
    {"aspects": ["rattata-body-nomittens", "shiny", "alolan"],
    "layers": [
        {
        "name": "body",
        "texture": "cobblemon:textures/pokemon/0020_raticate/body_nomittens_alolan_shiny.png"
        }
    ]
	},
    {"aspects": ["rattata-body-mittens1"],
    "layers": [
        {
        "name": "body",
        "texture": "cobblemon:textures/pokemon/0020_raticate/body_mittens1.png"
        }
    ]
    },
    {"aspects": ["rattata-body-mittens1", "shiny"],
    "layers": [
        {
        "name": "body",
        "texture": "cobblemon:textures/pokemon/0020_raticate/body_mittens1_shiny.png"
        }
    ]
    },
    {"aspects": ["rattata-body-mittens1", "alolan"],
    "layers": [
        {
        "name": "body",
        "texture": "cobblemon:textures/pokemon/0020_raticate/body_mittens1_alolan.png"
        }
    ]
    },
    {"aspects": ["rattata-body-mittens1", "shiny", "alolan"],
    "layers": [
        {
        "name": "body",
        "texture": "cobblemon:textures/pokemon/0020_raticate/body_mittens1_alolan_shiny.png"
        }
    ]
    },
    {"aspects": ["rattata-body-mittens1", "biomevar-night"],
    "layers": [
        {
        "name": "body",
        "texture": "cobblemon:textures/pokemon/0020_raticate/body_mittens1_night.png"
        }
    ]
    },
    {"aspects": ["rattata-body-mittens1", "shiny", "biomevar-night"],
    "layers": [
        {
        "name": "body",
        "texture": "cobblemon:textures/pokemon/0020_raticate/body_mittens1_night_shiny.png"
        }
    ]
    },
    {"aspects": ["rattata-body-mittens2"],
    "layers": [
        {
        "name": "body",
        "texture": "cobblemon:textures/pokemon/0020_raticate/body_mittens2.png"
        }
    ]
    },
    {"aspects": ["rattata-body-mittens2", "shiny"],
    "layers": [
        {
        "name": "body",
        "texture": "cobblemon:textures/pokemon/0020_raticate/body_mittens2_shiny.png"
        }
    ]
    },
    {"aspects": ["rattata-body-mittens2", "alolan"],
    "layers": [
        {
        "name": "body",
        "texture": "cobblemon:textures/pokemon/0020_raticate/body_mittens2_alolan.png"
        }
    ]
    },
    {"aspects": ["rattata-body-mittens2", "shiny", "alolan"],
    "layers": [
        {
        "name": "body",
        "texture": "cobblemon:textures/pokemon/0020_raticate/body_mittens2_alolan_shiny.png"
        }
    ]
    },
    {"aspects": ["rattata-body-mittens2", "biomevar-night"],
    "layers": [
        {
        "name": "body",
        "texture": "cobblemon:textures/pokemon/0020_raticate/body_mittens2_night.png"
        }
    ]
    },
    {"aspects": ["rattata-body-mittens2", "shiny", "biomevar-night"],
    "layers": [
        {
        "name": "body",
        "texture": "cobblemon:textures/pokemon/0020_raticate/body_mittens2_night_shiny.png"
        }
    ]
    },
    {"aspects": ["rattata-body-mittens3"],
    "layers": [
        {
        "name": "body",
        "texture": "cobblemon:textures/pokemon/0020_raticate/body_mittens3.png"
        }
    ]
    },
    {"aspects": ["rattata-body-mittens3", "shiny"],
    "layers": [
        {
        "name": "body",
        "texture": "cobblemon:textures/pokemon/0020_raticate/body_mittens3_shiny.png"
        }
    ]
    },
    {"aspects": ["rattata-body-mittens3", "alolan"],
    "layers": [
        {
        "name": "body",
        "texture": "cobblemon:textures/pokemon/0020_raticate/body_mittens3_alolan.png"
        }
    ]
    },
    {"aspects": ["rattata-body-mittens3", "shiny", "alolan"],
    "layers": [
        {
        "name": "body",
        "texture": "cobblemon:textures/pokemon/0020_raticate/body_mittens3_alolan_shiny.png"
        }
    ]
    },
    {"aspects": ["rattata-body-mittens3", "biomevar-night"],
    "layers": [
        {
        "name": "body",
        "texture": "cobblemon:textures/pokemon/0020_raticate/body_mittens3_night.png"
        }
    ]
    },
    {"aspects": ["rattata-body-mittens3", "shiny", "biomevar-night"],
    "layers": [
        {
        "name": "body",
        "texture": "cobblemon:textures/pokemon/0020_raticate/body_mittens3_night_shiny.png"
        }
    ]
    },
    {"aspects": ["rattata-body-mittens4"],
    "layers": [
        {
        "name": "body",
        "texture": "cobblemon:textures/pokemon/0020_raticate/body_mittens4.png"
        }
    ]
    },
    {"aspects": ["rattata-body-mittens4", "shiny"],
    "layers": [
        {
        "name": "body",
        "texture": "cobblemon:textures/pokemon/0020_raticate/body_mittens4_shiny.png"
        }
    ]
    },
    {"aspects": ["rattata-body-mittens4", "alolan"],
    "layers": [
        {
        "name": "body",
        "texture": "cobblemon:textures/pokemon/0020_raticate/body_mittens4_alolan.png"
        }
    ]
    },
    {"aspects": ["rattata-body-mittens4", "shiny", "alolan"],
    "layers": [
        {
        "name": "body",
        "texture": "cobblemon:textures/pokemon/0020_raticate/body_mittens4_alolan_shiny.png"
        }
    ]
    },
    {"aspects": ["rattata-body-mittens4", "biomevar-night"],
    "layers": [
        {
        "name": "body",
        "texture": "cobblemon:textures/pokemon/0020_raticate/body_mittens4_night.png"
        }
    ]
    },
    {"aspects": ["rattata-body-mittens4", "shiny", "biomevar-night"],
    "layers": [
        {
        "name": "body",
        "texture": "cobblemon:textures/pokemon/0020_raticate/body_mittens4_night_shiny.png"
        }
    ]
    },

    {"aspects": ["detail6-1"],
    "layers": [
        {
        "name": "detail",
        "texture": "cobblemon:textures/pokemon/0020_raticate/detail_nosnaggletooth.png"
        }
    ]
    },
    {"aspects": ["detail6-2"],
    "layers": [
        {
        "name": "detail",
        "texture": "cobblemon:textures/pokemon/0020_raticate/detail_nosnaggletooth.png"
        }
    ]
    },
    {"aspects": ["detail6-3"],
    "layers": [
        {
        "name": "detail",
        "texture": "cobblemon:textures/pokemon/0020_raticate/detail_nosnaggletooth.png"
        }
    ]
    },
    {"aspects": ["detail6-4"],
    "layers": [
        {
        "name": "detail",
        "texture": "cobblemon:textures/pokemon/0020_raticate/detail_nosnaggletooth.png"
        }
    ]
    },
    {"aspects": ["detail6-5"],
    "layers": [
        {
        "name": "detail",
        "texture": "cobblemon:textures/pokemon/0020_raticate/detail_nosnaggletooth.png"
        }
    ]
    },
	
	
	
    {"aspects": ["eyestype-aqua"],
    "layers": [
        {
        "name": "eyestype",
        "texture": "cobblemon:textures/pokemon/0020_raticate/eyestype_aqua.png"
        }
    ]
    },
    {"aspects": ["eyestype-blue"],
    "layers": [
        {
        "name": "eyestype",
        "texture": "cobblemon:textures/pokemon/0020_raticate/eyestype_blue.png"
        }
    ]
    },
    {"aspects": ["eyestype-extraone"],
    "layers": [
        {
        "name": "eyestype",
        "texture": "cobblemon:textures/pokemon/0020_raticate/eyestype_extraone.png"
        }
    ]
    },
    {"aspects": ["eyestype-green"],
    "layers": [
        {
        "name": "eyestype",
        "texture": "cobblemon:textures/pokemon/0020_raticate/eyestype_green.png"
        }
    ]
    },
    {"aspects": ["eyestype-magenta"],
    "layers": [
        {
        "name": "eyestype",
        "texture": "cobblemon:textures/pokemon/0020_raticate/eyestype_magenta.png"
        }
    ]
    },
    {"aspects": ["eyestype-orange"],
    "layers": [
        {
        "name": "eyestype",
        "texture": "cobblemon:textures/pokemon/0020_raticate/eyestype_orange.png"
        }
    ]
    },
    {"aspects": ["eyestype-pink"],
    "layers": [
        {
        "name": "eyestype",
        "texture": "cobblemon:textures/pokemon/0020_raticate/eyestype_pink.png"
        }
    ]
    },
    {"aspects": ["eyestype-purple"],
    "layers": [
        {
        "name": "eyestype",
        "texture": "cobblemon:textures/pokemon/0020_raticate/eyestype_purple.png"
        }
    ]
    },
    {"aspects": ["eyestype-silver"],
    "layers": [
        {
        "name": "eyestype",
        "texture": "cobblemon:textures/pokemon/0020_raticate/eyestype_silver.png"
        }
    ]
    },
    {"aspects": ["eyestype-red"],
    "layers": [
        {
        "name": "eyestype",
        "texture": "cobblemon:textures/pokemon/0020_raticate/eyestype_red.png"
        }
    ]
    },
    {"aspects": ["eyestype-aqua", "alolan"],
    "layers": [
        {
        "name": "eyestype",
        "texture": "cobblemon:textures/pokemon/0020_raticate/eyestype_aqua_alolan.png"
        }
    ]
    },
    {"aspects": ["eyestype-blue", "alolan"],
    "layers": [
        {
        "name": "eyestype",
        "texture": "cobblemon:textures/pokemon/0020_raticate/eyestype_blue_alolan.png"
        }
    ]
    },
    {"aspects": ["eyestype-extraone", "alolan"],
    "layers": [
        {
        "name": "eyestype",
        "texture": "cobblemon:textures/pokemon/0020_raticate/eyestype_extraone_alolan.png"
        }
    ]
    },
    {"aspects": ["eyestype-green", "alolan"],
    "layers": [
        {
        "name": "eyestype",
        "texture": "cobblemon:textures/pokemon/0020_raticate/eyestype_green_alolan.png"
        }
    ]
    },
    {"aspects": ["eyestype-magenta", "alolan"],
    "layers": [
        {
        "name": "eyestype",
        "texture": "cobblemon:textures/pokemon/0020_raticate/eyestype_magenta_alolan.png"
        }
    ]
    },
    {"aspects": ["eyestype-orange", "alolan"],
    "layers": [
        {
        "name": "eyestype",
        "texture": "cobblemon:textures/pokemon/0020_raticate/eyestype_orange_alolan.png"
        }
    ]
    },
    {"aspects": ["eyestype-pink", "alolan"],
    "layers": [
        {
        "name": "eyestype",
        "texture": "cobblemon:textures/pokemon/0020_raticate/eyestype_pink_alolan.png"
        }
    ]
    },
    {"aspects": ["eyestype-purple", "alolan"],
    "layers": [
        {
        "name": "eyestype",
        "texture": "cobblemon:textures/pokemon/0020_raticate/eyestype_purple_alolan.png"
        }
    ]
    },
    {"aspects": ["eyestype-silver", "alolan"],
    "layers": [
        {
        "name": "eyestype",
        "texture": "cobblemon:textures/pokemon/0020_raticate/eyestype_silver_alolan.png"
        }
    ]
    }
  ]
}