{
	"format_version": "1.12.0",
	"minecraft:geometry": [
		{
			"description": {
				"identifier": "geometry.burmy_sandy",
				"texture_width": 32,
				"texture_height": 32,
				"visible_bounds_width": 2,
				"visible_bounds_height": 2.5,
				"visible_bounds_offset": [0, 0.75, 0]
			},
			"bones": [
				{
					"name": "burmy_sandy",
					"pivot": [0, 0, 0]
				},
				{
					"name": "head",
					"parent": "burmy_sandy",
					"pivot": [0, 6, -1]
				},
				{
					"name": "base",
					"parent": "head",
					"pivot": [0, 6, -1],
					"cubes": [
						{"origin": [-3, 6, -2], "size": [6, 5, 5], "uv": [0, 0]}
					]
				},
				{
					"name": "second",
					"parent": "head",
					"pivot": [0, 6, -1],
					"cubes": [
						{"origin": [-1.95, 10.675, -1.4], "size": [4, 2, 4], "uv": [0, 10]}
					]
				},
				{
					"name": "third",
					"parent": "head",
					"pivot": [0.175, 8, -1],
					"cubes": [
						{"origin": [-1.05, 12, -1.075], "size": [3, 2, 3], "uv": [16, 10]}
					]
				},
				{
					"name": "fourth",
					"parent": "head",
					"pivot": [0, 6, -1],
					"cubes": [
						{"origin": [-0.1, 13.25, -0.625], "size": [2, 2, 2], "uv": [0, 16]}
					]
				},
				{
					"name": "topper",
					"parent": "head",
					"pivot": [0, 6, -1],
					"cubes": [
						{"origin": [0.675, 15.375, -0.075], "size": [1, 2, 1], "pivot": [0.875, 16.3, 0.35], "rotation": [0, 0, 21.5], "uv": [0, 22]}
					]
				},
				{
					"name": "mouth",
					"parent": "head",
					"pivot": [0, 6, -1],
					"cubes": [
						{"origin": [0, 6.025, -3.95], "size": [0, 3, 2], "uv": [9, 16]}
					]
				},
				{
					"name": "body",
					"parent": "burmy_sandy",
					"pivot": [0, -4, -1]
				},
				{
					"name": "body_1",
					"parent": "body",
					"pivot": [0, -4, -1],
					"cubes": [
						{"origin": [-2.475, 3.625, -1.525], "size": [5, 3, 4], "inflate": 0.2, "uv": [14, 16]}
					]
				},
				{
					"name": "body_2",
					"parent": "body",
					"pivot": [0, -4, -1],
					"cubes": [
						{"origin": [-2, 1.625, -1.55], "size": [4, 2, 4], "uv": [16, 26]}
					]
				},
				{
					"name": "body_3",
					"parent": "body",
					"pivot": [0, -4, -1],
					"cubes": [
						{"origin": [-1, 0, -0.525], "size": [2, 2, 2], "uv": [9, 28]}
					]
				},
				{
					"name": "stones",
					"parent": "body",
					"pivot": [0, -4, -1]
				},
				{
					"name": "stone_1",
					"parent": "stones",
					"pivot": [0, -4, -1],
					"cubes": [
						{"origin": [1.125, 4.25, -1.8], "size": [1, 1, 1], "pivot": [1.225, 4.75, -1.425], "rotation": [0, 0, 15.75], "uv": [19, 0]}
					]
				},
				{
					"name": "stone_2",
					"parent": "stones",
					"pivot": [-1.4, 5.15, -1.425],
					"rotation": [0, 0, -45.25],
					"cubes": [
						{"origin": [-1.9, 4.65, -1.675], "size": [1, 1, 1], "inflate": 0.1, "pivot": [-1.4, 5.15, -1.425], "rotation": [0, 0, 15.75], "uv": [19, 0]}
					]
				},
				{
					"name": "stone_3",
					"parent": "stones",
					"pivot": [0.025, 2.6, -1.425],
					"rotation": [0, 0, -19.25],
					"cubes": [
						{"origin": [-0.475, 2.1, -1.4], "size": [1, 1, 1], "inflate": 0.2, "pivot": [0.025, 2.6, -1.425], "rotation": [0, 0, 15.75], "uv": [19, 0]}
					]
				}
			]
		}
	]
}