{
	"format_version": "1.12.0",
	"minecraft:geometry": [
		{
			"description": {
				"identifier": "geometry.burmy",
				"texture_width": 32,
				"texture_height": 32,
				"visible_bounds_width": 2,
				"visible_bounds_height": 2.5,
				"visible_bounds_offset": [0, 0.75, 0]
			},
			"bones": [
				{
					"name": "burmy",
					"pivot": [0, 0, 0]
				},
				{
					"name": "head",
					"parent": "burmy",
					"pivot": [0, 6, -1]
				},
				{
					"name": "base",
					"parent": "head",
					"pivot": [0, 6, -1],
					"cubes": [
						{"origin": [-3, 6, -2], "size": [6, 5, 5], "uv": [0, 0]}
					]
				},
				{
					"name": "second",
					"parent": "head",
					"pivot": [0, 6, -1],
					"cubes": [
						{"origin": [-1.95, 10.675, -1.4], "size": [4, 2, 4], "uv": [0, 10]}
					]
				},
				{
					"name": "third",
					"parent": "head",
					"pivot": [0.175, 8, -1],
					"cubes": [
						{"origin": [-1.05, 12, -1.075], "size": [3, 2, 3], "uv": [16, 10]}
					]
				},
				{
					"name": "fourth",
					"parent": "head",
					"pivot": [0, 6, -1],
					"cubes": [
						{"origin": [-0.1, 13.25, -0.625], "size": [2, 2, 2], "uv": [0, 16]}
					]
				},
				{
					"name": "topper",
					"parent": "head",
					"pivot": [0, 6, -1],
					"cubes": [
						{"origin": [0.675, 15.375, -0.075], "size": [1, 2, 1], "pivot": [0.875, 16.3, 0.35], "rotation": [0, 0, 21.5], "uv": [15, 7]}
					]
				},
				{
					"name": "mouth",
					"parent": "head",
					"pivot": [0, 6, -1],
					"cubes": [
						{"origin": [0, 6.025, -3.95], "size": [0, 3, 2], "uv": [9, 16]}
					]
				},
				{
					"name": "head_leaves",
					"parent": "burmy",
					"pivot": [0, -4, -1]
				},
				{
					"name": "leaf_1",
					"parent": "head_leaves",
					"pivot": [0, -4, -1],
					"cubes": [
						{"origin": [-4, 8.1, -2.05], "size": [3, 4, 0], "pivot": [-2.5, 10, -2.075], "rotation": [0, 0, 39], "uv": [0, 24]}
					]
				},
				{
					"name": "leaf_2",
					"parent": "head_leaves",
					"pivot": [0, -4, -1],
					"cubes": [
						{"origin": [1, 8.1, -2.05], "size": [3, 4, 0], "pivot": [2.5, 10, -2.075], "rotation": [0, 0, -39], "uv": [0, 24], "mirror": true}
					]
				},
				{
					"name": "leaf_3",
					"parent": "head_leaves",
					"pivot": [2.38707, 5.57771, -2.05],
					"rotation": [0, 0, 18.25],
					"cubes": [
						{"origin": [0.95, 3.6, -2.05], "size": [3, 4, 0], "pivot": [2.45, 5.5, -2.075], "rotation": [0, 0, -39], "uv": [0, 24], "mirror": true}
					]
				},
				{
					"name": "leaf_4",
					"parent": "head_leaves",
					"pivot": [-2.38707, 5.57771, -2.05],
					"rotation": [0, 0, -18.25],
					"cubes": [
						{"origin": [-3.95, 3.6, -2.1], "size": [3, 4, 0], "pivot": [-2.45, 5.5, -2.075], "rotation": [0, 0, 39], "uv": [0, 24]}
					]
				},
				{
					"name": "leaf_5",
					"parent": "head_leaves",
					"pivot": [-0.06207, 5.17771, -2.05],
					"rotation": [0, 0, -38.25],
					"cubes": [
						{"origin": [-1.625, 3.2, -2.15], "size": [3, 4, 0], "pivot": [-0.125, 5.1, -2.075], "rotation": [0, 0, 39], "uv": [0, 24]}
					]
				},
				{
					"name": "leaf_6",
					"parent": "head_leaves",
					"pivot": [-3.93793, 5.17771, 0.85],
					"rotation": [0, 0, 38.25],
					"cubes": [
						{"origin": [-4.89548, 3.93944, 2.32808], "size": [3, 4, 0], "pivot": [-3.57048, 5.83944, 2.32808], "rotation": [89.21798, 71.53211, 58.00832], "uv": [0, 24], "mirror": true}
					]
				},
				{
					"name": "leaf_7",
					"parent": "head_leaves",
					"pivot": [-3.93793, 5.17771, -0.15],
					"rotation": [0, 0, 38.25],
					"cubes": [
						{"origin": [-5.21353, 4.07007, -0.7219], "size": [3, 4, 0], "pivot": [-3.56353, 5.84507, -0.7219], "rotation": [-89.36035, 67.21501, -120.66019], "uv": [0, 24], "mirror": true}
					]
				},
				{
					"name": "leaf_8",
					"parent": "head_leaves",
					"pivot": [-3.24949, 8.32089, -0.47233],
					"rotation": [0, 0, 38.25],
					"cubes": [
						{"origin": [-4.97709, 6.0246, -0.5719], "size": [3, 4, 0], "pivot": [-3.32709, 8.4496, -0.5719], "rotation": [-89.60666, 50.96563, -120.94439], "uv": [0, 24], "mirror": true}
					]
				},
				{
					"name": "leaf_9",
					"parent": "head_leaves",
					"pivot": [-3.24949, 8.32089, 1.47233],
					"rotation": [0, 0, 38.25],
					"cubes": [
						{"origin": [-4.97709, 6.0246, 1.5719], "size": [3, 4, 0], "pivot": [-3.32709, 8.4496, 1.5719], "rotation": [89.60666, -50.96563, -120.94439], "uv": [0, 24], "mirror": true}
					]
				},
				{
					"name": "leaf_10",
					"parent": "head_leaves",
					"pivot": [-3.24949, 9.87089, 1.47233],
					"rotation": [0, 0, 38.25],
					"cubes": [
						{"origin": [-4.97709, 7.5746, 1.5719], "size": [3, 4, 0], "pivot": [-3.32709, 9.9996, 1.5719], "rotation": [89.60666, -50.96563, -120.94439], "uv": [0, 24], "mirror": true}
					]
				},
				{
					"name": "leaf_11",
					"parent": "head_leaves",
					"pivot": [-3.24949, 9.99589, -0.47233],
					"rotation": [0, 0, 38.25],
					"cubes": [
						{"origin": [-4.97709, 7.6996, -0.5719], "size": [3, 4, 0], "pivot": [-3.32709, 10.1246, -0.5719], "rotation": [-89.60666, 50.96563, -120.94439], "uv": [0, 24], "mirror": true}
					]
				},
				{
					"name": "leaf_12",
					"parent": "head_leaves",
					"pivot": [3.93793, 5.17771, 0.85],
					"rotation": [0, 0, -38.25],
					"cubes": [
						{"origin": [1.92048, 3.98944, 2.32808], "size": [3, 4, 0], "pivot": [3.57048, 5.83944, 2.32808], "rotation": [89.21798, -71.53211, -58.00832], "uv": [0, 24]}
					]
				},
				{
					"name": "leaf_13",
					"parent": "head_leaves",
					"pivot": [3.93793, 5.17771, -0.15],
					"rotation": [0, 0, -38.25],
					"cubes": [
						{"origin": [2.21353, 4.09507, -0.7219], "size": [3, 4, 0], "pivot": [3.56353, 5.84507, -0.7219], "rotation": [-89.36035, -67.21501, 120.66019], "uv": [0, 24]}
					]
				},
				{
					"name": "leaf_14",
					"parent": "head_leaves",
					"pivot": [3.24949, 8.32089, -0.47233],
					"rotation": [0, 0, -38.25],
					"cubes": [
						{"origin": [1.97709, 6.0246, -0.5719], "size": [3, 4, 0], "pivot": [3.32709, 8.4496, -0.5719], "rotation": [-89.60666, -50.96563, 120.94439], "uv": [0, 24]}
					]
				},
				{
					"name": "leaf_15",
					"parent": "head_leaves",
					"pivot": [3.24949, 8.32089, 1.47233],
					"rotation": [0, 0, -38.25],
					"cubes": [
						{"origin": [1.97709, 6.0246, 1.5719], "size": [3, 4, 0], "pivot": [3.32709, 8.4496, 1.5719], "rotation": [89.60666, 50.96563, 120.94439], "uv": [0, 24]}
					]
				},
				{
					"name": "leaf_16",
					"parent": "head_leaves",
					"pivot": [3.24949, 9.87089, 1.47233],
					"rotation": [0, 0, -38.25],
					"cubes": [
						{"origin": [1.97709, 7.5746, 1.5719], "size": [3, 4, 0], "pivot": [3.32709, 9.9996, 1.5719], "rotation": [89.60666, 50.96563, 120.94439], "uv": [0, 24]}
					]
				},
				{
					"name": "leaf_17",
					"parent": "head_leaves",
					"pivot": [3.24949, 9.99589, -0.47233],
					"rotation": [0, 0, -38.25],
					"cubes": [
						{"origin": [1.97709, 7.6996, -0.5719], "size": [3, 4, 0], "pivot": [3.32709, 10.1246, -0.5719], "rotation": [-89.60666, -50.96563, 120.94439], "uv": [0, 24]}
					]
				},
				{
					"name": "leaf_18",
					"parent": "head_leaves",
					"pivot": [-1.96207, 5.57771, 3.4],
					"rotation": [0, 0, -18.25],
					"cubes": [
						{"origin": [-3.525, 3.6, 3.35], "size": [3, 4, 0], "pivot": [-2.025, 5.5, 3.375], "rotation": [8.89397, -3.35228, 38.73922], "uv": [0, 24]}
					]
				},
				{
					"name": "leaf_19",
					"parent": "head_leaves",
					"pivot": [1.96207, 5.57771, 3.4],
					"rotation": [0, 0, 18.25],
					"cubes": [
						{"origin": [0.525, 3.6, 3.35], "size": [3, 4, 0], "pivot": [2.025, 5.5, 3.375], "rotation": [8.89397, 3.35228, -38.73922], "uv": [0, 24], "mirror": true}
					]
				},
				{
					"name": "leaf_20",
					"parent": "head_leaves",
					"pivot": [-0.03793, 5.57771, 3.55],
					"rotation": [0, 0, 38.75],
					"cubes": [
						{"origin": [-1.475, 3.6, 3.55], "size": [3, 4, 0], "pivot": [0.025, 5.5, 3.575], "rotation": [9.49991, 0.04126, -38.99657], "uv": [0, 24], "mirror": true}
					]
				},
				{
					"name": "leaf_21",
					"parent": "head_leaves",
					"pivot": [-1.96207, 8.07771, 3.4],
					"rotation": [0, 0, -18.25],
					"cubes": [
						{"origin": [-3.525, 6.1, 3.35], "size": [3, 4, 0], "pivot": [-2.025, 8, 3.375], "rotation": [8.89397, -3.35228, 38.73922], "uv": [0, 24]}
					]
				},
				{
					"name": "leaf_22",
					"parent": "head_leaves",
					"pivot": [1.96207, 8.10271, 3.4],
					"rotation": [0, 0, 18.25],
					"cubes": [
						{"origin": [0.525, 6.125, 3.35], "size": [3, 4, 0], "pivot": [2.025, 8.025, 3.375], "rotation": [8.89397, 3.35228, -38.73922], "uv": [0, 24], "mirror": true}
					]
				},
				{
					"name": "leaf_23",
					"parent": "head_leaves",
					"pivot": [-0.03793, 8.07771, 3.55],
					"rotation": [0, 0, 38.75],
					"cubes": [
						{"origin": [-1.475, 6.1, 3.55], "size": [3, 4, 0], "pivot": [0.025, 8, 3.575], "rotation": [9.49991, 0.04126, -38.99657], "uv": [0, 24], "mirror": true}
					]
				},
				{
					"name": "leaf_24",
					"parent": "head_leaves",
					"pivot": [-2.11207, 9.37771, 3.4],
					"rotation": [0, 0, -18.25],
					"cubes": [
						{"origin": [-3.675, 7.4, 3.35], "size": [3, 4, 0], "pivot": [-2.175, 9.3, 3.375], "rotation": [8.89397, -3.35228, 38.73922], "uv": [0, 24]}
					]
				},
				{
					"name": "leaf_25",
					"parent": "head_leaves",
					"pivot": [2.03707, 9.50271, 3.4],
					"rotation": [0, 0, 18.25],
					"cubes": [
						{"origin": [0.6, 7.525, 3.35], "size": [3, 4, 0], "pivot": [2.1, 9.425, 3.375], "rotation": [8.89397, 3.35228, -38.73922], "uv": [0, 24], "mirror": true}
					]
				},
				{
					"name": "leaf_26",
					"parent": "head_leaves",
					"pivot": [-0.03793, 9.32771, 3.55],
					"rotation": [0, 0, 38.75],
					"cubes": [
						{"origin": [-1.475, 7.35, 3.55], "size": [3, 4, 0], "pivot": [0.025, 9.25, 3.575], "rotation": [9.49991, 0.04126, -38.99657], "uv": [0, 24], "mirror": true}
					]
				},
				{
					"name": "body",
					"parent": "burmy",
					"pivot": [0, -4, -1]
				},
				{
					"name": "body_1",
					"parent": "body",
					"pivot": [0, -4, -1],
					"cubes": [
						{"origin": [-2, 4.625, -1.525], "size": [4, 2, 4], "inflate": 0.4, "uv": [16, 16]}
					]
				},
				{
					"name": "body_2",
					"parent": "body",
					"pivot": [0, -4, -1],
					"cubes": [
						{"origin": [-1.975, 2.225, -1.55], "size": [4, 2, 4], "uv": [16, 22]}
					]
				},
				{
					"name": "body_3",
					"parent": "body",
					"pivot": [0, -4, -1],
					"cubes": [
						{"origin": [-1, 0.625, -0.55], "size": [2, 2, 2], "uv": [19, 28]}
					]
				},
				{
					"name": "legs",
					"parent": "burmy",
					"pivot": [0, -4, -1]
				},
				{
					"name": "leg_l",
					"parent": "legs",
					"pivot": [0, -4, -1],
					"cubes": [
						{"origin": [-2.9, -0.175, 0.225], "size": [1, 3, 1], "pivot": [-2.5, 0.5, -1.5], "rotation": [0, 0, 38.25], "uv": [24, 0]}
					]
				},
				{
					"name": "leg_r",
					"parent": "legs",
					"pivot": [0, -4, -1],
					"cubes": [
						{"origin": [1.9, -0.175, 0.225], "size": [1, 3, 1], "pivot": [2.5, 0.5, -1.5], "rotation": [0, 0, -38.25], "uv": [24, 0], "mirror": true}
					]
				}
			]
		}
	]
}