{
  "species": "cobblemon:voltorb",
  "order": 2,
  "variations": [	
    {"aspects": ["voltorb-ball-base"],
    "layers": [
        {
        "name": "voltorb",
        "texture": "cobblemon:textures/pokemon/0100_voltorb/base.png",
        "emissive": false
        }
    ]
    },
    {"aspects": ["voltorb-ball-base", "shiny"],
    "layers": [
        {
        "name": "voltorb",
        "texture": "cobblemon:textures/pokemon/0100_voltorb/base_shiny.png",
        "emissive": false
        }
    ]
    },
    {"aspects": ["voltorb-ball-beast"],
    "layers": [
        {
        "name": "voltorb",
        "texture": "cobblemon:textures/pokemon/0100_voltorb/beast.png",
        "emissive": false
        }
    ]
    },
    {"aspects": ["voltorb-ball-beast", "shiny"],
    "layers": [
        {
        "name": "voltorb",
        "texture": "cobblemon:textures/pokemon/0100_voltorb/beast_shiny.png",
        "emissive": false
        }
    ]
    },
    {"aspects": ["voltorb-ball-cherish"],
    "layers": [
        {
        "name": "voltorb",
        "texture": "cobblemon:textures/pokemon/0100_voltorb/cherish.png",
        "emissive": false
        }
    ]
    },
    {"aspects": ["voltorb-ball-cherish", "shiny"],
    "layers": [
        {
        "name": "voltorb",
        "texture": "cobblemon:textures/pokemon/0100_voltorb/cherish_shiny.png",
        "emissive": false
        }
    ]
    },
    {"aspects": ["voltorb-ball-dive"],
    "layers": [
        {
        "name": "voltorb",
        "texture": "cobblemon:textures/pokemon/0100_voltorb/dive.png",
        "emissive": false
        }
    ]
    },
    {"aspects": ["voltorb-ball-dive", "shiny"],
    "layers": [
        {
        "name": "voltorb",
        "texture": "cobblemon:textures/pokemon/0100_voltorb/dive_shiny.png",
        "emissive": false
        }
    ]
    },
    {"aspects": ["voltorb-ball-dream"],
    "layers": [
        {
        "name": "voltorb",
        "texture": "cobblemon:textures/pokemon/0100_voltorb/dream.png",
        "emissive": false
        }
    ]
    },
    {"aspects": ["voltorb-ball-dream", "shiny"],
    "layers": [
        {
        "name": "voltorb",
        "texture": "cobblemon:textures/pokemon/0100_voltorb/dream_shiny.png",
        "emissive": false
        }
    ]
    },
    {"aspects": ["voltorb-ball-dusk"],
    "layers": [
        {
        "name": "voltorb",
        "texture": "cobblemon:textures/pokemon/0100_voltorb/dusk.png",
        "emissive": false
        }
    ]
    },
    {"aspects": ["voltorb-ball-dusk", "shiny"],
    "layers": [
        {
        "name": "voltorb",
        "texture": "cobblemon:textures/pokemon/0100_voltorb/dusk_shiny.png",
        "emissive": false
        }
    ]
    },
    {"aspects": ["voltorb-ball-fast"],
    "layers": [
        {
        "name": "voltorb",
        "texture": "cobblemon:textures/pokemon/0100_voltorb/fast.png",
        "emissive": false
        }
    ]
    },
    {"aspects": ["voltorb-ball-fast", "shiny"],
    "layers": [
        {
        "name": "voltorb",
        "texture": "cobblemon:textures/pokemon/0100_voltorb/fast_shiny.png",
        "emissive": false
        }
    ]
    },
    {"aspects": ["voltorb-ball-friend"],
    "layers": [
        {
        "name": "voltorb",
        "texture": "cobblemon:textures/pokemon/0100_voltorb/friend.png",
        "emissive": false
        }
    ]
    },
    {"aspects": ["voltorb-ball-friend", "shiny"],
    "layers": [
        {
        "name": "voltorb",
        "texture": "cobblemon:textures/pokemon/0100_voltorb/friend_shiny.png",
        "emissive": false
        }
    ]
    },
    {"aspects": ["voltorb-ball-great"],
    "layers": [
        {
        "name": "voltorb",
        "texture": "cobblemon:textures/pokemon/0100_voltorb/great.png",
        "emissive": false
        }
    ]
    },
    {"aspects": ["voltorb-ball-great", "shiny"],
    "layers": [
        {
        "name": "voltorb",
        "texture": "cobblemon:textures/pokemon/0100_voltorb/great_shiny.png",
        "emissive": false
        }
    ]
    },
    {"aspects": ["voltorb-ball-heal"],
    "layers": [
        {
        "name": "voltorb",
        "texture": "cobblemon:textures/pokemon/0100_voltorb/heal.png",
        "emissive": false
        }
    ]
    },
    {"aspects": ["voltorb-ball-heal", "shiny"],
    "layers": [
        {
        "name": "voltorb",
        "texture": "cobblemon:textures/pokemon/0100_voltorb/heal_shiny.png",
        "emissive": false
        }
    ]
    },
    {"aspects": ["voltorb-ball-heavy"],
    "layers": [
        {
        "name": "voltorb",
        "texture": "cobblemon:textures/pokemon/0100_voltorb/heavy.png",
        "emissive": false
        }
    ]
    },
    {"aspects": ["voltorb-ball-heavy", "shiny"],
    "layers": [
        {
        "name": "voltorb",
        "texture": "cobblemon:textures/pokemon/0100_voltorb/heavy_shiny.png",
        "emissive": false
        }
    ]
    },
    {"aspects": ["voltorb-ball-level"],
    "layers": [
        {
        "name": "voltorb",
        "texture": "cobblemon:textures/pokemon/0100_voltorb/level.png",
        "emissive": false
        }
    ]
    },
    {"aspects": ["voltorb-ball-level", "shiny"],
    "layers": [
        {
        "name": "voltorb",
        "texture": "cobblemon:textures/pokemon/0100_voltorb/level_shiny.png",
        "emissive": false
        }
    ]
    },
    {"aspects": ["voltorb-ball-love"],
    "layers": [
        {
        "name": "voltorb",
        "texture": "cobblemon:textures/pokemon/0100_voltorb/love.png",
        "emissive": false
        }
    ]
    },
    {"aspects": ["voltorb-ball-love", "shiny"],
    "layers": [
        {
        "name": "voltorb",
        "texture": "cobblemon:textures/pokemon/0100_voltorb/love_shiny.png",
        "emissive": false
        }
    ]
    },
    {"aspects": ["voltorb-ball-lure"],
    "layers": [
        {
        "name": "voltorb",
        "texture": "cobblemon:textures/pokemon/0100_voltorb/lure.png",
        "emissive": false
        }
    ]
    },
    {"aspects": ["voltorb-ball-lure", "shiny"],
    "layers": [
        {
        "name": "voltorb",
        "texture": "cobblemon:textures/pokemon/0100_voltorb/lure_shiny.png",
        "emissive": false
        }
    ]
    },
    {"aspects": ["voltorb-ball-luxury"],
    "layers": [
        {
        "name": "voltorb",
        "texture": "cobblemon:textures/pokemon/0100_voltorb/luxury.png",
        "emissive": false
        }
    ]
    },
    {"aspects": ["voltorb-ball-luxury", "shiny"],
    "layers": [
        {
        "name": "voltorb",
        "texture": "cobblemon:textures/pokemon/0100_voltorb/luxury_shiny.png",
        "emissive": false
        }
    ]
    },
    {"aspects": ["voltorb-ball-master"],
    "layers": [
        {
        "name": "voltorb",
        "texture": "cobblemon:textures/pokemon/0100_voltorb/master.png",
        "emissive": false
        }
    ]
    },
    {"aspects": ["voltorb-ball-master", "shiny"],
    "layers": [
        {
        "name": "voltorb",
        "texture": "cobblemon:textures/pokemon/0100_voltorb/master_shiny.png",
        "emissive": false
        }
    ]
    },
    {"aspects": ["voltorb-ball-moon"],
    "layers": [
        {
        "name": "voltorb",
        "texture": "cobblemon:textures/pokemon/0100_voltorb/moon.png",
        "emissive": false
        }
    ]
    },
    {"aspects": ["voltorb-ball-moon", "shiny"],
    "layers": [
        {
        "name": "voltorb",
        "texture": "cobblemon:textures/pokemon/0100_voltorb/moon_shiny.png",
        "emissive": false
        }
    ]
    },
    {"aspects": ["voltorb-ball-nest"],
    "layers": [
        {
        "name": "voltorb",
        "texture": "cobblemon:textures/pokemon/0100_voltorb/nest.png",
        "emissive": false
        }
    ]
    },
    {"aspects": ["voltorb-ball-nest", "shiny"],
    "layers": [
        {
        "name": "voltorb",
        "texture": "cobblemon:textures/pokemon/0100_voltorb/nest_shiny.png",
        "emissive": false
        }
    ]
    },
    {"aspects": ["voltorb-ball-net"],
    "layers": [
        {
        "name": "voltorb",
        "texture": "cobblemon:textures/pokemon/0100_voltorb/net.png",
        "emissive": false
        }
    ]
    },
    {"aspects": ["voltorb-ball-net", "shiny"],
    "layers": [
        {
        "name": "voltorb",
        "texture": "cobblemon:textures/pokemon/0100_voltorb/net_shiny.png",
        "emissive": false
        }
    ]
    },
    {"aspects": ["voltorb-ball-park"],
    "layers": [
        {
        "name": "voltorb",
        "texture": "cobblemon:textures/pokemon/0100_voltorb/park.png",
        "emissive": false
        }
    ]
    },
    {"aspects": ["voltorb-ball-park", "shiny"],
    "layers": [
        {
        "name": "voltorb",
        "texture": "cobblemon:textures/pokemon/0100_voltorb/park_shiny.png",
        "emissive": false
        }
    ]
    },
    {"aspects": ["voltorb-ball-premier"],
    "layers": [
        {
        "name": "voltorb",
        "texture": "cobblemon:textures/pokemon/0100_voltorb/premier.png",
        "emissive": false
        }
    ]
    },
    {"aspects": ["voltorb-ball-premier", "shiny"],
    "layers": [
        {
        "name": "voltorb",
        "texture": "cobblemon:textures/pokemon/0100_voltorb/premier_shiny.png",
        "emissive": false
        }
    ]
    },
    {"aspects": ["voltorb-ball-quick"],
    "layers": [
        {
        "name": "voltorb",
        "texture": "cobblemon:textures/pokemon/0100_voltorb/quick.png",
        "emissive": false
        }
    ]
    },
    {"aspects": ["voltorb-ball-quick", "shiny"],
    "layers": [
        {
        "name": "voltorb",
        "texture": "cobblemon:textures/pokemon/0100_voltorb/quick_shiny.png",
        "emissive": false
        }
    ]
    },
    {"aspects": ["voltorb-ball-repeat"],
    "layers": [
        {
        "name": "voltorb",
        "texture": "cobblemon:textures/pokemon/0100_voltorb/repeat.png",
        "emissive": false
        }
    ]
    },
    {"aspects": ["voltorb-ball-repeat", "shiny"],
    "layers": [
        {
        "name": "voltorb",
        "texture": "cobblemon:textures/pokemon/0100_voltorb/repeat_shiny.png",
        "emissive": false
        }
    ]
    },
    {"aspects": ["voltorb-ball-safari"],
    "layers": [
        {
        "name": "voltorb",
        "texture": "cobblemon:textures/pokemon/0100_voltorb/safari.png",
        "emissive": false
        }
    ]
    },
    {"aspects": ["voltorb-ball-safari", "shiny"],
    "layers": [
        {
        "name": "voltorb",
        "texture": "cobblemon:textures/pokemon/0100_voltorb/safari_shiny.png",
        "emissive": false
        }
    ]
    },
    {"aspects": ["voltorb-ball-sport"],
    "layers": [
        {
        "name": "voltorb",
        "texture": "cobblemon:textures/pokemon/0100_voltorb/sport.png",
        "emissive": false
        }
    ]
    },
    {"aspects": ["voltorb-ball-sport", "shiny"],
    "layers": [
        {
        "name": "voltorb",
        "texture": "cobblemon:textures/pokemon/0100_voltorb/sport_shiny.png",
        "emissive": false
        }
    ]
    },
    {"aspects": ["voltorb-ball-timer"],
    "layers": [
        {
        "name": "voltorb",
        "texture": "cobblemon:textures/pokemon/0100_voltorb/timer.png",
        "emissive": false
        }
    ]
    },
    {"aspects": ["voltorb-ball-timer", "shiny"],
    "layers": [
        {
        "name": "voltorb",
        "texture": "cobblemon:textures/pokemon/0100_voltorb/timer_shiny.png",
        "emissive": false
        }
    ]
    },
    {"aspects": ["voltorb-ball-ultra"],
    "layers": [
        {
        "name": "voltorb",
        "texture": "cobblemon:textures/pokemon/0100_voltorb/ultra.png",
        "emissive": false
        }
    ]
    },
    {"aspects": ["voltorb-ball-ultra", "shiny"],
    "layers": [
        {
        "name": "voltorb",
        "texture": "cobblemon:textures/pokemon/0100_voltorb/ultra_shiny.png",
        "emissive": false
        }
    ]
    },
	
	{"aspects": ["hisuian"],
    "layers": [
        {
        "name": "voltorb",
        "texture": "cobblemon:textures/pokemon/none.png"
        }
    ]
    }
  ]
}