{
  "type": "aether:gold_dungeon",
  "belowTerrain": 20,
  "biomes": "#aether:has_gold_dungeon",
  "minY": 40,
  "rangeY": 60,
  "spawn_overrides": {
    "aether_aerwhale": {
      "bounding_box": "full",
      "spawns": []
    },
    "aether_darkness_monster": {
      "bounding_box": "full",
      "spawns": []
    },
    "aether_sky_monster": {
      "bounding_box": "full",
      "spawns": []
    },
    "aether_surface_monster": {
      "bounding_box": "full",
      "spawns": []
    },
    "ambient": {
      "bounding_box": "full",
      "spawns": []
    },
    "axolotls": {
      "bounding_box": "full",
      "spawns": []
    },
    "creature": {
      "bounding_box": "full",
      "spawns": []
    },
    "misc": {
      "bounding_box": "full",
      "spawns": []
    },
    "monster": {
      "bounding_box": "full",
      "spawns": []
    },
    "underground_water_creature": {
      "bounding_box": "full",
      "spawns": []
    },
    "water_ambient": {
      "bounding_box": "full",
      "spawns": []
    },
    "water_creature": {
      "bounding_box": "full",
      "spawns": []
    }
  },
  "step": "surface_structures",
  "stubcount": 8
}