{
	"format_version": "1.12.0",
	"minecraft:geometry": [
		{
			"description": {
				"identifier": "geometry.unknown",
				"texture_width": 64,
				"texture_height": 64,
				"visible_bounds_width": 3,
				"visible_bounds_height": 3.5,
				"visible_bounds_offset": [0, 1.25, 0]
			},
			"bones": [
				{
					"name": "body",
					"pivot": [0, 6, -1],
					"rotation": [-2.5, 0, 0],
					"cubes": [
						{"origin": [-4, 14, -4], "size": [10, 10, 10], "uv": [0, 0]},
						{"origin": [0, 21, -2], "size": [2, 9, 2], "pivot": [0, 2, 0], "rotation": [-10, 0, 0], "uv": [8, 30]},
						{"origin": [0, 8, -2], "size": [2, 9, 2], "pivot": [0, 2, 0], "rotation": [-10, 0, 0], "uv": [8, 30]},
						{"origin": [0, 22, -4], "size": [2, 9, 2], "pivot": [0, 2, 0], "rotation": [-10, 0, 0], "uv": [0, 30]},
						{"origin": [0, 6, -4], "size": [2, 9, 2], "pivot": [0, 2, 0], "rotation": [-10, 0, 0], "uv": [8, 30]},
						{"origin": [0, 23, -2], "size": [2, 4, 2], "pivot": [0, 6, -1], "rotation": [-2.5, -1, 0], "uv": [22, 24]},
						{"origin": [0, 11, 1], "size": [2, 4, 2], "pivot": [0, 6, -1], "rotation": [-2.5, -1, 0], "uv": [38, 0]},
						{"origin": [-12, 18, 0], "size": [9, 2, 2], "uv": [0, 20]},
						{"origin": [5, 18, 0], "size": [9, 2, 2], "uv": [0, 20]},
						{"origin": [-11, 18, -1], "size": [8, 2, 1], "uv": [0, 24]},
						{"origin": [-11, 18, 2], "size": [8, 1, 1], "uv": [0, 28]},
						{"origin": [5, 18, -1], "size": [8, 2, 1], "uv": [0, 24]},
						{"origin": [5, 18, 2], "size": [8, 1, 1], "uv": [0, 28]},
						{"origin": [4, 22, 0], "size": [2, 5, 2], "pivot": [0, 6, -1], "rotation": [5, 0, -27.5], "uv": [26, 32]},
						{"origin": [4, 22, 2], "size": [2, 5, 1], "pivot": [0, 6, -1], "rotation": [5, 0, -27.5], "uv": [31, 24]},
						{"origin": [-4, 23, 0], "size": [2, 6, 2], "pivot": [0, 6, -1], "rotation": [0, 0, 27.5], "uv": [17, 31]},
						{"origin": [-4, 23, 2], "size": [2, 5, 1], "pivot": [0, 6, -1], "rotation": [0, 0, 27.5], "uv": [15, 40]},
						{"origin": [8, 6, 0], "size": [2, 6, 2], "pivot": [0, 6, -1], "rotation": [0, 0, -27.5], "uv": [17, 31]},
						{"origin": [8, 7, 2], "size": [2, 5, 1], "pivot": [0, 6, -1], "rotation": [0, 0, -27.5], "uv": [31, 24]},
						{"origin": [-8, 7, 0], "size": [2, 6, 2], "pivot": [0, 6, -1], "rotation": [2.5, 0, 27.5], "uv": [17, 31]},
						{"origin": [-8, 8, 2], "size": [2, 5, 1], "pivot": [0, 6, -1], "rotation": [2.5, 0, 27.5], "uv": [15, 40]}
					]
				},
				{
					"name": "eye_right",
					"parent": "body",
					"pivot": [0, 6, -1],
					"cubes": [
						{"origin": [-4, 18, -4.01], "size": [3, 3, 0], "uv": [27, 20]}
					]
				},
				{
					"name": "eye_left",
					"parent": "body",
					"pivot": [0, 6, -1],
					"cubes": [
						{"origin": [3, 18, -4.01], "size": [3, 3, 0], "uv": [30, 20]}
					]
				}
			]
		}
	]
}