{
	"format_version": "1.8.0",
	"animations": {
		"animation.seviper.ground_idle": {
			"loop": true,
			"bones": {
				"head": {
					"rotation": ["15-math.sin(q.anim_time*120*1+120)*2", "math.sin(q.anim_time*120*1+120)*2", "math.sin(q.anim_time*120*1+120)*2"]
				},
				"tongue": {
					"position": [0, 0, 7]
				},
				"torso": {
					"rotation": ["-math.sin(q.anim_time*120*1+120)*2", 0, 0]
				},
				"body": {
					"rotation": ["math.sin(q.anim_time*90*2+90)*1", 0, 0]
				},
				"body2": {
					"rotation": [0, 0, "-math.sin(q.anim_time*120*1+120)*6"]
				},
				"body3": {
					"rotation": [0, 0, "math.sin(q.anim_time*120*1+120)*6"]
				},
				"body4": {
					"rotation": [0, 0, "-math.sin(q.anim_time*120*1+120)*6"]
				},
				"body5": {
					"rotation": [0, 0, "math.sin(q.anim_time*120*1+120)*6"]
				},
				"tail": {
					"rotation": ["math.sin(q.anim_time*120*1+120)*2", 0, 0]
				},
				"tail2": {
					"rotation": ["-math.sin(q.anim_time*45*1+45)*3", 0, "-math.sin(q.anim_time*45*1+45)*3"]
				},
				"tail3": {
					"rotation": [0, 0, "math.sin(q.anim_time*120*1+120)*6"]
				},
				"tail_sting": {
					"rotation": [0, 0, "-math.sin(q.anim_time*120*1+120)*6"]
				}
			}
		}
	}
}