{
  "target": "cobblemon:kyogre",

  "baseScale":0.7,
  "hitbox": {
    "width": 12,
    "height": 4.5,
    "fixed": false
  },

  "behaviour": {
      "moving": {
        "canLook": true,
        "walk": {
          "walkSpeed": 0.2,
          "canWalk": true,
          "avoidsLand": false
        },
      "fly": {
        "canFly": false
      },
      "swim": {
        "swimSpeed": 0.5,
        "canSwimInWater": true,
        "canBreatheUnderwater": true
      }
    }
  }
}