{
    "head": "body",
    "portraitScale": 1.25,
    "portraitTranslation": [
        -0.25,
        1.25,
        0
    ],
    "profileScale": 0.8,
    "profileTranslation": [
        0,
        1.2,
        0
    ],
    "poses": {
        "standing": {
            "poseName": "standing",
            "transformTicks": 10,
            "poseTypes": [
                "STAND",
                "NONE",
                "PORTRAIT",
                "PROFILE"
            ],
            "animations": [
                "bedrock(eelektross, ground_idle)"
            ]
        },
        "walking": {
            "poseName": "walking",
            "transformTicks": 10,
            "poseTypes": [
                "WALK"
            ],
            "animations": [
                "bedrock(eelektross, ground_walk)"
            ]
        }
    }
}