{
    "head": "head",
    "cry": "bedrock(milotic, cry)",
    "portraitScale": 1.5,
    "portraitTranslation": [
        0,
        1.2,
        0
    ],
    "profileScale": 0.7,
    "profileTranslation": [
        0.05,
        0.6,
        0
    ],
    "poses": {
        "standing": {
            "poseName": "standing",
            "transformTicks": 10,
            "poseTypes": [
                "STAND",
                "NONE",
                "PORTRAIT",
                "PROFILE"
            ],
            "animations": [
                "bedrock(milotic, ground_idle)"
            ]
        },
        "walking": {
            "poseName": "walking",
            "transformTicks": 10,
            "poseTypes": [
                "WALK"
            ],
            "animations": [
                "bedrock(milotic, ground_walk)"
            ]
        }
    }
}