{
   "enabled": true,
   "neededInstalledMods": [],
   "neededUninstalledMods": [],
   "spawns": [
       {
           "id": "groudon-1",
           "pokemon": "groudon",
           "presets": [
               "natural"
           ],
           "type": "pokemon",
           "context": "grounded",
           "bucket": "ultra-rare",
           "level": "70-100",
           "weight": 0.1,
           "condition": {
               "isRaining": false,
               "biomes": [
                   "#minecraft:is_badlands"
               ]
           }
       }
   ]
}