{
	"format_version": "1.12.0",
	"minecraft:geometry": [
		{
			"description": {
				"identifier": "geometry.vespiquen",
				"texture_width": 128,
				"texture_height": 128,
				"visible_bounds_width": 4,
				"visible_bounds_height": 3.5,
				"visible_bounds_offset": [0, 1.25, 0]
			},
			"bones": [
				{
					"name": "vespiquen",
					"pivot": [0, 0, 0]
				},
				{
					"name": "torso",
					"parent": "vespiquen",
					"pivot": [0, 18, 0],
					"cubes": [
						{"origin": [-1.5, 12.5, -1.5], "size": [3, 9, 3], "uv": [25, 73]}
					]
				},
				{
					"name": "body",
					"parent": "torso",
					"pivot": [0, 19, 0],
					"cubes": [
						{"origin": [-4.5, 19, -4], "size": [9, 7, 7], "uv": [0, 17]},
						{"origin": [-4.625, 22, 2.125], "size": [2, 3, 1], "uv": [0, 50]},
						{"origin": [2.625, 22, 2.125], "size": [2, 3, 1], "uv": [0, 46]}
					]
				},
				{
					"name": "head",
					"parent": "body",
					"pivot": [0, 23, -1],
					"cubes": [
						{"origin": [-3.5, 20, -6], "size": [7, 7, 7], "uv": [72, 96]},
						{"origin": [-1.5, 25, -9], "size": [0, 2, 3], "uv": [72, 96]},
						{"origin": [1.5, 25, -9], "size": [0, 2, 3], "uv": [71, 93]}
					]
				},
				{
					"name": "angry_eyes",
					"parent": "head",
					"pivot": [0, 23, -1],
					"cubes": [
						{"origin": [1.5, 21, -6], "size": [2, 4, 1], "inflate": 0.001, "uv": [6, 89]},
						{"origin": [-3.5, 21, -6], "size": [2, 4, 1], "inflate": 0.001, "uv": [0, 89]}
					]
				},
				{
					"name": "eyelids",
					"parent": "head",
					"pivot": [0, 23, -1],
					"cubes": [
						{"origin": [1.5, 21, -6], "size": [2, 4, 1], "inflate": 0.001, "uv": [6, 94]},
						{"origin": [-3.5, 21, -6], "size": [2, 4, 1], "inflate": 0.001, "uv": [0, 94]}
					]
				},
				{
					"name": "arm_left",
					"parent": "body",
					"pivot": [4.5, 20.5, -0.5],
					"cubes": [
						{"origin": [3.5, 20, -1], "size": [7, 1, 1], "uv": [12, 74]}
					]
				},
				{
					"name": "arm_left2",
					"parent": "arm_left",
					"pivot": [10.5, 20.5, 0],
					"cubes": [
						{"origin": [10.5, 19.5, -2], "size": [6, 2, 2], "uv": [80, 51]}
					]
				},
				{
					"name": "claw_left1",
					"parent": "arm_left2",
					"pivot": [16.5, 21, -1.5],
					"cubes": [
						{"origin": [16.25, 20.3, -1.5], "size": [2, 1, 0], "uv": [24, 9]}
					]
				},
				{
					"name": "claw_left2",
					"parent": "arm_left2",
					"pivot": [16.5, 21, -0.5],
					"cubes": [
						{"origin": [16.25, 20.3, -0.5], "size": [2, 1, 0], "uv": [24, 8]}
					]
				},
				{
					"name": "arm_right",
					"parent": "body",
					"pivot": [-4.5, 20.5, -0.5],
					"cubes": [
						{"origin": [-10.5, 20, -1], "size": [7, 1, 1], "uv": [60, 65]}
					]
				},
				{
					"name": "arm_right2",
					"parent": "arm_right",
					"pivot": [-10.5, 20.5, 0],
					"cubes": [
						{"origin": [-16.5, 19.5, -2], "size": [6, 2, 2], "uv": [37, 80]}
					]
				},
				{
					"name": "claw_right1",
					"parent": "arm_right2",
					"pivot": [-16.5, 20.75, -1.5],
					"cubes": [
						{"origin": [-18.25, 20.3, -1.5], "size": [2, 1, 0], "uv": [0, 23]}
					]
				},
				{
					"name": "claw_right2",
					"parent": "arm_right2",
					"pivot": [-16.5, 20.75, -0.5],
					"cubes": [
						{"origin": [-18.25, 20.3, -0.5], "size": [2, 1, 0], "uv": [5, 7]}
					]
				},
				{
					"name": "wing_left",
					"parent": "body",
					"pivot": [3.5, 24, 3.125]
				},
				{
					"name": "wing_upper_left",
					"parent": "wing_left",
					"pivot": [3.5, 24, 3.125],
					"cubes": [
						{"origin": [3.5, 24, 3.125], "size": [10, 7, 0], "uv": [72, 38]}
					]
				},
				{
					"name": "wing_lower_left",
					"parent": "wing_left",
					"pivot": [3.5, 22.5, 3.125],
					"cubes": [
						{"origin": [3.5, 20.5, 3.125], "size": [7, 4, 0], "uv": [63, 80]}
					]
				},
				{
					"name": "wing_right",
					"parent": "body",
					"pivot": [-3.5, 24, 3.125]
				},
				{
					"name": "wing_upper_right",
					"parent": "wing_right",
					"pivot": [-3.5, 24, 3.125],
					"cubes": [
						{"origin": [-13.5, 24, 3.125], "size": [10, 7, 0], "uv": [72, 22]}
					]
				},
				{
					"name": "wing_lower_right",
					"parent": "wing_right",
					"pivot": [-3.5, 22.5, 3.125],
					"cubes": [
						{"origin": [-10.5, 20.5, 3.125], "size": [7, 4, 0], "uv": [80, 55]}
					]
				},
				{
					"name": "dress",
					"parent": "torso",
					"pivot": [0, 15, 0]
				},
				{
					"name": "east",
					"parent": "dress",
					"pivot": [0, 0, 0],
					"cubes": [
						{"origin": [-10, 0.002, -4], "size": [6, 7, 8], "uv": [44, 30]}
					]
				},
				{
					"name": "east_black",
					"parent": "east",
					"pivot": [-10, 7, -4],
					"rotation": [0, 0, 30],
					"cubes": [
						{"origin": [-10, 7.001, -4], "size": [6, 6, 8], "inflate": -0.005, "uv": [0, 60]}
					]
				},
				{
					"name": "east_yellow",
					"parent": "east",
					"pivot": [-6.99913, 12.19665, -0.001],
					"rotation": [0, 0, -25],
					"cubes": [
						{"origin": [-6.99913, 12.19565, -4], "size": [7, 0, 8], "uv": [60, 0]}
					]
				},
				{
					"name": "east_jet",
					"parent": "east",
					"pivot": [-7, 0.097, 0],
					"cubes": [
						{"origin": [-9, 0.097, -3], "size": [4, 0, 6], "uv": [72, 65]}
					]
				},
				{
					"name": "east60",
					"parent": "dress",
					"pivot": [0, 0, 0],
					"rotation": [0, -60, 0],
					"cubes": [
						{"origin": [-10, -0.002, -4], "size": [6, 7, 8], "uv": [20, 38]}
					]
				},
				{
					"name": "east60_black",
					"parent": "east60",
					"pivot": [-10, 7, 0],
					"rotation": [0, 0, 30],
					"cubes": [
						{"origin": [-10, 7, -4], "size": [6, 6, 8], "inflate": -0.005, "uv": [40, 59]}
					]
				},
				{
					"name": "east60_yellow",
					"parent": "east60",
					"pivot": [-6.99913, 12.19665, -0.001],
					"rotation": [0, 0, -25],
					"cubes": [
						{"origin": [-6.99913, 12.19565, -4], "size": [7, 0, 8], "uv": [56, 8]}
					]
				},
				{
					"name": "east60_jet",
					"parent": "east60",
					"pivot": [-7, -1.9, 0],
					"cubes": [
						{"origin": [-9, 0.093, -3], "size": [4, 0, 6], "uv": [22, 67]}
					]
				},
				{
					"name": "east60n",
					"parent": "dress",
					"pivot": [0, 0, 0],
					"rotation": [0, 60, 0],
					"cubes": [
						{"origin": [-10, -0.002, -4], "size": [6, 7, 8], "uv": [24, 23]}
					]
				},
				{
					"name": "east60n_black",
					"parent": "east60n",
					"pivot": [-10, 7, 0],
					"rotation": [0, 0, 30],
					"cubes": [
						{"origin": [-10, 7, -4], "size": [6, 6, 8], "inflate": -0.005, "uv": [40, 45]}
					]
				},
				{
					"name": "east60n_yellow",
					"parent": "east60n",
					"pivot": [-6.99913, 12.19665, -0.001],
					"rotation": [0, 0, -25],
					"cubes": [
						{"origin": [-6.99913, 12.19565, -4], "size": [7, 0, 8], "uv": [46, 0]}
					]
				},
				{
					"name": "east60n_jet",
					"parent": "east60n",
					"pivot": [-7, -1.9, 0],
					"cubes": [
						{"origin": [-9, 0.093, -3], "size": [4, 0, 6], "uv": [19, 17]}
					]
				},
				{
					"name": "west",
					"parent": "dress",
					"pivot": [0, 0, 0],
					"cubes": [
						{"origin": [4, -0.002, -4], "size": [6, 7, 8], "uv": [44, 15]}
					]
				},
				{
					"name": "west_black",
					"parent": "west",
					"pivot": [10, 7, 0],
					"rotation": [0, 0, -30],
					"cubes": [
						{"origin": [4, 7, -4], "size": [6, 6, 8], "inflate": -0.005, "uv": [60, 51]}
					]
				},
				{
					"name": "west_yellow",
					"parent": "west",
					"pivot": [6.99913, 12.19665, -0.001],
					"rotation": [0, 0, 25],
					"cubes": [
						{"origin": [-0.00087, 12.19565, -4], "size": [7, 0, 8], "uv": [56, 30]}
					]
				},
				{
					"name": "west_jet",
					"parent": "west",
					"pivot": [7, -1.9, 0],
					"cubes": [
						{"origin": [5, 0.093, -3], "size": [4, 0, 6], "uv": [72, 45]}
					]
				},
				{
					"name": "west60",
					"parent": "dress",
					"pivot": [0, 0, 0],
					"rotation": [0, -60, 0],
					"cubes": [
						{"origin": [4, 0.002, -4], "size": [6, 7, 8], "uv": [34, 0]}
					]
				},
				{
					"name": "west60_black",
					"parent": "west60",
					"pivot": [10, 7, 0],
					"rotation": [0, 0, -30],
					"cubes": [
						{"origin": [4, 7, -4], "size": [6, 6, 8], "inflate": -0.005, "uv": [20, 53]}
					]
				},
				{
					"name": "west60_yellow",
					"parent": "west60",
					"pivot": [6.99913, 12.19665, -0.001],
					"rotation": [0, 0, 25],
					"cubes": [
						{"origin": [-0.00087, 12.19565, -4], "size": [7, 0, 8], "uv": [26, 15]}
					]
				},
				{
					"name": "west60_jet",
					"parent": "west60",
					"pivot": [7, 0.097, 0],
					"cubes": [
						{"origin": [5, 0.097, -3], "size": [4, 0, 6], "uv": [72, 29]}
					]
				},
				{
					"name": "west60n",
					"parent": "dress",
					"pivot": [0, 0, 0],
					"rotation": [0, 60, 0],
					"cubes": [
						{"origin": [4, 0.002, -4], "size": [6, 7, 8], "uv": [0, 31]}
					]
				},
				{
					"name": "west60n_black",
					"parent": "west60n",
					"pivot": [10, 7, 0],
					"rotation": [0, 0, -30],
					"cubes": [
						{"origin": [4.0005, 7.00087, -4], "size": [6, 6, 8], "inflate": -0.005, "uv": [0, 46]}
					]
				},
				{
					"name": "west60n_yellow",
					"parent": "west60n",
					"pivot": [6.99913, 12.19665, -0.001],
					"rotation": [0, 0, 25],
					"cubes": [
						{"origin": [-0.00087, 12.19565, -4], "size": [7, 0, 8], "uv": [16, 0]}
					]
				},
				{
					"name": "west60n_jet",
					"parent": "west60n",
					"pivot": [7, 0.097, 0],
					"cubes": [
						{"origin": [5, 0.097, -3], "size": [4, 0, 6], "uv": [72, 8]}
					]
				},
				{
					"name": "abdomen0",
					"parent": "dress",
					"pivot": [0, 9.25, 0]
				},
				{
					"name": "abdomen",
					"parent": "abdomen0",
					"pivot": [0, 9.25, 0],
					"rotation": [0, -45, 0],
					"cubes": [
						{"origin": [-2.5, 2.25, -2.5], "size": [5, 7, 5], "uv": [63, 68]},
						{"origin": [-2, 1.25, -2], "size": [4, 1, 4], "uv": [0, 74]}
					]
				}
			]
		}
	]
}