{
  "carvers": {},
  "creature_spawn_probability": 0.1,
  "downfall": 0.0,
  "effects": {
    "fog_color": 9671612,
    "foliage_color": 11665355,
    "grass_color": 11665355,
    "music": {
      "max_delay": 24000,
      "min_delay": 12000,
      "replace_current_music": true,
      "sound": "aether:music.aether"
    },
    "sky_color": 12632319,
    "water_color": 4159204,
    "water_fog_color": 329011
  },
  "features": [
    [
      "aether:quicksoil_shelf"
    ],
    [
      "aether:water_lake"
    ],
    [],
    [],
    [],
    [],
    [
      "aether:aether_dirt_ore",
      "aether:icestone_ore",
      "aether:ambrosium_ore",
      "aether:zanite_ore",
      "aether:gravitite_ore_buried",
      "aether:gravitite_ore"
    ],
    [],
    [
      "aether:water_spring"
    ],
    [
      "aether:skyroot_grove_trees",
      "aether:holiday_tree",
      "aether:grass_patch",
      "aether:tall_grass_patch",
      "aether:white_flower_patch",
      "aether:purple_flower_patch",
      "aether:berry_bush_patch"
    ],
    [
      "aether:crystal_island",
      "aether:cold_aercloud",
      "aether:blue_aercloud",
      "aether:golden_aercloud"
    ]
  ],
  "has_precipitation": false,
  "spawn_costs": {
    "aether:aechor_plant": {
      "charge": 0.4,
      "energy_budget": 0.11
    },
    "aether:aerwhale": {
      "charge": 0.5,
      "energy_budget": 0.11
    },
    "aether:blue_swet": {
      "charge": 0.5,
      "energy_budget": 0.1
    },
    "aether:cockatrice": {
      "charge": 0.5,
      "energy_budget": 0.15
    },
    "aether:evil_whirlwind": {
      "charge": 0.4,
      "energy_budget": 0.1
    },
    "aether:golden_swet": {
      "charge": 0.5,
      "energy_budget": 0.1
    },
    "aether:whirlwind": {
      "charge": 0.4,
      "energy_budget": 0.1
    },
    "aether:zephyr": {
      "charge": 0.6,
      "energy_budget": 0.16
    }
  },
  "spawners": {
    "aether_aerwhale": [
      {
        "type": "aether:aerwhale",
        "maxCount": 1,
        "minCount": 1,
        "weight": 10
      }
    ],
    "aether_darkness_monster": [
      {
        "type": "aether:cockatrice",
        "maxCount": 1,
        "minCount": 1,
        "weight": 8
      }
    ],
    "aether_sky_monster": [
      {
        "type": "aether:zephyr",
        "maxCount": 1,
        "minCount": 1,
        "weight": 20
      }
    ],
    "aether_surface_monster": [
      {
        "type": "aether:aechor_plant",
        "maxCount": 1,
        "minCount": 1,
        "weight": 7
      },
      {
        "type": "aether:blue_swet",
        "maxCount": 1,
        "minCount": 1,
        "weight": 6
      },
      {
        "type": "aether:golden_swet",
        "maxCount": 1,
        "minCount": 1,
        "weight": 6
      },
      {
        "type": "aether:whirlwind",
        "maxCount": 1,
        "minCount": 1,
        "weight": 3
      },
      {
        "type": "aether:evil_whirlwind",
        "maxCount": 1,
        "minCount": 1,
        "weight": 1
      }
    ],
    "ambient": [],
    "axolotls": [],
    "creature": [
      {
        "type": "aether:phyg",
        "maxCount": 4,
        "minCount": 3,
        "weight": 10
      },
      {
        "type": "aether:sheepuff",
        "maxCount": 4,
        "minCount": 3,
        "weight": 12
      },
      {
        "type": "aether:flying_cow",
        "maxCount": 5,
        "minCount": 2,
        "weight": 12
      },
      {
        "type": "aether:aerbunny",
        "maxCount": 3,
        "minCount": 3,
        "weight": 11
      },
      {
        "type": "aether:moa",
        "maxCount": 3,
        "minCount": 1,
        "weight": 8
      }
    ],
    "misc": [],
    "monster": [],
    "underground_water_creature": [],
    "water_ambient": [],
    "water_creature": []
  },
  "temperature": 0.8
}